variable,comparison,n,time_min,t,p_uncorrected,p_fdr,sig_fdr,p_cluster,sig_cluster
emotional_intensity_z,state,18,0.0,4.613559224341023,0.0002477984765177,0.0002477984765177,True,7.62939453125e-06,True
emotional_intensity_z,state,18,0.0666666666666666,4.82272320492249,0.0001590434386512,0.0001601108442797,True,7.62939453125e-06,True
emotional_intensity_z,state,18,0.1333333333333333,5.002619084226626,0.0001089794459017,0.0001104521411165,True,7.62939453125e-06,True
emotional_intensity_z,state,18,0.2,5.198001728789516,7.256500125713342e-05,7.404591965013614e-05,True,7.62939453125e-06,True
emotional_intensity_z,state,18,0.2666666666666666,5.3979288000922105,4.8078801555545566e-05,4.939602899542353e-05,True,7.62939453125e-06,True
emotional_intensity_z,state,18,0.3333333333333333,5.604250319080204,3.159744908392954e-05,3.268701629372021e-05,True,7.62939453125e-06,True
emotional_intensity_z,state,18,0.4,5.797946333593366,2.1410048507343755e-05,2.230213386181641e-05,True,7.62939453125e-06,True
emotional_intensity_z,state,18,0.4666666666666667,5.988493703592192,1.4668607322821012e-05,1.5386651037924137e-05,True,7.62939453125e-06,True
emotional_intensity_z,state,18,0.5333333333333333,6.184769987133998,9.986278982663076e-06,1.0548886249291984e-05,True,7.62939453125e-06,True
emotional_intensity_z,state,18,0.6,6.402418157223719,6.5594110928390135e-06,6.978096907275547e-06,True,7.62939453125e-06,True
emotional_intensity_z,state,18,0.6666666666666666,6.622586827813216,4.315716211408408e-06,4.623981655080438e-06,True,7.62939453125e-06,True
emotional_intensity_z,state,18,0.7333333333333333,6.839366116545836,2.8763658578476515e-06,3.10399193292912e-06,True,7.62939453125e-06,True
emotional_intensity_z,state,18,0.8,7.055527695564424,1.9315570963656663e-06,2.0995185830061598e-06,True,7.62939453125e-06,True
emotional_intensity_z,state,18,0.8666666666666667,7.26940851848196,1.3107108177315025e-06,1.435084836932302e-06,True,7.62939453125e-06,True
emotional_intensity_z,state,18,0.9333333333333332,7.472735424704484,9.117975494546422e-07,1.0056590618985025e-06,True,7.62939453125e-06,True
emotional_intensity_z,state,18,1.0,7.675423718643184,6.385135805127985e-07,7.094595339031095e-07,True,7.62939453125e-06,True
emotional_intensity_z,state,18,1.0666666666666669,7.902259384026483,4.313184973366504e-07,4.82819213436549e-07,True,7.62939453125e-06,True
emotional_intensity_z,state,18,1.1333333333333333,8.132962052733198,2.914070268045701e-07,3.286545415089137e-07,True,7.62939453125e-06,True
emotional_intensity_z,state,18,1.2,8.37042940887398,1.9601599309326378e-07,2.227454466968907e-07,True,7.62939453125e-06,True
emotional_intensity_z,state,18,1.2666666666666666,8.586023840613953,1.375953104688519e-07,1.5755188221624264e-07,True,7.62939453125e-06,True
emotional_intensity_z,state,18,1.3333333333333333,8.778395513317047,1.0082460066631009e-07,1.1815382890583213e-07,True,7.62939453125e-06,True
emotional_intensity_z,state,18,1.4,8.949881830567792,7.670563977917683e-08,9.809084046725433e-08,True,7.62939453125e-06,True
emotional_intensity_z,state,18,1.4666666666666666,9.138092226146725,5.704971066347052e-08,7.640586249571946e-08,True,7.62939453125e-06,True
emotional_intensity_z,state,18,1.5333333333333334,9.296697177888271,4.4596251587143944e-08,6.310790318935463e-08,True,7.62939453125e-06,True
emotional_intensity_z,state,18,1.6,9.487551542789245,3.3285562873404706e-08,5.0947290112354135e-08,True,7.62939453125e-06,True
emotional_intensity_z,state,18,1.6666666666666667,9.66294337043192,2.55314941916186e-08,4.208488053563505e-08,True,7.62939453125e-06,True
emotional_intensity_z,state,18,1.7333333333333334,9.834431316096838,1.9764554971370603e-08,3.4473060996576634e-08,True,7.62939453125e-06,True
emotional_intensity_z,state,18,1.8,10.007353628600937,1.53168728788929e-08,2.768109556426428e-08,True,7.62939453125e-06,True
emotional_intensity_z,state,18,1.8666666666666667,10.213543966833464,1.1348983527482236e-08,2.1824968322081226e-08,True,7.62939453125e-06,True
emotional_intensity_z,state,18,1.9333333333333331,10.421990937815366,8.419209986928106e-09,1.7299746548482412e-08,True,7.62939453125e-06,True
emotional_intensity_z,state,18,2.0,10.639507963116728,6.194236444191176e-09,1.34657314004156e-08,True,7.62939453125e-06,True
emotional_intensity_z,state,18,2.066666666666667,10.84340243648288,4.6655622116526096e-09,1.0603550481028658e-08,True,7.62939453125e-06,True
emotional_intensity_z,state,18,2.1333333333333333,11.021033649281527,3.6568164527371604e-09,8.570663561102721e-09,True,7.62939453125e-06,True
emotional_intensity_z,state,18,2.2,11.19785184083782,2.8779315934634342e-09,7.076880967533034e-09,True,7.62939453125e-06,True
emotional_intensity_z,state,18,2.2666666666666666,11.366748584128343,2.2956194763253628e-09,5.836320702522109e-09,True,7.62939453125e-06,True
emotional_intensity_z,state,18,2.333333333333333,11.512021797650691,1.893907184980798e-09,4.98396627626526e-09,True,7.62939453125e-06,True
emotional_intensity_z,state,18,2.4,11.65889954020411,1.56218578541065e-09,4.260506687483592e-09,True,7.62939453125e-06,True
emotional_intensity_z,state,18,2.466666666666667,11.801576942972774,1.2980509203832099e-09,3.744377654951567e-09,True,7.62939453125e-06,True
emotional_intensity_z,state,18,2.533333333333333,11.954737391209358,1.0660961849403284e-09,3.252858793403464e-09,True,7.62939453125e-06,True
emotional_intensity_z,state,18,2.6,12.094940770490682,8.918627895597442e-10,2.846370604977906e-09,True,7.62939453125e-06,True
emotional_intensity_z,state,18,2.6666666666666665,12.231137121499806,7.511087986871457e-10,2.5036959956238195e-09,True,7.62939453125e-06,True
emotional_intensity_z,state,18,2.7333333333333334,12.381704958527036,6.223191095024751e-10,2.170880614543518e-09,True,7.62939453125e-06,True
emotional_intensity_z,state,18,2.8,12.503306805813336,5.353343386650409e-10,1.958540263408686e-09,True,7.62939453125e-06,True
emotional_intensity_z,state,18,2.8666666666666667,12.61144762962301,4.687154502677111e-10,1.802751731798889e-09,True,7.62939453125e-06,True
emotional_intensity_z,state,18,2.933333333333333,12.669255179510008,4.3673957773893046e-10,1.723972017390515e-09,True,7.62939453125e-06,True
emotional_intensity_z,state,18,3.0,12.771128629030136,3.8585312266154384e-10,1.6077213444230992e-09,True,7.62939453125e-06,True
emotional_intensity_z,state,18,3.066666666666667,12.872528200131256,3.4136649482321556e-10,1.5060286536318335e-09,True,7.62939453125e-06,True
emotional_intensity_z,state,18,3.1333333333333333,12.985208095157768,2.98198297992816e-10,1.48326535158691e-09,True,7.62939453125e-06,True
emotional_intensity_z,state,18,3.2,13.092658039946176,2.6236501322141426e-10,1.48326535158691e-09,True,7.62939453125e-06,True
emotional_intensity_z,state,18,3.2666666666666666,13.17481192741001,2.38040432310108e-10,1.48326535158691e-09,True,7.62939453125e-06,True
emotional_intensity_z,state,18,3.333333333333333,13.268209200049755,2.1324456577472904e-10,1.48326535158691e-09,True,7.62939453125e-06,True
emotional_intensity_z,state,18,3.4,13.311962319530869,2.0257906708119866e-10,1.48326535158691e-09,True,7.62939453125e-06,True
emotional_intensity_z,state,18,3.466666666666667,13.36170081251967,1.9113356474737017e-10,1.48326535158691e-09,True,7.62939453125e-06,True
emotional_intensity_z,state,18,3.533333333333333,13.423205508029556,1.7791511525792662e-10,1.48326535158691e-09,True,7.62939453125e-06,True
emotional_intensity_z,state,18,3.6,13.510464281211974,1.6079047208536076e-10,1.48326535158691e-09,True,7.62939453125e-06,True
emotional_intensity_z,state,18,3.6666666666666665,13.572746147261135,1.4963533686855043e-10,1.48326535158691e-09,True,7.62939453125e-06,True
emotional_intensity_z,state,18,3.733333333333333,13.603366522139154,1.444528828319848e-10,1.48326535158691e-09,True,7.62939453125e-06,True
emotional_intensity_z,state,18,3.8,13.592420557292206,1.462834068239445e-10,1.48326535158691e-09,True,7.62939453125e-06,True
emotional_intensity_z,state,18,3.8666666666666663,13.588328323682209,1.469740258229475e-10,1.48326535158691e-09,True,7.62939453125e-06,True
emotional_intensity_z,state,18,3.933333333333333,13.581007495510557,1.4821809823805134e-10,1.48326535158691e-09,True,7.62939453125e-06,True
emotional_intensity_z,state,18,4.0,13.580201777941408,1.4835569494836428e-10,1.48326535158691e-09,True,7.62939453125e-06,True
emotional_intensity_z,state,18,4.066666666666666,13.570905148949349,1.4995310243027943e-10,1.48326535158691e-09,True,7.62939453125e-06,True
emotional_intensity_z,state,18,4.133333333333334,13.616045154162109,1.423627294665985e-10,1.48326535158691e-09,True,7.62939453125e-06,True
emotional_intensity_z,state,18,4.2,13.67245402993166,1.334423646740851e-10,1.48326535158691e-09,True,7.62939453125e-06,True
emotional_intensity_z,state,18,4.266666666666667,13.44694956452398,1.7307296204690232e-10,1.48326535158691e-09,True,7.62939453125e-06,True
emotional_intensity_z,state,18,4.333333333333333,13.0950979716366,2.616060559113704e-10,1.48326535158691e-09,True,7.62939453125e-06,True
emotional_intensity_z,state,18,4.4,13.063769872005352,2.715292574239557e-10,1.48326535158691e-09,True,7.62939453125e-06,True
emotional_intensity_z,state,18,4.466666666666667,13.118744599439012,2.5436930571752617e-10,1.48326535158691e-09,True,7.62939453125e-06,True
emotional_intensity_z,state,18,4.533333333333333,13.067870623585108,2.7020809326253823e-10,1.48326535158691e-09,True,7.62939453125e-06,True
emotional_intensity_z,state,18,4.6,13.00262513237288,2.920565970193205e-10,1.48326535158691e-09,True,7.62939453125e-06,True
emotional_intensity_z,state,18,4.666666666666667,12.970860009940544,3.0335997509930377e-10,1.48326535158691e-09,True,7.62939453125e-06,True
emotional_intensity_z,state,18,4.733333333333333,12.928587252250304,3.1912187288827604e-10,1.48326535158691e-09,True,7.62939453125e-06,True
emotional_intensity_z,state,18,4.8,12.914983583193283,3.2437577540765205e-10,1.48326535158691e-09,True,7.62939453125e-06,True
emotional_intensity_z,state,18,4.866666666666666,12.918757807571753,3.229090547200061e-10,1.48326535158691e-09,True,7.62939453125e-06,True
emotional_intensity_z,state,18,4.933333333333334,12.93088200060346,3.1824448427204617e-10,1.48326535158691e-09,True,7.62939453125e-06,True
emotional_intensity_z,state,18,5.0,12.924631899412775,3.2064017308860997e-10,1.48326535158691e-09,True,7.62939453125e-06,True
emotional_intensity_z,state,18,5.066666666666666,12.969223824999796,3.039545368317636e-10,1.48326535158691e-09,True,7.62939453125e-06,True
emotional_intensity_z,state,18,5.133333333333334,12.981994160585929,2.993464057824313e-10,1.48326535158691e-09,True,7.62939453125e-06,True
emotional_intensity_z,state,18,5.2,12.968144701460222,3.04347343540046e-10,1.48326535158691e-09,True,7.62939453125e-06,True
emotional_intensity_z,state,18,5.266666666666667,12.91001237670697,3.2631837734912016e-10,1.48326535158691e-09,True,7.62939453125e-06,True
emotional_intensity_z,state,18,5.333333333333333,12.82800187194977,3.6019675655301167e-10,1.543700385227193e-09,True,7.62939453125e-06,True
emotional_intensity_z,state,18,5.4,12.741845254941603,3.9980730060623354e-10,1.620840407863109e-09,True,7.62939453125e-06,True
emotional_intensity_z,state,18,5.466666666666667,12.580087306736948,4.870850998098346e-10,1.82656912428688e-09,True,7.62939453125e-06,True
emotional_intensity_z,state,18,5.533333333333333,12.4574031788546,5.665620366573044e-10,2.0234358452046583e-09,True,7.62939453125e-06,True
emotional_intensity_z,state,18,5.6,12.31512231283051,6.761411946309182e-10,2.3050267998781303e-09,True,7.62939453125e-06,True
emotional_intensity_z,state,18,5.666666666666667,12.178563912316402,8.02449428135649e-10,2.6166829178336383e-09,True,7.62939453125e-06,True
emotional_intensity_z,state,18,5.733333333333333,12.061661674574909,9.303102655684951e-10,2.9072195799015473e-09,True,7.62939453125e-06,True
emotional_intensity_z,state,18,5.8,11.941512648539804,1.0842862644678214e-09,3.252858793403464e-09,True,7.62939453125e-06,True
emotional_intensity_z,state,18,5.866666666666666,11.81443304456434,1.2766783155867567e-09,3.744377654951567e-09,True,7.62939453125e-06,True
emotional_intensity_z,state,18,5.933333333333334,11.72315523313134,1.4368437924781472e-09,4.066539035315511e-09,True,7.62939453125e-06,True
emotional_intensity_z,state,18,6.0,11.682448112775957,1.5149648312307036e-09,4.208235642307511e-09,True,7.62939453125e-06,True
emotional_intensity_z,state,18,6.066666666666666,11.58734592866979,1.715409973653261e-09,4.594848143714093e-09,True,7.62939453125e-06,True
emotional_intensity_z,state,18,6.133333333333334,11.476536911747976,1.984669194769314e-09,5.132765158886157e-09,True,7.62939453125e-06,True
emotional_intensity_z,state,18,6.2,11.31964064474574,2.444382503189906e-09,6.1109562579747674e-09,True,7.62939453125e-06,True
emotional_intensity_z,state,18,6.266666666666667,11.170504228280215,2.985972466155166e-09,7.224126934246369e-09,True,7.62939453125e-06,True
emotional_intensity_z,state,18,6.333333333333333,11.03474259452642,3.589155844231368e-09,8.54560915293183e-09,True,7.62939453125e-06,True
emotional_intensity_z,state,18,6.4,10.935583591450104,4.109933151766389e-09,9.484461119460898e-09,True,7.62939453125e-06,True
emotional_intensity_z,state,18,6.466666666666667,10.764801826586243,5.201669280099633e-09,1.1645528239029029e-08,True,7.62939453125e-06,True
emotional_intensity_z,state,18,6.533333333333333,10.648123792370717,6.1199904179993995e-09,1.34657314004156e-08,True,7.62939453125e-06,True
emotional_intensity_z,state,18,6.6,10.550074175779589,7.0232584825871425e-09,1.5049839605543878e-08,True,7.62939453125e-06,True
emotional_intensity_z,state,18,6.666666666666667,10.461379029197628,7.961279153830222e-09,1.6819603846120187e-08,True,7.62939453125e-06,True
emotional_intensity_z,state,18,6.733333333333333,10.431464528361486,8.306599068049116e-09,1.7299746548482412e-08,True,7.62939453125e-06,True
emotional_intensity_z,state,18,6.8,10.410233796755255,8.561199001665173e-09,1.7353781760132106e-08,True,7.62939453125e-06,True
emotional_intensity_z,state,18,6.866666666666666,10.320912039167936,9.725577037239036e-09,1.9451154074478078e-08,True,7.62939453125e-06,True
emotional_intensity_z,state,18,6.933333333333334,10.263235362842796,1.0564886401885954e-08,2.0851749477406493e-08,True,7.62939453125e-06,True
emotional_intensity_z,state,18,7.0,10.22053546559209,1.1235065843785651e-08,2.1824968322081226e-08,True,7.62939453125e-06,True
emotional_intensity_z,state,18,7.066666666666666,10.165143202615576,1.2171631840660336e-08,2.3110693368342407e-08,True,7.62939453125e-06,True
emotional_intensity_z,state,18,7.133333333333334,10.10386387058864,1.3303934700551564e-08,2.4944877563534183e-08,True,7.62939453125e-06,True
emotional_intensity_z,state,18,7.2,10.07849433422686,1.3804592645330245e-08,2.5564060454315266e-08,True,7.62939453125e-06,True
emotional_intensity_z,state,18,7.266666666666667,10.034163727997582,1.4727492723873012e-08,2.6940535470499413e-08,True,7.62939453125e-06,True
emotional_intensity_z,state,18,7.333333333333333,9.958736663052118,1.6449674088557146e-08,2.9374418015280616e-08,True,7.62939453125e-06,True
emotional_intensity_z,state,18,7.4,9.891674976913624,1.8158543813791487e-08,3.204448908316144e-08,True,7.62939453125e-06,True
emotional_intensity_z,state,18,7.466666666666667,9.796944073389463,2.0896512628900088e-08,3.602847004982773e-08,True,7.62939453125e-06,True
emotional_intensity_z,state,18,7.533333333333333,9.75155076844535,2.2358905967656598e-08,3.811177153577829e-08,True,7.62939453125e-06,True
emotional_intensity_z,state,18,7.6,9.712227335426556,2.3712548456874653e-08,3.99649693093393e-08,True,7.62939453125e-06,True
emotional_intensity_z,state,18,7.666666666666667,9.678915787021554,2.49264755157002e-08,4.1544125859500334e-08,True,7.62939453125e-06,True
emotional_intensity_z,state,18,7.733333333333333,9.60053181943847,2.8047316638566864e-08,4.572932060635901e-08,True,7.62939453125e-06,True
emotional_intensity_z,state,18,7.8,9.591489853016224,2.8432826288512367e-08,4.5859397239536085e-08,True,7.62939453125e-06,True
emotional_intensity_z,state,18,7.866666666666666,9.564110011623889,2.963444473466605e-08,4.7289007555318175e-08,True,7.62939453125e-06,True
emotional_intensity_z,state,18,7.933333333333334,9.545140530617386,3.04981062785346e-08,4.81549046503178e-08,True,7.62939453125e-06,True
emotional_intensity_z,state,18,8.0,9.521563033903693,3.160850619564412e-08,4.938829093069393e-08,True,7.62939453125e-06,True
emotional_intensity_z,state,18,8.066666666666666,9.496806615504394,3.2820166878055984e-08,5.0752835378437084e-08,True,7.62939453125e-06,True
emotional_intensity_z,state,18,8.133333333333333,9.478314147728495,3.375697475243736e-08,5.1146931443086914e-08,True,7.62939453125e-06,True
emotional_intensity_z,state,18,8.2,9.43544627211494,3.603808751988767e-08,5.40571312798315e-08,True,7.62939453125e-06,True
emotional_intensity_z,state,18,8.266666666666667,9.405038291477837,3.775378401382779e-08,5.6069976258160095e-08,True,7.62939453125e-06,True
emotional_intensity_z,state,18,8.333333333333334,9.3802364164188,3.9216521573004484e-08,5.7671355254418354e-08,True,7.62939453125e-06,True
emotional_intensity_z,state,18,8.4,9.34308330760205,4.1519847343896453e-08,6.046579710276182e-08,True,7.62939453125e-06,True
emotional_intensity_z,state,18,8.466666666666667,9.289211988945953,4.5114655182593036e-08,6.323792756455574e-08,True,7.62939453125e-06,True
emotional_intensity_z,state,18,8.533333333333333,9.248164522397872,4.807200742093964e-08,6.555273739219042e-08,True,7.62939453125e-06,True
emotional_intensity_z,state,18,8.6,9.283261029320904,4.553130784648013e-08,6.323792756455574e-08,True,7.62939453125e-06,True
emotional_intensity_z,state,18,8.666666666666666,9.32743586342265,4.253196088265575e-08,6.075994411807964e-08,True,7.62939453125e-06,True
emotional_intensity_z,state,18,8.733333333333333,9.32904224766893,4.2426875111677234e-08,6.075994411807964e-08,True,7.62939453125e-06,True
emotional_intensity_z,state,18,8.8,9.249918777765885,4.7941550052795017e-08,6.555273739219042e-08,True,7.62939453125e-06,True
emotional_intensity_z,state,18,8.866666666666667,9.158667217230446,5.5246814852617547e-08,7.465785790894264e-08,True,7.62939453125e-06,True
emotional_intensity_z,state,18,8.933333333333334,9.059917721486007,6.448189009954301e-08,8.559542933567656e-08,True,7.62939453125e-06,True
emotional_intensity_z,state,18,9.0,9.022435778930255,6.839876345369533e-08,8.999837296538859e-08,True,7.62939453125e-06,True
emotional_intensity_z,state,18,9.066666666666666,8.96801155826192,7.453549977128563e-08,9.72202170929813e-08,True,7.62939453125e-06,True
emotional_intensity_z,state,18,9.133333333333333,8.896057503095694,8.354709692115483e-08,1.0485797648612817e-07,True,7.62939453125e-06,True
emotional_intensity_z,state,18,9.2,8.860917172290872,8.8356100377207e-08,1.0863454964410697e-07,True,7.62939453125e-06,True
emotional_intensity_z,state,18,9.266666666666667,8.893509646278169,8.388638118890253e-08,1.0485797648612817e-07,True,7.62939453125e-06,True
emotional_intensity_z,state,18,9.333333333333334,8.946114859086663,7.716479450090673e-08,9.809084046725433e-08,True,7.62939453125e-06,True
emotional_intensity_z,state,18,9.4,8.95447486187812,7.614966549026135e-08,9.809084046725433e-08,True,7.62939453125e-06,True
emotional_intensity_z,state,18,9.466666666666669,8.888166509866565,8.460259186029627e-08,1.0487924610780529e-07,True,7.62939453125e-06,True
emotional_intensity_z,state,18,9.533333333333331,8.819385216953581,9.441596064708677e-08,1.1514141542327653e-07,True,7.62939453125e-06,True
emotional_intensity_z,state,18,9.6,8.79148442535814,9.873009142919295e-08,1.175358231299916e-07,True,7.62939453125e-06,True
emotional_intensity_z,state,18,9.666666666666666,8.799465017784613,9.747542318025024e-08,1.169705078163003e-07,True,7.62939453125e-06,True
emotional_intensity_z,state,18,9.733333333333333,8.801296768215927,9.718980715822921e-08,1.169705078163003e-07,True,7.62939453125e-06,True
emotional_intensity_z,state,18,9.8,8.786102198924777,9.958579545019773e-08,1.1762101824826506e-07,True,7.62939453125e-06,True
emotional_intensity_z,state,18,9.866666666666667,8.718553068570452,1.1101045303446793e-07,1.2908192213310225e-07,True,7.62939453125e-06,True
emotional_intensity_z,state,18,9.933333333333334,8.661694795565886,1.2168915743822622e-07,1.404105662748764e-07,True,7.62939453125e-06,True
emotional_intensity_z,dose,18,0.0,1.7858248500535947,0.091977235789187,0.1352679477432972,False,,False
emotional_intensity_z,dose,18,0.0666666666666666,1.8548593828746909,0.0810440743965785,0.1259752451760288,False,,False
emotional_intensity_z,dose,18,0.1333333333333333,1.91472728789687,0.072509943443069,0.1188687597427361,False,,False
emotional_intensity_z,dose,18,0.2,2.016041692907274,0.0598812031933804,0.1059534127457475,False,,False
emotional_intensity_z,dose,18,0.2666666666666666,2.115467372874266,0.0494548384883826,0.0978915243180685,False,0.0249404907226562,True
emotional_intensity_z,dose,18,0.3333333333333333,2.218010296236272,0.040463280421298,0.0867070294742101,False,0.0249404907226562,True
emotional_intensity_z,dose,18,0.4,2.331104478731382,0.0323125209093725,0.0766897158011557,False,0.0249404907226562,True
emotional_intensity_z,dose,18,0.4666666666666667,2.4267185415302657,0.0266443981882641,0.0737066937464734,False,0.0249404907226562,True
emotional_intensity_z,dose,18,0.5333333333333333,2.5278808434946622,0.021673096145771,0.0631255227546729,False,0.0249404907226562,True
emotional_intensity_z,dose,18,0.6,2.62954361216296,0.0175712730608021,0.0605905967613866,False,0.0249404907226562,True
emotional_intensity_z,dose,18,0.6666666666666666,2.718770569989768,0.014591475032725,0.056417135980217,False,0.0249404907226562,True
emotional_intensity_z,dose,18,0.7333333333333333,2.8021195954706264,0.0122506270639122,0.0540468841054954,False,0.0249404907226562,True
emotional_intensity_z,dose,18,0.8,2.868482615023768,0.010649994230594,0.0537551523572309,False,0.0249404907226562,True
emotional_intensity_z,dose,18,0.8666666666666667,2.933529868347809,0.0092785083795779,0.0537551523572309,False,0.0249404907226562,True
emotional_intensity_z,dose,18,0.9333333333333332,3.000082456272396,0.0080532809381096,0.0537551523572309,False,0.0249404907226562,True
emotional_intensity_z,dose,18,1.0,3.0722778656404883,0.0069023659753822,0.0537551523572309,False,0.0249404907226562,True
emotional_intensity_z,dose,18,1.0666666666666669,3.1841771594106123,0.0054292339134373,0.0499881084362287,True,0.0249404907226562,True
emotional_intensity_z,dose,18,1.1333333333333333,3.2964607530151224,0.0042625395298684,0.0499881084362287,True,0.0249404907226562,True
emotional_intensity_z,dose,18,1.2,3.387551469491953,0.003500824468247,0.0499881084362287,True,0.0249404907226562,True
emotional_intensity_z,dose,18,1.2666666666666666,3.451853162371868,0.0030458511926266,0.0499881084362287,True,0.0249404907226562,True
emotional_intensity_z,dose,18,1.3333333333333333,3.48116235836914,0.0028584197211309,0.0499881084362287,True,0.0249404907226562,True
emotional_intensity_z,dose,18,1.4,3.497055107976468,0.0027616210495738,0.0499881084362287,True,0.0249404907226562,True
emotional_intensity_z,dose,18,1.4666666666666666,3.5207059613875136,0.0026235671317807,0.0499881084362287,True,0.0249404907226562,True
emotional_intensity_z,dose,18,1.5333333333333334,3.5289259731216225,0.0025772100147404,0.0499881084362287,True,0.0249404907226562,True
emotional_intensity_z,dose,18,1.6,3.5255661227260324,0.0025960588058672,0.0499881084362287,True,0.0249404907226562,True
emotional_intensity_z,dose,18,1.6666666666666667,3.533035841965693,0.0025543385593749,0.0499881084362287,True,0.0249404907226562,True
emotional_intensity_z,dose,18,1.7333333333333334,3.547889022383653,0.002473350893811,0.0499881084362287,True,0.0249404907226562,True
emotional_intensity_z,dose,18,1.8,3.5492003871288533,0.002466324544632,0.0499881084362287,True,0.0249404907226562,True
emotional_intensity_z,dose,18,1.8666666666666667,3.5473253833768763,0.0024763770124981,0.0499881084362287,True,0.0249404907226562,True
emotional_intensity_z,dose,18,1.9333333333333331,3.5251505247275188,0.0025983998196818,0.0499881084362287,True,0.0249404907226562,True
emotional_intensity_z,dose,18,2.0,3.500353581172768,0.002741942627034,0.0499881084362287,True,0.0249404907226562,True
emotional_intensity_z,dose,18,2.066666666666667,3.468366915838478,0.002938795355742,0.0499881084362287,True,0.0249404907226562,True
emotional_intensity_z,dose,18,2.1333333333333333,3.425877662231399,0.0032221236664683,0.0499881084362287,True,0.0249404907226562,True
emotional_intensity_z,dose,18,2.2,3.3847888288485355,0.00352181212661,0.0499881084362287,True,0.0249404907226562,True
emotional_intensity_z,dose,18,2.2666666666666666,3.352348126727801,0.0037777728908073,0.0499881084362287,True,0.0249404907226562,True
emotional_intensity_z,dose,18,2.333333333333333,3.375153388373508,0.0035959912165573,0.0499881084362287,True,0.0249404907226562,True
emotional_intensity_z,dose,18,2.4,3.3652597318005224,0.0036737664611316,0.0499881084362287,True,0.0249404907226562,True
emotional_intensity_z,dose,18,2.466666666666667,3.3506477384185693,0.0037916851075276,0.0499881084362287,True,0.0249404907226562,True
emotional_intensity_z,dose,18,2.533333333333333,3.3271573618927115,0.003989139182633,0.0499881084362287,True,0.0249404907226562,True
emotional_intensity_z,dose,18,2.6,3.298508042933019,0.0042437434611655,0.0499881084362287,True,0.0249404907226562,True
emotional_intensity_z,dose,18,2.6666666666666665,3.288138676013984,0.0043397930995426,0.0499881084362287,True,0.0249404907226562,True
emotional_intensity_z,dose,18,2.7333333333333334,3.285728347120497,0.00436242485072,0.0499881084362287,True,0.0249404907226562,True
emotional_intensity_z,dose,18,2.8,3.28023468430134,0.0044144433146353,0.0499881084362287,True,0.0249404907226562,True
emotional_intensity_z,dose,18,2.8666666666666667,3.261544190506243,0.0045960403530552,0.0499881084362287,True,0.0249404907226562,True
emotional_intensity_z,dose,18,2.933333333333333,3.231187799130767,0.0049067836794568,0.0499881084362287,True,0.0249404907226562,True
emotional_intensity_z,dose,18,3.0,3.200189523820685,0.0052454172291115,0.0499881084362287,True,0.0249404907226562,True
emotional_intensity_z,dose,18,3.066666666666667,3.188583803625264,0.0053780252433482,0.0499881084362287,True,0.0249404907226562,True
emotional_intensity_z,dose,18,3.1333333333333333,3.181384488618589,0.0054619345369031,0.0499881084362287,True,0.0249404907226562,True
emotional_intensity_z,dose,18,3.2,3.178264898621576,0.0054986919279851,0.0499881084362287,True,0.0249404907226562,True
emotional_intensity_z,dose,18,3.2666666666666666,3.158927121459167,0.0057320229872733,0.0505766734171181,False,0.0249404907226562,True
emotional_intensity_z,dose,18,3.333333333333333,3.13507809595755,0.0060331949352959,0.0517130994453939,False,0.0249404907226562,True
emotional_intensity_z,dose,18,3.4,3.1112631788994967,0.0063493956775764,0.0529116306464707,False,0.0249404907226562,True
emotional_intensity_z,dose,18,3.466666666666667,3.082460043206897,0.0067535563921815,0.0537551523572309,False,0.0249404907226562,True
emotional_intensity_z,dose,18,3.533333333333333,3.0570038013957737,0.007131619156418,0.0537551523572309,False,0.0249404907226562,True
emotional_intensity_z,dose,18,3.6,3.025152783540088,0.0076338546595819,0.0537551523572309,False,0.0249404907226562,True
emotional_intensity_z,dose,18,3.6666666666666665,2.995751937422643,0.0081279700010061,0.0537551523572309,False,0.0249404907226562,True
emotional_intensity_z,dose,18,3.733333333333333,2.974114153428815,0.0085113808103003,0.0537551523572309,False,0.0249404907226562,True
emotional_intensity_z,dose,18,3.8,2.9475318909498087,0.0090065417267128,0.0537551523572309,False,0.0249404907226562,True
emotional_intensity_z,dose,18,3.8666666666666663,2.9143233295253257,0.0096645685621327,0.0537551523572309,False,0.0249404907226562,True
emotional_intensity_z,dose,18,3.933333333333333,2.888948879986731,0.0101985652377427,0.0537551523572309,False,0.0249404907226562,True
emotional_intensity_z,dose,18,4.0,2.864599963504757,0.0107377906734205,0.0537551523572309,False,0.0249404907226562,True
emotional_intensity_z,dose,18,4.066666666666666,2.8486896861626976,0.0111049310457147,0.0537551523572309,False,0.0249404907226562,True
emotional_intensity_z,dose,18,4.133333333333334,2.829513967435332,0.0115635663644194,0.0537551523572309,False,0.0249404907226562,True
emotional_intensity_z,dose,18,4.2,2.8214613259494525,0.0117615728647427,0.0537551523572309,False,0.0249404907226562,True
emotional_intensity_z,dose,18,4.266666666666667,2.8207210069237423,0.011779939994288,0.0537551523572309,False,0.0249404907226562,True
emotional_intensity_z,dose,18,4.333333333333333,2.817609073731573,0.0118574495047099,0.0537551523572309,False,0.0249404907226562,True
emotional_intensity_z,dose,18,4.4,2.816107230123987,0.011895032074409,0.0537551523572309,False,0.0249404907226562,True
emotional_intensity_z,dose,18,4.466666666666667,2.8202085172344,0.0117926709485513,0.0537551523572309,False,0.0249404907226562,True
emotional_intensity_z,dose,18,4.533333333333333,2.834183434296309,0.0114502273836877,0.0537551523572309,False,0.0249404907226562,True
emotional_intensity_z,dose,18,4.6,2.855761842795128,0.0109402616382968,0.0537551523572309,False,0.0249404907226562,True
emotional_intensity_z,dose,18,4.666666666666667,2.8735278202016907,0.0105369469209145,0.0537551523572309,False,0.0249404907226562,True
emotional_intensity_z,dose,18,4.733333333333333,2.8837463004267643,0.0103115309444831,0.0537551523572309,False,0.0249404907226562,True
emotional_intensity_z,dose,18,4.8,2.8877045202661717,0.010225474941721,0.0537551523572309,False,0.0249404907226562,True
emotional_intensity_z,dose,18,4.866666666666666,2.886425002593884,0.0102532166700731,0.0537551523572309,False,0.0249404907226562,True
emotional_intensity_z,dose,18,4.933333333333334,2.873481036435716,0.0105379898441714,0.0537551523572309,False,0.0249404907226562,True
emotional_intensity_z,dose,18,5.0,2.854417079748341,0.0109713904574913,0.0537551523572309,False,0.0249404907226562,True
emotional_intensity_z,dose,18,5.066666666666666,2.840916023853448,0.0112886986993455,0.0537551523572309,False,0.0249404907226562,True
emotional_intensity_z,dose,18,5.133333333333334,2.825199049878403,0.0116692622030316,0.0537551523572309,False,0.0249404907226562,True
emotional_intensity_z,dose,18,5.2,2.8117263883167825,0.0120053173597815,0.0537551523572309,False,0.0249404907226562,True
emotional_intensity_z,dose,18,5.266666666666667,2.792648031648821,0.0124972116210968,0.0543357027004211,False,0.0249404907226562,True
emotional_intensity_z,dose,18,5.333333333333333,2.773874847441162,0.0130001660575642,0.0557149973895609,False,0.0249404907226562,True
emotional_intensity_z,dose,18,5.4,2.752095355629065,0.0136080903464167,0.056417135980217,False,0.0249404907226562,True
emotional_intensity_z,dose,18,5.466666666666667,2.73901090653329,0.0139863605523487,0.056417135980217,False,0.0249404907226562,True
emotional_intensity_z,dose,18,5.533333333333333,2.728187884852892,0.0143068681343795,0.056417135980217,False,0.0249404907226562,True
emotional_intensity_z,dose,18,5.6,2.717098631137641,0.0146425685155214,0.056417135980217,False,0.0249404907226562,True
emotional_intensity_z,dose,18,5.666666666666667,2.7146677999938915,0.0147171596286494,0.056417135980217,False,0.0249404907226562,True
emotional_intensity_z,dose,18,5.733333333333333,2.7073960351806656,0.01494247931884,0.056417135980217,False,0.0249404907226562,True
emotional_intensity_z,dose,18,5.8,2.697102666933232,0.0152670874826141,0.056417135980217,False,0.0249404907226562,True
emotional_intensity_z,dose,18,5.866666666666666,2.6882512181478218,0.0155516182228593,0.056417135980217,False,0.0249404907226562,True
emotional_intensity_z,dose,18,5.933333333333334,2.686492904474078,0.0156087409545267,0.056417135980217,False,0.0249404907226562,True
emotional_intensity_z,dose,18,6.0,2.7030558630946464,0.0150785345036626,0.056417135980217,False,0.0249404907226562,True
emotional_intensity_z,dose,18,6.066666666666666,2.7110080115276416,0.0148301497778038,0.056417135980217,False,0.0249404907226562,True
emotional_intensity_z,dose,18,6.133333333333334,2.6977805113411204,0.0152455049475886,0.056417135980217,False,0.0249404907226562,True
emotional_intensity_z,dose,18,6.2,2.670664561654605,0.0161320834743855,0.0576145838370912,False,0.0249404907226562,True
emotional_intensity_z,dose,18,6.266666666666667,2.6481555739066005,0.0169053018309738,0.059665771168143,False,0.0249404907226562,True
emotional_intensity_z,dose,18,6.333333333333333,2.6321047577772068,0.0174781666654235,0.0605905967613866,False,0.0249404907226562,True
emotional_intensity_z,dose,18,6.4,2.623440419562206,0.0177950562920574,0.060664945244349,False,0.0249404907226562,True
emotional_intensity_z,dose,18,6.466666666666667,2.61125486854732,0.0182500163974088,0.060664945244349,False,0.0249404907226562,True
emotional_intensity_z,dose,18,6.533333333333333,2.589480994872185,0.019090696656603,0.060664945244349,False,0.0249404907226562,True
emotional_intensity_z,dose,18,6.6,2.5667056545299256,0.0200094155406135,0.060664945244349,False,0.0249404907226562,True
emotional_intensity_z,dose,18,6.666666666666667,2.5684515025652224,0.0199375294338227,0.060664945244349,False,0.0249404907226562,True
emotional_intensity_z,dose,18,6.733333333333333,2.5665782774472943,0.0200146699801614,0.060664945244349,False,0.0249404907226562,True
emotional_intensity_z,dose,18,6.8,2.5659362882979018,0.0200411726743099,0.060664945244349,False,0.0249404907226562,True
emotional_intensity_z,dose,18,6.866666666666666,2.569963878691154,0.0198754550936233,0.060664945244349,False,0.0249404907226562,True
emotional_intensity_z,dose,18,6.933333333333334,2.562392798006107,0.0201880565243144,0.060664945244349,False,0.0249404907226562,True
emotional_intensity_z,dose,18,7.0,2.56158585428991,0.020221648414783,0.060664945244349,False,0.0249404907226562,True
emotional_intensity_z,dose,18,7.066666666666666,2.5698630011869383,0.019879589811251,0.060664945244349,False,0.0249404907226562,True
emotional_intensity_z,dose,18,7.133333333333334,2.5722761572651622,0.0197809043402081,0.060664945244349,False,0.0249404907226562,True
emotional_intensity_z,dose,18,7.2,2.5672071275334694,0.0199887419833972,0.060664945244349,False,0.0249404907226562,True
emotional_intensity_z,dose,18,7.266666666666667,2.5557573747117543,0.0204658607709839,0.060789685458368,False,0.0249404907226562,True
emotional_intensity_z,dose,18,7.333333333333333,2.531036406795522,0.0215331247348621,0.0631255227546729,False,0.0249404907226562,True
emotional_intensity_z,dose,18,7.4,2.505797296953741,0.0226770490694176,0.0654145646233202,False,0.0249404907226562,True
emotional_intensity_z,dose,18,7.466666666666667,2.4811894873598144,0.0238475362081328,0.0681358177375224,False,0.0249404907226562,True
emotional_intensity_z,dose,18,7.533333333333333,2.460449229092023,0.0248781417420422,0.0704098351189874,False,0.0249404907226562,True
emotional_intensity_z,dose,18,7.6,2.438912393602217,0.02599268604149,0.0728766898359533,False,0.0249404907226562,True
emotional_intensity_z,dose,18,7.666666666666667,2.424214846092936,0.0267800987278853,0.0737066937464734,False,0.0249404907226562,True
emotional_intensity_z,dose,18,7.733333333333333,2.408968577666387,0.0276205723756711,0.0753288337518302,False,0.0249404907226562,True
emotional_intensity_z,dose,18,7.8,2.3948629721866035,0.0284201687322652,0.0766897158011557,False,0.0249404907226562,True
emotional_intensity_z,dose,18,7.866666666666666,2.3794790915135406,0.0293169525076481,0.0766897158011557,False,0.0249404907226562,True
emotional_intensity_z,dose,18,7.933333333333334,2.363007015042068,0.0303065192673299,0.0766897158011557,False,0.0249404907226562,True
emotional_intensity_z,dose,18,8.0,2.3538669425856,0.0308690087252674,0.0766897158011557,False,0.0249404907226562,True
emotional_intensity_z,dose,18,8.066666666666666,2.3483398953462618,0.0312138686748199,0.0766897158011557,False,0.0249404907226562,True
emotional_intensity_z,dose,18,8.133333333333333,2.3415505380155226,0.0316424171466902,0.0766897158011557,False,0.0249404907226562,True
emotional_intensity_z,dose,18,8.2,2.3338768830687417,0.0321333946121296,0.0766897158011557,False,0.0249404907226562,True
emotional_intensity_z,dose,18,8.266666666666667,2.327815364346347,0.0325262401950075,0.0766897158011557,False,0.0249404907226562,True
emotional_intensity_z,dose,18,8.333333333333334,2.3253512682847526,0.032687214718178,0.0766897158011557,False,0.0249404907226562,True
emotional_intensity_z,dose,18,8.4,2.3160381946815547,0.0333023524031604,0.0766897158011557,False,0.0249404907226562,True
emotional_intensity_z,dose,18,8.466666666666667,2.302819679690715,0.0341939834373442,0.0766897158011557,False,0.0249404907226562,True
emotional_intensity_z,dose,18,8.533333333333333,2.2998729701340586,0.0343957542652215,0.0766897158011557,False,0.0249404907226562,True
emotional_intensity_z,dose,18,8.6,2.3164340313844907,0.0332759889636238,0.0766897158011557,False,0.0249404907226562,True
emotional_intensity_z,dose,18,8.666666666666666,2.3487147787112805,0.0311903644921885,0.0766897158011557,False,0.0249404907226562,True
emotional_intensity_z,dose,18,8.733333333333333,2.371887288237545,0.0297692139932611,0.0766897158011557,False,0.0249404907226562,True
emotional_intensity_z,dose,18,8.8,2.361231156855341,0.0304150514318123,0.0766897158011557,False,0.0249404907226562,True
emotional_intensity_z,dose,18,8.866666666666667,2.334049157696141,0.0321222945056826,0.0766897158011557,False,0.0249404907226562,True
emotional_intensity_z,dose,18,8.933333333333334,2.3136548387132065,0.0334614999949828,0.0766897158011557,False,0.0249404907226562,True
emotional_intensity_z,dose,18,9.0,2.3082848300379584,0.0338226799537941,0.0766897158011557,False,0.0249404907226562,True
emotional_intensity_z,dose,18,9.066666666666666,2.3028340802684566,0.0341930000929298,0.0766897158011557,False,0.0249404907226562,True
emotional_intensity_z,dose,18,9.133333333333333,2.2966119724302727,0.0346203363908424,0.0766897158011557,False,0.0249404907226562,True
emotional_intensity_z,dose,18,9.2,2.2945073334573425,0.0347660044965239,0.0766897158011557,False,0.0249404907226562,True
emotional_intensity_z,dose,18,9.266666666666667,2.300311114878697,0.0343656831112452,0.0766897158011557,False,0.0249404907226562,True
emotional_intensity_z,dose,18,9.333333333333334,2.31910043482678,0.033098907768374,0.0766897158011557,False,0.0249404907226562,True
emotional_intensity_z,dose,18,9.4,2.32259898355793,0.0328678941956011,0.0766897158011557,False,0.0249404907226562,True
emotional_intensity_z,dose,18,9.466666666666669,2.28900031594219,0.0351498621189656,0.0769705009904358,False,0.0249404907226562,True
emotional_intensity_z,dose,18,9.533333333333331,2.250315786418623,0.0379592623284673,0.0825201354966682,False,0.0249404907226562,True
emotional_intensity_z,dose,18,9.6,2.2198321386486053,0.0403181028707749,0.0867070294742101,False,0.0249404907226562,True
emotional_intensity_z,dose,18,9.666666666666666,2.202625171870588,0.0417086593009978,0.0887418282999953,False,0.0249404907226562,True
emotional_intensity_z,dose,18,9.733333333333333,2.1957160197644416,0.0422793540540054,0.0893225789873354,False,0.0249404907226562,True
emotional_intensity_z,dose,18,9.8,2.1805631499381364,0.0435562505226203,0.0913767493481546,False,0.0249404907226562,True
emotional_intensity_z,dose,18,9.866666666666667,2.166219696161423,0.0447975305911098,0.0933281887314788,False,0.0249404907226562,True
emotional_intensity_z,dose,18,9.933333333333334,2.149632188140396,0.046273480632297,0.0957382357909595,False,0.0249404907226562,True
emotional_intensity_z,dose,18,10.0,2.1323648583193537,0.0478571788895281,0.0970077950463407,False,0.0249404907226562,True
emotional_intensity_z,dose,18,10.066666666666666,2.1214049880254766,0.0488879617659939,0.0978915243180685,False,0.0249404907226562,True
emotional_intensity_z,dose,18,10.133333333333333,2.110593101036835,0.0499246774022149,0.0978915243180685,False,0.0249404907226562,True
emotional_intensity_z,dose,18,10.2,2.1072031318322995,0.0502538414798704,0.0978970937919554,False,,False
emotional_intensity_z,dose,18,10.266666666666667,2.099323993037794,0.0510265674812169,0.0979597308689008,False,,False
emotional_intensity_z,dose,18,10.333333333333334,2.097372162400087,0.0512196557901278,0.0979597308689008,False,,False
emotional_intensity_z,dose,18,10.4,2.096278069260231,0.051328182084821,0.0979597308689008,False,,False
emotional_intensity_z,dose,18,10.466666666666669,2.0892998261978417,0.052025320921238,0.0979597308689008,False,,False
emotional_intensity_z,dose,18,10.533333333333331,2.0848494045113943,0.0524744199363831,0.0979597308689008,False,,False
emotional_intensity_z,dose,18,10.6,2.067914050253857,0.0542158429918341,0.0992638557537164,False,,False
emotional_intensity_z,dose,18,10.666666666666666,2.0674504811241583,0.0542642411453649,0.0992638557537164,False,,False
emotional_intensity_z,dose,18,10.733333333333333,2.0838897448118376,0.0525717222329767,0.0979597308689008,False,,False
emotional_intensity_z,dose,18,10.8,2.1166479611799804,0.049341649044425,0.0978915243180685,False,0.2010040283203125,False
emotional_intensity_z,dose,18,10.866666666666667,2.1417263789083534,0.0469925158387204,0.0965599640521652,False,0.2010040283203125,False
emotional_intensity_z,dose,18,10.933333333333334,2.1370290547492017,0.0474245725996862,0.0967848420401759,False,0.2010040283203125,False
emotional_intensity_z,dose,18,11.0,2.110778794984455,0.0499067036272958,0.0978915243180685,False,0.2010040283203125,False
emotional_intensity_z,dose,18,11.066666666666666,2.0857167586242022,0.0523866178532163,0.0979597308689008,False,,False
emotional_intensity_z,dose,18,11.133333333333333,2.068658533548577,0.0541381985601183,0.0992638557537164,False,,False
emotional_intensity_z,dose,18,11.2,2.0611048983177453,0.0549306994184659,0.0998739989426653,False,,False
emotional_intensity_z,dose,18,11.266666666666667,2.0458505459390466,0.0565633309694382,0.1022228872941654,False,,False
emotional_intensity_z,dose,18,11.333333333333334,2.033985447135506,0.0578635015663138,0.1039464099993662,False,,False
emotional_intensity_z,dose,18,11.4,2.0246553419382662,0.0589048271942791,0.1051871914183556,False,,False
emotional_intensity_z,dose,18,11.466666666666669,2.014650457972884,0.0600402672225902,0.1059534127457475,False,,False
emotional_intensity_z,dose,18,11.533333333333331,2.0044622879297527,0.061216786825886,0.1073978716243615,False,,False
emotional_intensity_z,dose,18,11.6,1.9848684723203665,0.0635380678351271,0.110822211340338,False,,False
emotional_intensity_z,dose,18,11.666666666666666,1.9706448304824091,0.0652724552469781,0.1131892287519851,False,,False
emotional_intensity_z,dose,18,11.733333333333333,1.9558597666530244,0.0671202682924014,0.1157246005041404,False,,False
emotional_intensity_z,dose,18,11.8,1.9478593725327875,0.0681395835759682,0.1168107147016598,False,,False
emotional_intensity_z,dose,18,11.866666666666667,1.939914392483993,0.0691655381114351,0.1170762170244418,False,,False
emotional_intensity_z,dose,18,11.933333333333334,1.9311893029156952,0.0703081348669686,0.1170762170244418,False,,False
emotional_intensity_z,dose,18,12.0,1.9287091877104416,0.0706359842714132,0.1170762170244418,False,,False
emotional_intensity_z,dose,18,12.066666666666666,1.9339678860283016,0.0699424465590852,0.1170762170244418,False,,False
emotional_intensity_z,dose,18,12.133333333333333,1.9419487260743424,0.0689015312055676,0.1170762170244418,False,,False
emotional_intensity_z,dose,18,12.2,1.929940118975796,0.0704730956319418,0.1170762170244418,False,,False
emotional_intensity_z,dose,18,12.266666666666667,1.9160213932179928,0.0723346537611592,0.1188687597427361,False,,False
emotional_intensity_z,dose,18,12.333333333333334,1.9072204499396337,0.0735342535094503,0.1198928046349734,False,,False
emotional_intensity_z,dose,18,12.4,1.8975866769279008,0.0748676602030015,0.1203240414329794,False,,False
emotional_intensity_z,dose,18,12.466666666666669,1.8959123521625687,0.0751015850892188,0.1203240414329794,False,,False
emotional_intensity_z,dose,18,12.533333333333331,1.8967832057858425,0.074979834525038,0.1203240414329794,False,,False
emotional_intensity_z,dose,18,12.6,1.8937613217078757,0.0754030659646671,0.1203240414329794,False,,False
emotional_intensity_z,dose,18,12.666666666666666,1.8898704016396328,0.0759511385212196,0.1205573627320946,False,,False
emotional_intensity_z,dose,18,12.733333333333333,1.883631690139036,0.0768373108382016,0.1213220697445289,False,,False
emotional_intensity_z,dose,18,12.8,1.876176760224356,0.0779082713128972,0.1223690125333463,False,,False
emotional_intensity_z,dose,18,12.866666666666667,1.8617905735654263,0.0800124471556121,0.125019448680644,False,,False
emotional_intensity_z,dose,18,12.933333333333334,1.8511256343557487,0.0816046607579075,0.1261927743678983,False,,False
emotional_intensity_z,dose,18,13.0,1.837885648781824,0.0836202321089072,0.1286465109367804,False,,False
emotional_intensity_z,dose,18,13.066666666666666,1.818986610354351,0.0865733501109288,0.1325102297616258,False,,False
emotional_intensity_z,dose,18,13.133333333333333,1.80389451476724,0.0889971106049733,0.1352397861531986,False,,False
emotional_intensity_z,dose,18,13.2,1.7894839537353089,0.0913667989631011,0.1352679477432972,False,,False
emotional_intensity_z,dose,18,13.266666666666667,1.7766488737623811,0.0935237573212128,0.1352679477432972,False,,False
emotional_intensity_z,dose,18,13.333333333333334,1.7720291333542542,0.0943109373351567,0.1353745511987896,False,,False
emotional_intensity_z,dose,18,13.4,1.7672286330674054,0.0951350424977424,0.1355922797804974,False,,False
emotional_intensity_z,dose,18,13.466666666666669,1.75726514745821,0.0968655574375559,0.136430362588107,False,,False
emotional_intensity_z,dose,18,13.533333333333331,1.742903957086541,0.0994081194205046,0.1387090038425646,False,,False
emotional_intensity_z,dose,18,13.6,1.7245572037870514,0.1027405414539554,0.1413860662210396,False,,False
emotional_intensity_z,dose,18,13.666666666666666,1.725158601146931,0.1026297894988852,0.1413860662210396,False,,False
emotional_intensity_z,dose,18,13.733333333333333,1.749785148711233,0.0981826911626034,0.1376392866765469,False,,False
emotional_intensity_z,dose,18,13.8,1.7824701749047598,0.0925400193541106,0.1352679477432972,False,,False
emotional_intensity_z,dose,18,13.866666666666667,1.793440072044915,0.0907108066811778,0.1352679477432972,False,,False
emotional_intensity_z,dose,18,13.933333333333334,1.7910017690398503,0.0911146294653882,0.1352679477432972,False,,False
emotional_intensity_z,dose,18,14.0,1.7768995128245668,0.09348121440259,0.1352679477432972,False,,False
emotional_intensity_z,dose,18,14.066666666666666,1.7658864920573638,0.0953665701122831,0.1355922797804974,False,,False
emotional_intensity_z,dose,18,14.133333333333333,1.7608096103440696,0.0962468158905433,0.1361983243734103,False,,False
emotional_intensity_z,dose,18,14.2,1.7751073929182062,0.0937857771020194,0.1352679477432972,False,,False
emotional_intensity_z,dose,18,14.266666666666667,1.7995300064267947,0.0897090581482884,0.1352397861531986,False,,False
emotional_intensity_z,dose,18,14.333333333333334,1.7999961723172644,0.0896327786264861,0.1352397861531986,False,,False
emotional_intensity_z,dose,18,14.4,1.7760786556317818,0.0936206079283692,0.1352679477432972,False,,False
emotional_intensity_z,dose,18,14.466666666666669,1.7362820272314865,0.1005999089916263,0.1397220958217032,False,,False
emotional_intensity_z,dose,18,14.533333333333331,1.7106104390154817,0.1053381426647455,0.1442988255681445,False,,False
emotional_intensity_z,dose,18,14.6,1.704435699589006,0.1065062150194421,0.1452357477537847,False,,False
emotional_intensity_z,dose,18,14.666666666666666,1.696863748239813,0.1079538521954237,0.1465436907630186,False,,False
emotional_intensity_z,dose,18,14.733333333333333,1.677477489461986,0.1117377439999596,0.1509969513512967,False,,False
emotional_intensity_z,dose,18,14.8,1.6484064360978137,0.1176253322646478,0.1582403573067011,False,,False
emotional_intensity_z,dose,18,14.866666666666667,1.6300481636573112,0.1214784279218477,0.1626943231096174,False,,False
emotional_intensity_z,dose,18,14.933333333333334,1.6060877187993052,0.1266686613436441,0.1688915484581921,False,,False
emotional_intensity_z,dose,18,15.0,1.5906734613762004,0.1301061543505621,0.1727072845361444,False,,False
emotional_intensity_z,dose,18,15.066666666666666,1.5673344914055594,0.1354608429200574,0.1790231404229834,False,,False
emotional_intensity_z,dose,18,15.133333333333333,1.5458593173210908,0.1405506348013623,0.1849350457912662,False,,False
emotional_intensity_z,dose,18,15.2,1.5332214860581357,0.1436201510128103,0.1881486694490965,False,,False
emotional_intensity_z,dose,18,15.266666666666667,1.5208453830234454,0.1466801971096662,0.1913219962299994,False,,False
emotional_intensity_z,dose,18,15.333333333333334,1.508569824400294,0.1497688772872348,0.1945050354379673,False,,False
emotional_intensity_z,dose,18,15.4,1.4931016684350376,0.1537376433899883,0.1987986767973986,False,,False
emotional_intensity_z,dose,18,15.466666666666669,1.4769909294937926,0.1579635113647548,0.2033864953194268,False,,False
emotional_intensity_z,dose,18,15.533333333333331,1.4612583770454053,0.1621822586886746,0.207925972677788,False,,False
emotional_intensity_z,dose,18,15.6,1.439634740829121,0.1681314613545538,0.2146359081121963,False,,False
emotional_intensity_z,dose,18,15.666666666666666,1.419983158164169,0.1736918648951141,0.2207947435107382,False,,False
emotional_intensity_z,dose,18,15.733333333333333,1.4037328594625047,0.1784021907799697,0.2258255579493287,False,,False
emotional_intensity_z,dose,18,15.8,1.3931770386760691,0.1815170458198907,0.2288029989326354,False,,False
emotional_intensity_z,dose,18,15.866666666666667,1.376140339603131,0.1866369255608386,0.2342722914989606,False,,False
emotional_intensity_z,dose,18,15.933333333333334,1.3638963233462404,0.190387841371403,0.2379848017142538,False,,False
emotional_intensity_z,dose,18,16.0,1.3442697306391682,0.1965263200769139,0.2446385727098514,False,,False
emotional_intensity_z,dose,18,16.066666666666666,1.3306910913323853,0.2008649627787709,0.2490061522050878,False,,False
emotional_intensity_z,dose,18,16.133333333333333,1.3230410784153095,0.2033426437309326,0.251040300902386,False,,False
emotional_intensity_z,dose,18,16.2,1.3133217364746863,0.2065254445926755,0.2539247269582076,False,,False
emotional_intensity_z,dose,18,16.266666666666666,1.3081822981700904,0.2082243280919476,0.2549685650105481,False,,False
emotional_intensity_z,dose,18,16.333333333333332,1.2936143942512588,0.2130998946327846,0.2598779202838837,False,,False
emotional_intensity_z,dose,18,16.4,1.285998791823003,0.2156841975186291,0.2619646123708046,False,,False
emotional_intensity_z,dose,18,16.466666666666665,1.2736993007233852,0.2199098119724863,0.2660199338376851,False,,False
emotional_intensity_z,dose,18,16.533333333333335,1.2571078613398674,0.2257121965218484,0.2719424054480102,False,,False
emotional_intensity_z,dose,18,16.6,1.2383980665718306,0.2323975491913323,0.2788770590295988,False,,False
emotional_intensity_z,dose,18,16.666666666666668,1.2143188236824776,0.2412256131328169,0.2883174658957972,False,,False
emotional_intensity_z,dose,18,16.733333333333334,1.19015473819937,0.2503412394565786,0.2980252850673556,False,,False
emotional_intensity_z,dose,18,16.8,1.1640816285920488,0.2604685581638697,0.3088559978227704,False,,False
emotional_intensity_z,dose,18,16.866666666666667,1.144933705138543,0.2681006576327924,0.3166543200387312,False,,False
emotional_intensity_z,dose,18,16.933333333333334,1.1275731874740351,0.2751639926906636,0.3237223443419572,False,,False
emotional_intensity_z,dose,18,17.0,1.109669378227914,0.2825924351421568,0.331163009932215,False,,False
emotional_intensity_z,dose,18,17.066666666666666,1.085591747723945,0.2928145972966043,0.3418069229143241,False,,False
emotional_intensity_z,dose,18,17.133333333333333,1.0646024835938344,0.3019441798937401,0.3510978835973722,False,,False
emotional_intensity_z,dose,18,17.2,1.0395688107777528,0.3131007551767899,0.3626649673862431,False,,False
emotional_intensity_z,dose,18,17.266666666666666,1.0116292278966286,0.3258982043999008,0.3760363896921933,False,,False
emotional_intensity_z,dose,18,17.333333333333332,0.992626724439554,0.3348113566606984,0.3848406398398833,False,,False
emotional_intensity_z,dose,18,17.4,0.9712042883073054,0.3450632716705954,0.3951106164167123,False,,False
emotional_intensity_z,dose,18,17.466666666666665,0.9396921041834224,0.3605367220977191,0.4112586183624172,False,,False
emotional_intensity_z,dose,18,17.533333333333335,0.9045251650442012,0.3783574153570908,0.4299516083603304,False,,False
emotional_intensity_z,dose,18,17.6,0.8667838365979056,0.3981299353792687,0.4507131343916249,False,,False
emotional_intensity_z,dose,18,17.666666666666668,0.8421499901391652,0.4113954442530185,0.4639798243455096,False,,False
emotional_intensity_z,dose,18,17.733333333333334,0.8193782072711692,0.4239096831188431,0.4763030147402732,False,,False
emotional_intensity_z,dose,18,17.8,0.7935717582143968,0.4383817635612431,0.4907258547327348,False,,False
emotional_intensity_z,dose,18,17.866666666666667,0.7615864511769261,0.4567429179465875,0.50937871889954,False,,False
emotional_intensity_z,dose,18,17.933333333333334,0.7350215462730262,0.4723452462546009,0.524828051394001,False,,False
emotional_intensity_z,dose,18,18.0,0.7102283239620558,0.4871919808182866,0.5393269160350037,False,,False
emotional_intensity_z,dose,18,18.066666666666663,0.6781616316809987,0.5067959373471896,0.5589661073682238,False,,False
emotional_intensity_z,dose,18,18.133333333333333,0.6492477210725359,0.5248537519075205,0.576762364733539,False,,False
emotional_intensity_z,dose,18,18.2,0.6190997621835622,0.5440587389644592,0.5956847506910137,False,,False
emotional_intensity_z,dose,18,18.266666666666666,0.5899255435596641,0.5630003189394405,0.6141821661157533,False,,False
emotional_intensity_z,dose,18,18.33333333333333,0.5518405142377326,0.5882392359255219,0.639390473832089,False,,False
emotional_intensity_z,dose,18,18.4,0.5158240503152939,0.6126208691383804,0.6634883059260438,False,,False
emotional_intensity_z,dose,18,18.466666666666665,0.4749827152183554,0.6408442949120772,0.6915585916317379,False,,False
emotional_intensity_z,dose,18,18.53333333333333,0.4396967559912675,0.6656953287338113,0.7158014287460337,False,,False
emotional_intensity_z,dose,18,18.6,0.4022306221314916,0.6925266074098103,0.7419927936533682,False,,False
emotional_intensity_z,dose,18,18.666666666666668,0.3592884411162024,0.7238032394348283,0.7727436719944786,False,,False
emotional_intensity_z,dose,18,18.73333333333333,0.3210414491961048,0.7520921207734188,0.800098000822786,False,,False
emotional_intensity_z,dose,18,18.8,0.2904918000031142,0.7749539148825519,0.8215059168366275,False,,False
emotional_intensity_z,dose,18,18.866666666666667,0.2576460605055196,0.799772965088286,0.8448305969242458,False,,False
emotional_intensity_z,dose,18,18.933333333333334,0.2278696405154768,0.8224657429425623,0.8657534136237498,False,,False
emotional_intensity_z,dose,18,19.0,0.1911962058546746,0.8506367791300055,0.8922763417447609,False,,False
emotional_intensity_z,dose,18,19.066666666666663,0.1587871535224175,0.8757076659825157,0.9153738668806785,False,,False
emotional_intensity_z,dose,18,19.133333333333333,0.1337359794759725,0.8951817908908418,0.9324810321779604,False,,False
emotional_intensity_z,dose,18,19.2,0.1102873756574421,0.913472999291608,0.9417247415377402,False,,False
emotional_intensity_z,dose,18,19.266666666666666,0.0803718671301305,0.936880097733398,0.9560000997279572,False,,False
emotional_intensity_z,dose,18,19.33333333333333,0.0515581412510253,0.9594817558001618,0.972447725473137,False,,False
emotional_intensity_z,dose,18,19.4,0.0182951935121668,0.9856163733518396,0.9889127491824478,False,,False
emotional_intensity_z,dose,18,19.466666666666665,-0.0121700600762466,0.9904316199469908,0.990431619946991,False,,False
emotional_intensity_z,dose,18,19.53333333333333,-0.0328341401956294,0.9741892824832606,0.980727465587175,False,,False
emotional_intensity_z,dose,18,19.6,-0.0472031295171833,0.9629014352940184,0.9726277124182006,False,,False
emotional_intensity_z,dose,18,19.666666666666668,-0.0595853345192675,0.9531807547049024,0.9693363607168498,False,,False
emotional_intensity_z,dose,18,19.73333333333333,-0.0813099861387667,0.9361450548721556,0.9560000997279572,False,,False
emotional_intensity_z,dose,18,19.8,-0.1017492528695637,0.920146206926317,0.945355692047586,False,,False
emotional_intensity_z,dose,18,19.866666666666667,-0.1166459993115414,0.908507529216698,0.9398353750517564,False,,False
emotional_intensity_z,dose,18,19.933333333333334,-0.1213294914244088,0.9048526540688184,0.9392934125281852,False,,False
valence_index,state,18,0.0,-2.303340966655962,0.0341584040842978,0.2329709329234281,False,0.0987701416015625,False
valence_index,state,18,0.0666666666666666,-2.3660047502151054,0.0301241333172831,0.2329709329234281,False,0.0987701416015625,False
valence_index,state,18,0.1333333333333333,-2.383554343157274,0.0290768429664026,0.2329709329234281,False,0.0987701416015625,False
valence_index,state,18,0.2,-2.3830954731531877,0.029103786752194,0.2329709329234281,False,0.0987701416015625,False
valence_index,state,18,0.2666666666666666,-2.379133427841027,0.029337403881926,0.2329709329234281,False,0.0987701416015625,False
valence_index,state,18,0.3333333333333333,-2.376546562624802,0.0294908819163907,0.2329709329234281,False,0.0987701416015625,False
valence_index,state,18,0.4,-2.358021814256083,0.0306121141869092,0.2329709329234281,False,0.0987701416015625,False
valence_index,state,18,0.4666666666666667,-2.339441280239932,0.0317766695177721,0.2329709329234281,False,0.0987701416015625,False
valence_index,state,18,0.5333333333333333,-2.323749437907097,0.0327922572475439,0.2329709329234281,False,0.0987701416015625,False
valence_index,state,18,0.6,-2.304139066758874,0.0341039981809825,0.2329709329234281,False,0.0987701416015625,False
valence_index,state,18,0.6666666666666666,-2.280321100423392,0.0357628369639914,0.2329709329234281,False,0.0987701416015625,False
valence_index,state,18,0.7333333333333333,-2.2753183758621494,0.0361206534509504,0.2329709329234281,False,0.0987701416015625,False
valence_index,state,18,0.8,-2.26252113229931,0.0370511451094478,0.2329709329234281,False,0.0987701416015625,False
valence_index,state,18,0.8666666666666667,-2.257112751606067,0.0374510328178032,0.2329709329234281,False,0.0987701416015625,False
valence_index,state,18,0.9333333333333332,-2.247546745883672,0.0381681373329317,0.2329709329234281,False,0.0987701416015625,False
valence_index,state,18,1.0,-2.2373094086261527,0.0389496363580113,0.2329709329234281,False,0.0987701416015625,False
valence_index,state,18,1.0666666666666669,-2.229018192351896,0.0395933930265977,0.2329709329234281,False,0.0987701416015625,False
valence_index,state,18,1.1333333333333333,-2.211601475094124,0.04097782516749,0.2329709329234281,False,0.0987701416015625,False
valence_index,state,18,1.2,-2.207963398746726,0.0412725952225391,0.2329709329234281,False,0.0987701416015625,False
valence_index,state,18,1.2666666666666666,-2.2049357722033918,0.0415193942806995,0.2329709329234281,False,0.0987701416015625,False
valence_index,state,18,1.3333333333333333,-2.193614581145161,0.0424543542655018,0.2329709329234281,False,0.0987701416015625,False
valence_index,state,18,1.4,-2.1681017901479755,0.0446328219971999,0.2329709329234281,False,0.0987701416015625,False
valence_index,state,18,1.4666666666666666,-2.109731267397438,0.0500081738105588,0.2329709329234281,False,,False
valence_index,state,18,1.5333333333333334,-2.1049323382745566,0.050475440986401,0.2329709329234281,False,,False
valence_index,state,18,1.6,-2.095687600762489,0.0513868394497073,0.2329709329234281,False,,False
valence_index,state,18,1.6666666666666667,-2.0921126974062583,0.0517432785700436,0.2329709329234281,False,,False
valence_index,state,18,1.7333333333333334,-2.0905552982471303,0.0518992640047307,0.2329709329234281,False,,False
valence_index,state,18,1.8,-2.092749015176762,0.0516796695128434,0.2329709329234281,False,,False
valence_index,state,18,1.8666666666666667,-2.0886002693762484,0.0520956815755927,0.2329709329234281,False,,False
valence_index,state,18,1.9333333333333331,-2.0975344293427987,0.0512035778872162,0.2329709329234281,False,,False
valence_index,state,18,2.0,-2.035019557665536,0.0577491170242353,0.2329709329234281,False,,False
valence_index,state,18,2.066666666666667,-2.002096475293456,0.061492947302724,0.2329709329234281,False,,False
valence_index,state,18,2.1333333333333333,-1.9867679743756927,0.0633096138380675,0.2329709329234281,False,,False
valence_index,state,18,2.2,-2.000433191737525,0.0616877738981957,0.2329709329234281,False,,False
valence_index,state,18,2.2666666666666666,-1.95064578501712,0.0677830085489492,0.2329709329234281,False,,False
valence_index,state,18,2.333333333333333,-1.899132412785547,0.0746522765826682,0.2329709329234281,False,,False
valence_index,state,18,2.4,-1.8891631825577688,0.0760511363784706,0.2329709329234281,False,,False
valence_index,state,18,2.466666666666667,-1.8735293853163992,0.0782917623848323,0.2329709329234281,False,,False
valence_index,state,18,2.533333333333333,-1.8412088126043025,0.0831102470459799,0.2329709329234281,False,,False
valence_index,state,18,2.6,-1.8278788377964656,0.0851726224817826,0.2329709329234281,False,,False
valence_index,state,18,2.6666666666666665,-1.813245634412246,0.0874884142454479,0.2329709329234281,False,,False
valence_index,state,18,2.7333333333333334,-1.8022421077658195,0.0892660692565507,0.2329709329234281,False,,False
valence_index,state,18,2.8,-1.7938477193663316,0.090643446862639,0.2329709329234281,False,,False
valence_index,state,18,2.8666666666666667,-1.800763397017436,0.0895073602105696,0.2329709329234281,False,,False
valence_index,state,18,2.933333333333333,-1.8031223784898645,0.0891227008783398,0.2329709329234281,False,,False
valence_index,state,18,3.0,-1.8067097168463224,0.0885405243562014,0.2329709329234281,False,,False
valence_index,state,18,3.066666666666667,-1.8071240054396207,0.0884735064627597,0.2329709329234281,False,,False
valence_index,state,18,3.1333333333333333,-1.8118817252284671,0.0877070560300745,0.2329709329234281,False,,False
valence_index,state,18,3.2,-1.825172040513073,0.0855968765593387,0.2329709329234281,False,,False
valence_index,state,18,3.2666666666666666,-1.8365811744269875,0.0838211749564423,0.2329709329234281,False,,False
valence_index,state,18,3.333333333333333,-1.8441468003962955,0.0826616609426756,0.2329709329234281,False,,False
valence_index,state,18,3.4,-1.847083518049668,0.0822154067106745,0.2329709329234281,False,,False
valence_index,state,18,3.466666666666667,-1.847358297442292,0.0821737611835715,0.2329709329234281,False,,False
valence_index,state,18,3.533333333333333,-1.8372708322720632,0.0837148862025162,0.2329709329234281,False,,False
valence_index,state,18,3.6,-1.8385700112768983,0.0835149821122089,0.2329709329234281,False,,False
valence_index,state,18,3.6666666666666665,-1.8289745433779805,0.0850014127032589,0.2329709329234281,False,,False
valence_index,state,18,3.733333333333333,-1.8155730726319268,0.0871164198882379,0.2329709329234281,False,,False
valence_index,state,18,3.8,-1.797704287677476,0.090008352062913,0.2329709329234281,False,,False
valence_index,state,18,3.8666666666666663,-1.7731304068953897,0.0941227624393458,0.2329709329234281,False,,False
valence_index,state,18,3.933333333333333,-1.7637711234194977,0.0957324823377465,0.2329709329234281,False,,False
valence_index,state,18,4.0,-1.7648596920998307,0.0955440312377758,0.2329709329234281,False,,False
valence_index,state,18,4.066666666666666,-1.7605348721393266,0.0962946522750169,0.2329709329234281,False,,False
valence_index,state,18,4.133333333333334,-1.7456905881578335,0.0989102725187892,0.23550064885426,False,,False
valence_index,state,18,4.2,-1.7204586758399305,0.1034980784374305,0.2425736213377278,False,,False
valence_index,state,18,4.266666666666667,-1.688858986121987,0.1095026589407626,0.2526984437094522,False,,False
valence_index,state,18,4.333333333333333,-1.655578971924658,0.116148571717177,0.2639740266299479,False,,False
valence_index,state,18,4.4,-1.62694179571175,0.1221409350002519,0.2734498544781759,False,,False
valence_index,state,18,4.466666666666667,-1.6060272112858314,0.1266820029500878,0.2794455947428407,False,,False
valence_index,state,18,4.533333333333333,-1.581932216325597,0.1320903473989546,0.2871529291281622,False,,False
valence_index,state,18,4.6,-1.5569292444867908,0.1379072834196317,0.2955156073277823,False,,False
valence_index,state,18,4.666666666666667,-1.5408519639097698,0.1417602010392874,0.2994933824773678,False,,False
valence_index,state,18,4.733333333333333,-1.517109947175234,0.1476144112409303,0.3075300234186049,False,,False
valence_index,state,18,4.8,-1.4930208111300023,0.153758616323264,0.3159423623080767,False,,False
valence_index,state,18,4.866666666666666,-1.4773358374321388,0.1578720467362015,0.3200109055463545,False,,False
valence_index,state,18,4.933333333333334,-1.4571382324736828,0.1633022810170808,0.3255236015240783,False,,False
valence_index,state,18,5.0,-1.3910249886604735,0.1821574498790108,0.3255236015240783,False,,False
valence_index,state,18,5.066666666666666,-1.368996244966709,0.1888182041540754,0.3293340770129223,False,,False
valence_index,state,18,5.133333333333334,-1.3918660286169466,0.1819069572899346,0.3255236015240783,False,,False
valence_index,state,18,5.2,-1.3977796504670992,0.1801535188059466,0.3255236015240783,False,,False
valence_index,state,18,5.266666666666667,-1.4056481471762206,0.1778416911210844,0.3255236015240783,False,,False
valence_index,state,18,5.333333333333333,-1.4118513080323774,0.1760361681214268,0.3255236015240783,False,,False
valence_index,state,18,5.4,-1.4167219109119882,0.1746289688663042,0.3255236015240783,False,,False
valence_index,state,18,5.466666666666667,-1.4124585598049242,0.1758602215241536,0.3255236015240783,False,,False
valence_index,state,18,5.533333333333333,-1.4090719044878737,0.1768433055856509,0.3255236015240783,False,,False
valence_index,state,18,5.6,-1.3905695356286056,0.1822932168534838,0.3255236015240783,False,,False
valence_index,state,18,5.666666666666667,-1.3704820016138335,0.1883628838920185,0.3293340770129223,False,,False
valence_index,state,18,5.733333333333333,-1.3539901385041349,0.1934666450520891,0.3335631811242917,False,,False
valence_index,state,18,5.8,-1.328810041559287,0.2014719596592724,0.343418113055578,False,,False
valence_index,state,18,5.866666666666666,-1.2936379296064011,0.213091945987379,0.3591437291922119,False,,False
valence_index,state,18,5.933333333333334,-1.270626124205954,0.220975681839933,0.3682928030665551,False,,False
valence_index,state,18,6.0,-1.218173841145339,0.2397951927510704,0.3952668012380282,False,,False
valence_index,state,18,6.066666666666666,-1.198747118694686,0.2470702382411352,0.402831910175764,False,,False
valence_index,state,18,6.133333333333334,-1.1796964428394614,0.2543669162530456,0.4102692197629768,False,,False
valence_index,state,18,6.2,-1.1492566048753006,0.2663631217253986,0.4250475346681893,False,,False
valence_index,state,18,6.266666666666667,-1.1077833044611178,0.283383535641785,0.4474476878554499,False,,False
valence_index,state,18,6.333333333333333,-1.0393385364564949,0.3132047368300096,0.4893824012968901,False,,False
valence_index,state,18,6.4,-0.9931428257980588,0.3345670360427559,0.5173717052207566,False,,False
valence_index,state,18,6.466666666666667,-0.9503741108966138,0.3552390802537786,0.5437332861027223,False,,False
valence_index,state,18,6.533333333333333,-0.9136566400090482,0.3736740807264421,0.5661728495855183,False,,False
valence_index,state,18,6.6,-0.885900926324266,0.3880309769348142,0.5820464654022214,False,,False
valence_index,state,18,6.666666666666667,-0.8564815776567513,0.4036432881382607,0.599470229908308,False,,False
valence_index,state,18,6.733333333333333,-0.8289917157737039,0.4185972007253581,0.6155841187137621,False,,False
valence_index,state,18,6.8,-0.8034976908765207,0.432779030012081,0.6302607233185646,False,,False
valence_index,state,18,6.866666666666666,-0.7742264749091682,0.4494311444315726,0.6482179967763068,False,,False
valence_index,state,18,6.933333333333334,-0.7464673525795714,0.4655838287794553,0.6651197553992219,False,,False
valence_index,state,18,7.0,-0.6411268649716457,0.5299894906564946,0.7360965148006869,False,,False
valence_index,state,18,7.066666666666666,-0.604162203776134,0.5537138087658302,0.7550642846806775,False,,False
valence_index,state,18,7.133333333333334,-0.5705372015838218,0.5757777309099443,0.7591933788834601,False,,False
valence_index,state,18,7.2,-0.5447860449612659,0.5929761975543777,0.7591933788834601,False,,False
valence_index,state,18,7.266666666666667,-0.5208011801609053,0.6092226532853022,0.7615283166066278,False,,False
valence_index,state,18,7.333333333333333,-0.4941031917383433,0.6275569287957471,0.7715863878636234,False,,False
valence_index,state,18,7.4,-0.4606509929391663,0.650887098002467,0.7873634250029843,False,,False
valence_index,state,18,7.466666666666667,-0.4203914747189359,0.6794654008636206,0.8153584810363448,False,,False
valence_index,state,18,7.533333333333333,-0.3624095015863727,0.7215121885801039,0.8521797502914613,False,,False
valence_index,state,18,7.6,-0.3132944083490307,0.757868172429226,0.8812420609642163,False,,False
valence_index,state,18,7.666666666666667,-0.2732635950078741,0.7879426288086082,0.902224384131994,False,,False
valence_index,state,18,7.733333333333333,-0.2401788663421538,0.8130638960429781,0.9230481057995646,False,,False
valence_index,state,18,7.8,-0.1948549865284216,0.8478162150740958,0.9429118009195682,False,,False
valence_index,state,18,7.866666666666666,-0.1445911675646324,0.8867340230157208,0.9749666830094488,False,,False
valence_index,state,18,7.933333333333334,-0.0979917331707566,0.9230849760121684,0.9939367840510802,False,,False
valence_index,state,18,8.0,-0.068125047411882,0.946480959308403,0.9939367840510802,False,,False
valence_index,state,18,8.066666666666666,-0.046463182601962,0.963482538587606,0.9939367840510802,False,,False
valence_index,state,18,8.133333333333333,-0.029060395184507,0.9771548589651436,0.9939367840510802,False,,False
valence_index,state,18,8.2,-0.0357064560400565,0.9719323474373068,0.9939367840510802,False,,False
valence_index,state,18,8.266666666666667,-0.0296850617096197,0.9766639432766596,0.9939367840510802,False,,False
valence_index,state,18,8.333333333333334,-0.0089836773304975,0.992936743049154,0.9939367840510802,False,,False
valence_index,state,18,8.4,0.0126100270421665,0.990085726912692,0.9939367840510802,False,,False
valence_index,state,18,8.466666666666667,0.032069831526445,0.974789880220034,0.9939367840510802,False,,False
valence_index,state,18,8.533333333333333,0.0077117074918985,0.9939367840510804,0.9939367840510802,False,,False
valence_index,state,18,8.6,0.0161905004075104,0.9872709137704722,0.9939367840510802,False,,False
valence_index,state,18,8.666666666666666,0.0591873646596511,0.9534930722908218,0.9939367840510802,False,,False
valence_index,state,18,8.733333333333333,0.1002005387851222,0.9213573200131324,0.9939367840510802,False,,False
valence_index,state,18,8.8,0.1397889324480015,0.8904695704819633,0.9749666830094488,False,,False
valence_index,state,18,8.866666666666667,0.1938112484057801,0.8486206208276114,0.9429118009195682,False,,False
valence_index,state,18,8.933333333333334,0.2331409611186489,0.8184359871422807,0.9230481057995646,False,,False
valence_index,state,18,9.0,0.2775000848497635,0.7847425136073932,0.902224384131994,False,,False
valence_index,state,18,9.066666666666666,0.3148606224046412,0.7566992297233816,0.8812420609642163,False,,False
valence_index,state,18,9.133333333333333,0.4023320306884065,0.6924533925020867,0.8243492767881985,False,,False
valence_index,state,18,9.2,0.468317042684468,0.6455064366969445,0.7872029715816397,False,,False
valence_index,state,18,9.266666666666667,0.4957123258699226,0.6264445933123254,0.7715863878636234,False,,False
valence_index,state,18,9.333333333333334,0.522571052972497,0.6080164505813487,0.7615283166066278,False,,False
valence_index,state,18,9.4,0.5456948573706958,0.592364876124127,0.7591933788834601,False,,False
valence_index,state,18,9.466666666666669,0.5765013323074355,0.5718313443315914,0.7591933788834601,False,,False
valence_index,state,18,9.533333333333331,0.5758797485707077,0.5722419830158051,0.7591933788834601,False,,False
valence_index,state,18,9.6,0.5394205119859053,0.5965917843411792,0.7591933788834601,False,,False
valence_index,state,18,9.666666666666666,0.5384719337076712,0.5972321247216553,0.7591933788834601,False,,False
valence_index,state,18,9.733333333333333,0.5673866608742293,0.5778680492914631,0.7591933788834601,False,,False
valence_index,state,18,9.8,0.6045955572201615,0.5534324212247552,0.7550642846806775,False,,False
valence_index,state,18,9.866666666666667,0.6764531930663873,0.5078529481391153,0.7119433852417504,False,,False
valence_index,state,18,9.933333333333334,0.7205457514659669,0.4809804932835356,0.6806327735144372,False,,False
valence_index,dose,18,0.0,-0.4247689797645104,0.676332550120124,0.9098644172019608,False,,False
valence_index,dose,18,0.0666666666666666,-0.5497942737094925,0.5896112892406085,0.8156274095459303,False,,False
valence_index,dose,18,0.1333333333333333,-0.6529001685561149,0.5225529805017506,0.7500760485671062,False,,False
valence_index,dose,18,0.2,-0.7341264920991778,0.4728764605045112,0.7022917730265018,False,,False
valence_index,dose,18,0.2666666666666666,-0.8271470056208281,0.4196132749351647,0.652248613888857,False,,False
valence_index,dose,18,0.3333333333333333,-0.9230098535312284,0.3689177326629769,0.6014963032548537,False,,False
valence_index,dose,18,0.4,-1.012076540853612,0.3256904350175703,0.5647811011865381,False,,False
valence_index,dose,18,0.4666666666666667,-1.1109181267424526,0.282069554861881,0.5536627550572774,False,,False
valence_index,dose,18,0.5333333333333333,-1.2184015512478368,0.2397109042288845,0.510613132564411,False,,False
valence_index,dose,18,0.6,-1.3134331782805106,0.2064887284271096,0.4692925646070672,False,,False
valence_index,dose,18,0.6666666666666666,-1.3997533377122402,0.1795713586061077,0.4397026025041506,False,,False
valence_index,dose,18,0.7333333333333333,-1.5009412139281717,0.15171543466012,0.4397026025041506,False,,False
valence_index,dose,18,0.8,-1.5840985428395786,0.1315962416772275,0.4245040054104115,False,,False
valence_index,dose,18,0.8666666666666667,-1.6682919562599898,0.1135700799690761,0.3871700336208938,False,,False
valence_index,dose,18,0.9333333333333332,-1.7427133242317336,0.0994422564949432,0.3871700336208938,False,,False
valence_index,dose,18,1.0,-1.8108797970480108,0.0878679761538572,0.3871700336208938,False,,False
valence_index,dose,18,1.0666666666666669,-1.8595728213114655,0.0803412622761499,0.3871700336208938,False,,False
valence_index,dose,18,1.1333333333333333,-1.9110495170494544,0.0730101760671161,0.3871700336208938,False,,False
valence_index,dose,18,1.2,-1.96070980795052,0.0665090098650813,0.3871700336208938,False,,False
valence_index,dose,18,1.2666666666666666,-2.0232698209816715,0.0590609012858682,0.3871700336208938,False,,False
valence_index,dose,18,1.3333333333333333,-2.081229584103829,0.0528423019875135,0.3871700336208938,False,,False
valence_index,dose,18,1.4,-2.145928127259973,0.0466091007261185,0.3871700336208938,False,0.2317733764648437,False
valence_index,dose,18,1.4666666666666666,-2.2085966164175708,0.0412211494478385,0.3871700336208938,False,0.2317733764648437,False
valence_index,dose,18,1.5333333333333334,-2.214265432014158,0.0407632151232382,0.3871700336208938,False,0.2317733764648437,False
valence_index,dose,18,1.6,-2.2059509164099214,0.0414364928401152,0.3871700336208938,False,0.2317733764648437,False
valence_index,dose,18,1.6666666666666667,-2.185583451378473,0.04312932209203,0.3871700336208938,False,0.2317733764648437,False
valence_index,dose,18,1.7333333333333334,-2.162952457571272,0.0450847844406052,0.3871700336208938,False,0.2317733764648437,False
valence_index,dose,18,1.8,-2.1457159120771,0.0466283966857542,0.3871700336208938,False,0.2317733764648437,False
valence_index,dose,18,1.8666666666666667,-2.13515221027486,0.0475982184159679,0.3871700336208938,False,0.2317733764648437,False
valence_index,dose,18,1.9333333333333331,-2.1397454283397908,0.0471742807754836,0.3871700336208938,False,0.2317733764648437,False
valence_index,dose,18,2.0,-2.0333309114600997,0.0579360067116168,0.3871700336208938,False,,False
valence_index,dose,18,2.066666666666667,-1.9823876979469024,0.0638375487744756,0.3871700336208938,False,,False
valence_index,dose,18,2.1333333333333333,-1.9698944845932225,0.0653651205311288,0.3871700336208938,False,,False
valence_index,dose,18,2.2,-1.967056514247567,0.0657166701950539,0.3871700336208938,False,,False
valence_index,dose,18,2.2666666666666666,-1.9161516395304667,0.0723170325354399,0.3871700336208938,False,,False
valence_index,dose,18,2.333333333333333,-1.843571464003696,0.0827493373708365,0.3871700336208938,False,,False
valence_index,dose,18,2.4,-1.8303495120683555,0.084786995629443,0.3871700336208938,False,,False
valence_index,dose,18,2.466666666666667,-1.832144827998118,0.0845077457985359,0.3871700336208938,False,,False
valence_index,dose,18,2.533333333333333,-1.8211993325128435,0.0862229145928751,0.3871700336208938,False,,False
valence_index,dose,18,2.6,-1.821615996252721,0.086157066127528,0.3871700336208938,False,,False
valence_index,dose,18,2.6666666666666665,-1.8164821721344253,0.0869714966715606,0.3871700336208938,False,,False
valence_index,dose,18,2.7333333333333334,-1.809137015642384,0.0881485031611113,0.3871700336208938,False,,False
valence_index,dose,18,2.8,-1.801686528069865,0.0893566598308692,0.3871700336208938,False,,False
valence_index,dose,18,2.8666666666666667,-1.8034254251703332,0.0890733908980314,0.3871700336208938,False,,False
valence_index,dose,18,2.933333333333333,-1.812715497476727,0.0875733409942439,0.3871700336208938,False,,False
valence_index,dose,18,3.0,-1.813805046415827,0.0873988762031972,0.3871700336208938,False,,False
valence_index,dose,18,3.066666666666667,-1.816213037251245,0.0870143784411858,0.3871700336208938,False,,False
valence_index,dose,18,3.1333333333333333,-1.8193836512958088,0.0865103774348451,0.3871700336208938,False,,False
valence_index,dose,18,3.2,-1.8311353477404515,0.0846646640313819,0.3871700336208938,False,,False
valence_index,dose,18,3.2666666666666666,-1.8445783829171072,0.0825959452514182,0.3871700336208938,False,,False
valence_index,dose,18,3.333333333333333,-1.8548318647373123,0.0810481934920837,0.3871700336208938,False,,False
valence_index,dose,18,3.4,-1.8655999337570857,0.0794504322646088,0.3871700336208938,False,,False
valence_index,dose,18,3.466666666666667,-1.8731892965561687,0.0783411477976649,0.3871700336208938,False,,False
valence_index,dose,18,3.533333333333333,-1.8778925281824403,0.077660620897066,0.3871700336208938,False,,False
valence_index,dose,18,3.6,-1.8883713644583275,0.0761632350050181,0.3871700336208938,False,,False
valence_index,dose,18,3.6666666666666665,-1.8846748728596927,0.0766884964438897,0.3871700336208938,False,,False
valence_index,dose,18,3.733333333333333,-1.880960273597696,0.0772195693544829,0.3871700336208938,False,,False
valence_index,dose,18,3.8,-1.8752384697256677,0.0780439983291945,0.3871700336208938,False,,False
valence_index,dose,18,3.8666666666666663,-1.8630232911135505,0.0798301938385438,0.3871700336208938,False,,False
valence_index,dose,18,3.933333333333333,-1.850213591249455,0.0817421150656338,0.3871700336208938,False,,False
valence_index,dose,18,4.0,-1.8403163657825947,0.08324693494926,0.3871700336208938,False,,False
valence_index,dose,18,4.066666666666666,-1.8362125354808956,0.0838780376916004,0.3871700336208938,False,,False
valence_index,dose,18,4.133333333333334,-1.82466405618815,0.0856767033367929,0.3871700336208938,False,,False
valence_index,dose,18,4.2,-1.819512384793424,0.0864899683123241,0.3871700336208938,False,,False
valence_index,dose,18,4.266666666666667,-1.813834402824208,0.0873941797174349,0.3871700336208938,False,,False
valence_index,dose,18,4.333333333333333,-1.814657584424448,0.087262576091186,0.3871700336208938,False,,False
valence_index,dose,18,4.4,-1.8136657612256075,0.0874211622971254,0.3871700336208938,False,,False
valence_index,dose,18,4.466666666666667,-1.81395529369318,0.0873748417381753,0.3871700336208938,False,,False
valence_index,dose,18,4.533333333333333,-1.8096622530498503,0.0880638755494348,0.3871700336208938,False,,False
valence_index,dose,18,4.6,-1.8021995102720825,0.0892730121776022,0.3871700336208938,False,,False
valence_index,dose,18,4.666666666666667,-1.7998640561398107,0.0896543912431273,0.3871700336208938,False,,False
valence_index,dose,18,4.733333333333333,-1.8067638943810267,0.088531757729196,0.3871700336208938,False,,False
valence_index,dose,18,4.8,-1.809103704380008,0.0881538727662395,0.3871700336208938,False,,False
valence_index,dose,18,4.866666666666666,-1.8029645522714304,0.0891483909218642,0.3871700336208938,False,,False
valence_index,dose,18,4.933333333333334,-1.79614688202671,0.0902643525153592,0.3871700336208938,False,,False
valence_index,dose,18,5.0,-1.7714007679682484,0.0944184534494948,0.3871700336208938,False,,False
valence_index,dose,18,5.066666666666666,-1.757942827328761,0.0967469904873839,0.3871700336208938,False,,False
valence_index,dose,18,5.133333333333334,-1.7588513245231123,0.096588238138802,0.3871700336208938,False,,False
valence_index,dose,18,5.2,-1.758584306774452,0.0966348737018993,0.3871700336208938,False,,False
valence_index,dose,18,5.266666666666667,-1.7591518786434446,0.096535768799647,0.3871700336208938,False,,False
valence_index,dose,18,5.333333333333333,-1.7562364212141657,0.097045785469895,0.3871700336208938,False,,False
valence_index,dose,18,5.4,-1.758510312086705,0.0966478005991669,0.3871700336208938,False,,False
valence_index,dose,18,5.466666666666667,-1.7600445902479227,0.0963800698148755,0.3871700336208938,False,,False
valence_index,dose,18,5.533333333333333,-1.7587940206826047,0.0965982447971875,0.3871700336208938,False,,False
valence_index,dose,18,5.6,-1.756931469173147,0.0969239843335107,0.3871700336208938,False,,False
valence_index,dose,18,5.666666666666667,-1.755705874014416,0.0971388489916446,0.3871700336208938,False,,False
valence_index,dose,18,5.733333333333333,-1.7531092795467016,0.0975954408527221,0.3871700336208938,False,,False
valence_index,dose,18,5.8,-1.753189530095019,0.0975813014510418,0.3871700336208938,False,,False
valence_index,dose,18,5.866666666666666,-1.7494903526269532,0.0982349188261866,0.3871700336208938,False,,False
valence_index,dose,18,5.933333333333334,-1.7400748432085351,0.0999157829871596,0.3871700336208938,False,,False
valence_index,dose,18,6.0,-1.7340615128089192,0.1010023172822273,0.3871700336208938,False,,False
valence_index,dose,18,6.066666666666666,-1.7239620268876834,0.1028502498234732,0.3871700336208938,False,,False
valence_index,dose,18,6.133333333333334,-1.7132011605334851,0.1048513649184285,0.3871700336208938,False,,False
valence_index,dose,18,6.2,-1.7016865659436682,0.1070298561995774,0.3871700336208938,False,,False
valence_index,dose,18,6.266666666666667,-1.6995793762415063,0.1074327263509053,0.3871700336208938,False,,False
valence_index,dose,18,6.333333333333333,-1.6959520481447676,0.1081292945964501,0.3871700336208938,False,,False
valence_index,dose,18,6.4,-1.6834855289895572,0.1105530503904899,0.3871700336208938,False,,False
valence_index,dose,18,6.466666666666667,-1.674342419125346,0.1123602538781488,0.3871700336208938,False,,False
valence_index,dose,18,6.533333333333333,-1.667456459269374,0.1137380180263228,0.3871700336208938,False,,False
valence_index,dose,18,6.6,-1.657576051286463,0.1157402267622205,0.3871700336208938,False,,False
valence_index,dose,18,6.666666666666667,-1.651704250647385,0.1169443590860654,0.3871700336208938,False,,False
valence_index,dose,18,6.733333333333333,-1.6483962982796,0.1176274308628517,0.3871700336208938,False,,False
valence_index,dose,18,6.8,-1.6430810372705875,0.1187321436437407,0.3871700336208938,False,,False
valence_index,dose,18,6.866666666666666,-1.6446054743493184,0.1184144048063059,0.3871700336208938,False,,False
valence_index,dose,18,6.933333333333334,-1.648783652761881,0.1175472685721771,0.3871700336208938,False,,False
valence_index,dose,18,7.0,-1.5406061422929844,0.1418198049586037,0.4397026025041506,False,,False
valence_index,dose,18,7.066666666666666,-1.5319299250780578,0.1439369825026211,0.4397026025041506,False,,False
valence_index,dose,18,7.133333333333334,-1.5250798120713622,0.1456271522745444,0.4397026025041506,False,,False
valence_index,dose,18,7.2,-1.524341617478156,0.1458102760428277,0.4397026025041506,False,,False
valence_index,dose,18,7.266666666666667,-1.520624790273338,0.146735229039145,0.4397026025041506,False,,False
valence_index,dose,18,7.333333333333333,-1.52222364793648,0.1463367466865154,0.4397026025041506,False,,False
valence_index,dose,18,7.4,-1.516422729283109,0.147786819688338,0.4397026025041506,False,,False
valence_index,dose,18,7.466666666666667,-1.5041409187478991,0.1508964382237777,0.4397026025041506,False,,False
valence_index,dose,18,7.533333333333333,-1.4907663794424446,0.1543443303531477,0.4397026025041506,False,,False
valence_index,dose,18,7.6,-1.4787698745341689,0.1574922293557492,0.4397026025041506,False,,False
valence_index,dose,18,7.666666666666667,-1.467850532126893,0.1604033907035918,0.4397026025041506,False,,False
valence_index,dose,18,7.733333333333333,-1.4528878682472517,0.1644643537807386,0.4397026025041506,False,,False
valence_index,dose,18,7.8,-1.4432779296143998,0.1671167899952843,0.4397026025041506,False,,False
valence_index,dose,18,7.866666666666666,-1.4311516694854307,0.1705136343477703,0.4397026025041506,False,,False
valence_index,dose,18,7.933333333333334,-1.4250998745573322,0.1722298566149314,0.4397026025041506,False,,False
valence_index,dose,18,8.0,-1.419765239919576,0.173754354766017,0.4397026025041506,False,,False
valence_index,dose,18,8.066666666666666,-1.4151547818452146,0.1750807370867231,0.4397026025041506,False,,False
valence_index,dose,18,8.133333333333333,-1.4103079600803743,0.176483985285176,0.4397026025041506,False,,False
valence_index,dose,18,8.2,-1.4068010172419387,0.1775049986513418,0.4397026025041506,False,,False
valence_index,dose,18,8.266666666666667,-1.4055349772958952,0.1778747699777452,0.4397026025041506,False,,False
valence_index,dose,18,8.333333333333334,-1.40591488775351,0.1777637442437669,0.4397026025041506,False,,False
valence_index,dose,18,8.4,-1.4049863713780124,0.1780351948531967,0.4397026025041506,False,,False
valence_index,dose,18,8.466666666666667,-1.4033370562911842,0.1785181990896881,0.4397026025041506,False,,False
valence_index,dose,18,8.533333333333333,-1.4361587726772107,0.1691042531993782,0.4397026025041506,False,,False
valence_index,dose,18,8.6,-1.4450741384283243,0.1666183730806972,0.4397026025041506,False,,False
valence_index,dose,18,8.666666666666666,-1.4297293161175084,0.1709157380091556,0.4397026025041506,False,,False
valence_index,dose,18,8.733333333333333,-1.4144072173802948,0.1752965778005225,0.4397026025041506,False,,False
valence_index,dose,18,8.8,-1.3973580677192148,0.1802780670267017,0.4397026025041506,False,,False
valence_index,dose,18,8.866666666666667,-1.380624476083913,0.1852781958168349,0.4446676699604039,False,,False
valence_index,dose,18,8.933333333333334,-1.3595481598723054,0.1917343601021485,0.4565103811955918,False,,False
valence_index,dose,18,9.0,-1.3424305681709932,0.1971095539599342,0.4619755170935958,False,,False
valence_index,dose,18,9.066666666666666,-1.3311429443942655,0.2007193709288546,0.4667892347182665,False,,False
valence_index,dose,18,9.133333333333333,-1.314465927463085,0.2061487195051947,0.4692925646070672,False,,False
valence_index,dose,18,9.2,-1.300392095656625,0.2108204732699252,0.4755349021126133,False,,False
valence_index,dose,18,9.266666666666667,-1.2885422739090886,0.2148183606017094,0.4773741346704654,False,,False
valence_index,dose,18,9.333333333333334,-1.2745615049475028,0.2196114970255117,0.48443712579157,False,,False
valence_index,dose,18,9.4,-1.2589112361690695,0.2250758002983792,0.4928667159818524,False,,False
valence_index,dose,18,9.466666666666669,-1.2503760711771148,0.2281001616017403,0.495292089028621,False,,False
valence_index,dose,18,9.533333333333331,-1.217652727709677,0.2399881723052731,0.510613132564411,False,,False
valence_index,dose,18,9.6,-1.1589241175146197,0.262507980547858,0.5404683294795063,False,,False
valence_index,dose,18,9.666666666666666,-1.1431586844681827,0.2688165586022858,0.5442166695159895,False,,False
valence_index,dose,18,9.733333333333333,-1.1447373959744682,0.2681797627163551,0.5442166695159895,False,,False
valence_index,dose,18,9.8,-1.1244271585979575,0.2764586878759247,0.5492556712766717,False,,False
valence_index,dose,18,9.866666666666667,-1.1058086357581,0.284213547596069,0.5536627550572774,False,,False
valence_index,dose,18,9.933333333333334,-1.093572677518353,0.2893966853346808,0.5559645300890727,False,,False
valence_index,dose,18,10.0,-1.0873388969379596,0.2920638479528474,0.5559645300890727,False,,False
valence_index,dose,18,10.066666666666666,-1.0780521210655745,0.2960705663551675,0.5559645300890727,False,,False
valence_index,dose,18,10.133333333333333,-1.067436274106164,0.3006996483043255,0.5559645300890727,False,,False
valence_index,dose,18,10.2,-1.0567340270150485,0.3054193920636122,0.5559645300890727,False,,False
valence_index,dose,18,10.266666666666667,-1.0482032259690568,0.3092197100880695,0.5559645300890727,False,,False
valence_index,dose,18,10.333333333333334,-1.03853228296765,0.3135690003527215,0.5559645300890727,False,,False
valence_index,dose,18,10.4,-1.0354127086521137,0.3149812793320821,0.5559645300890727,False,,False
valence_index,dose,18,10.466666666666669,-1.040209021207653,0.3128117947893869,0.5559645300890727,False,,False
valence_index,dose,18,10.533333333333331,-1.041986003822028,0.3120107531190014,0.5559645300890727,False,,False
valence_index,dose,18,10.6,-1.0408127001666097,0.3125394983806817,0.5559645300890727,False,,False
valence_index,dose,18,10.666666666666666,-1.0352687376379663,0.3150465670504745,0.5559645300890727,False,,False
valence_index,dose,18,10.733333333333333,-1.023449698666954,0.3204393263884849,0.5621742568219034,False,,False
valence_index,dose,18,10.8,-1.0057598526234486,0.3286331342019133,0.5666088520722643,False,,False
valence_index,dose,18,10.866666666666667,-0.9897928945837624,0.3361551150213494,0.5744484487770521,False,,False
valence_index,dose,18,10.933333333333334,-0.9722515067160304,0.3445570908401465,0.5811271147394559,False,,False
valence_index,dose,18,11.0,-0.967072767112345,0.3470653140567717,0.5816737107096733,False,,False
valence_index,dose,18,11.066666666666666,-0.9551808199510906,0.3528727881351821,0.5881213135586368,False,,False
valence_index,dose,18,11.133333333333333,-0.938188609866778,0.3612866849994653,0.5955275027463715,False,,False
valence_index,dose,18,11.2,-0.926136567981832,0.3673369111221455,0.6014963032548537,False,,False
valence_index,dose,18,11.266666666666667,-0.9103444620279236,0.3753682873876092,0.605432721592918,False,,False
valence_index,dose,18,11.333333333333334,-0.8918680745399266,0.3849138452655404,0.6160165992476444,False,,False
valence_index,dose,18,11.4,-0.8707671709613966,0.3960115332295705,0.6285897352850326,False,,False
valence_index,dose,18,11.466666666666669,-0.8544909571752821,0.4047143088416363,0.6356769248821513,False,,False
valence_index,dose,18,11.533333333333331,-0.836455824959863,0.4145020767092361,0.6476594948581815,False,,False
valence_index,dose,18,11.6,-0.8097206326670617,0.4292896074026303,0.6604455498502005,False,,False
valence_index,dose,18,11.666666666666666,-0.7925510960529133,0.438960448428599,0.6718782373907127,False,,False
valence_index,dose,18,11.733333333333333,-0.7772407471696097,0.4476982411621817,0.681773971312967,False,,False
valence_index,dose,18,11.8,-0.7682858591377463,0.4528585189654237,0.682701284872498,False,,False
valence_index,dose,18,11.866666666666667,-0.7530805266982368,0.4617040637432685,0.6925560956149027,False,,False
valence_index,dose,18,11.933333333333334,-0.7392991009831313,0.4698114732736206,0.7012111541397323,False,,False
valence_index,dose,18,12.0,-0.723855526529244,0.4789978812681175,0.7078786422681539,False,,False
valence_index,dose,18,12.066666666666666,-0.7048269209119198,0.4904625872480174,0.7177501276800254,False,,False
valence_index,dose,18,12.133333333333333,-0.6861327624365234,0.5018809011636041,0.7308945162576759,False,,False
valence_index,dose,18,12.2,-0.6648359025545789,0.5150739078822253,0.7464839244669932,False,,False
valence_index,dose,18,12.266666666666667,-0.6475160601626548,0.5259465432965763,0.7513522047093947,False,,False
valence_index,dose,18,12.333333333333334,-0.6256986918424132,0.5398226712428486,0.7675203856533391,False,,False
valence_index,dose,18,12.4,-0.610197022771161,0.5498021336562856,0.7780218872494608,False,,False
valence_index,dose,18,12.466666666666669,-0.5906377649621123,0.5625337990087736,0.7885987836571594,False,,False
valence_index,dose,18,12.533333333333331,-0.5649954557141681,0.5794571593154589,0.8085448734634311,False,,False
valence_index,dose,18,12.6,-0.5257576965902571,0.6058476223798055,0.8337352601556955,False,,False
valence_index,dose,18,12.666666666666666,-0.4744317717553635,0.6412290572557049,0.874403259894143,False,,False
valence_index,dose,18,12.733333333333333,-0.4312049019519035,0.6717376372287723,0.9077535638226654,False,,False
valence_index,dose,18,12.8,-0.4176586721370687,0.6814242560130583,0.911788899387504,False,,False
valence_index,dose,18,12.866666666666667,-0.4040597971285701,0.6912064623461575,0.9175307022294126,False,,False
valence_index,dose,18,12.933333333333334,-0.382728935164432,0.7066638836213323,0.9257605462288196,False,,False
valence_index,dose,18,13.0,-0.3494835284696438,0.7310181301264519,0.949374194969418,False,,False
valence_index,dose,18,13.066666666666666,-0.3153183634027308,0.7563577095090046,0.9780487622961268,False,,False
valence_index,dose,18,13.133333333333333,-0.2890776273791701,0.7760175663497652,0.9855686169233522,False,,False
valence_index,dose,18,13.2,-0.2633825236852283,0.795421579577747,0.9855686169233522,False,,False
valence_index,dose,18,13.266666666666667,-0.236491046520841,0.8158776619422436,0.9855686169233522,False,,False
valence_index,dose,18,13.333333333333334,-0.2049551608871396,0.840041101445526,0.9855686169233522,False,,False
valence_index,dose,18,13.4,-0.1743506058319801,0.8636494096585114,0.9855686169233522,False,,False
valence_index,dose,18,13.466666666666669,-0.1543479858756382,0.8791529588842689,0.9855686169233522,False,,False
valence_index,dose,18,13.533333333333331,-0.1427580612727159,0.8881596352001426,0.9855686169233522,False,,False
valence_index,dose,18,13.6,-0.1440614030029947,0.8871459816518148,0.9855686169233522,False,,False
valence_index,dose,18,13.666666666666666,-0.1434732395793311,0.8876033916998959,0.9855686169233522,False,,False
valence_index,dose,18,13.733333333333333,-0.1214966355951854,0.904722259212824,0.9855686169233522,False,,False
valence_index,dose,18,13.8,-0.0861558852480132,0.9323491153908888,0.9855686169233522,False,,False
valence_index,dose,18,13.866666666666667,-0.0561553139533993,0.9558728078120252,0.9855686169233522,False,,False
valence_index,dose,18,13.933333333333334,-0.0470604374988764,0.9630134941057896,0.9855686169233522,False,,False
valence_index,dose,18,14.0,-0.0461679992535153,0.963714361159589,0.9855686169233522,False,,False
valence_index,dose,18,14.066666666666666,-0.0340208713414874,0.9732567747217468,0.9855686169233522,False,,False
valence_index,dose,18,14.133333333333333,-0.0281008543501571,0.9779089654632694,0.9855686169233522,False,,False
valence_index,dose,18,14.2,-0.0368967151716166,0.970997166679772,0.9855686169233522,False,,False
valence_index,dose,18,14.266666666666667,-0.0334967731433707,0.9736685949597164,0.9855686169233522,False,,False
valence_index,dose,18,14.333333333333334,-0.1130212663202605,0.9113376311999738,0.9855686169233522,False,,False
valence_index,dose,18,14.4,-0.1799860063573083,0.8592915723208799,0.9855686169233522,False,,False
valence_index,dose,18,14.466666666666669,-0.1789446965149102,0.8600964664610511,0.9855686169233522,False,,False
valence_index,dose,18,14.533333333333331,-0.1855818696990532,0.8549689283298936,0.9855686169233522,False,,False
valence_index,dose,18,14.6,-0.1923534375473903,0.8497444387418663,0.9855686169233522,False,,False
valence_index,dose,18,14.666666666666666,-0.1985071264558214,0.8450028881946536,0.9855686169233522,False,,False
valence_index,dose,18,14.733333333333333,-0.1997489209657268,0.8440467942576332,0.9855686169233522,False,,False
valence_index,dose,18,14.8,-0.2107267748866126,0.8356056866856602,0.9855686169233522,False,,False
valence_index,dose,18,14.866666666666667,-0.2200801942452847,0.82842985249515,0.9855686169233522,False,,False
valence_index,dose,18,14.933333333333334,-0.2131991144971944,0.8337074570529184,0.9855686169233522,False,,False
valence_index,dose,18,15.0,-0.2097222219071924,0.8363772682979433,0.9855686169233522,False,,False
valence_index,dose,18,15.066666666666666,-0.1965924450812723,0.8464775448408085,0.9855686169233522,False,,False
valence_index,dose,18,15.133333333333333,-0.1833630585084228,0.8566823367820798,0.9855686169233522,False,,False
valence_index,dose,18,15.2,-0.1420604703188172,0.8887022576709109,0.9855686169233522,False,,False
valence_index,dose,18,15.266666666666667,-0.1117604340734704,0.9123223474692872,0.9855686169233522,False,,False
valence_index,dose,18,15.333333333333334,-0.094284474855474,0.925985558107396,0.9855686169233522,False,,False
valence_index,dose,18,15.4,-0.0844363273342418,0.933695910047278,0.9855686169233522,False,,False
valence_index,dose,18,15.466666666666669,-0.0637997593313491,0.9498738624545092,0.9855686169233522,False,,False
valence_index,dose,18,15.533333333333331,-0.0517301479092562,0.9593467074986072,0.9855686169233522,False,,False
valence_index,dose,18,15.6,-0.0408155796392639,0.9679184489170364,0.9855686169233522,False,,False
valence_index,dose,18,15.666666666666666,-0.0313996638177919,0.9753165143368958,0.9855686169233522,False,,False
valence_index,dose,18,15.733333333333333,-0.0286522925348536,0.977475585586826,0.9855686169233522,False,,False
valence_index,dose,18,15.8,-0.0308384635837181,0.9757575281939288,0.9855686169233522,False,,False
valence_index,dose,18,15.866666666666667,-0.0358465049380691,0.9718223094940752,0.9855686169233522,False,,False
valence_index,dose,18,15.933333333333334,-0.0401098298698614,0.9684728593145168,0.9855686169233522,False,,False
valence_index,dose,18,16.0,-0.0469256956511105,0.9631193102256675,0.9855686169233522,False,,False
valence_index,dose,18,16.066666666666666,-0.059943361307034,0.952899790220058,0.9855686169233522,False,,False
valence_index,dose,18,16.133333333333333,-0.0775442504416023,0.9390959677533196,0.9855686169233522,False,,False
valence_index,dose,18,16.2,-0.103944886295843,0.9184295419163032,0.9855686169233522,False,,False
valence_index,dose,18,16.266666666666666,-0.1394499819689233,0.8907333334887634,0.9855686169233522,False,,False
valence_index,dose,18,16.333333333333332,-0.153776713766962,0.8795965130410497,0.9855686169233522,False,,False
valence_index,dose,18,16.4,-0.1431163290471009,0.8878809781133905,0.9855686169233522,False,,False
valence_index,dose,18,16.466666666666665,-0.1121925633901952,0.9119848356995424,0.9855686169233522,False,,False
valence_index,dose,18,16.533333333333335,-0.077918818758513,0.9388024062484424,0.9855686169233522,False,,False
valence_index,dose,18,16.6,-0.0515754527339638,0.959468163906252,0.9855686169233522,False,,False
valence_index,dose,18,16.666666666666668,-0.0369526834294669,0.9709531937536956,0.9855686169233522,False,,False
valence_index,dose,18,16.733333333333334,-0.0267149892831021,0.9789981594771964,0.9855686169233522,False,,False
valence_index,dose,18,16.8,0.000302193453144,0.9997624023776353,0.9997624023776354,False,,False
valence_index,dose,18,16.866666666666667,0.0170214811101117,0.9866176560228516,0.9899173806249346,False,,False
valence_index,dose,18,16.933333333333334,0.0275446721506066,0.9783460809026028,0.9855686169233522,False,,False
valence_index,dose,18,17.0,0.0414261512489484,0.9674388205221668,0.9855686169233522,False,,False
valence_index,dose,18,17.066666666666666,0.0586375065859906,0.9539246010536736,0.9855686169233522,False,,False
valence_index,dose,18,17.133333333333333,0.0784009780911061,0.9384245354831638,0.9855686169233522,False,,False
valence_index,dose,18,17.2,0.1000839196189423,0.921448525697504,0.9855686169233522,False,,False
valence_index,dose,18,17.266666666666666,0.1202608631625165,0.9056863933018277,0.9855686169233522,False,,False
valence_index,dose,18,17.333333333333332,0.1403372773480576,0.8900428898377478,0.9855686169233522,False,,False
valence_index,dose,18,17.4,0.1752741745307722,0.8629349029443887,0.9855686169233522,False,,False
valence_index,dose,18,17.466666666666665,0.2137932581896548,0.8332514383754648,0.9855686169233522,False,,False
valence_index,dose,18,17.533333333333335,0.2563997928042888,0.8007192219844679,0.9855686169233522,False,,False
valence_index,dose,18,17.6,0.3089856910583751,0.7610870887267687,0.9799404575881142,False,,False
valence_index,dose,18,17.666666666666668,0.3646207199865156,0.7198906636546051,0.9389878221581806,False,,False
valence_index,dose,18,17.733333333333334,0.3863638189115697,0.7040202901779571,0.9257605462288196,False,,False
valence_index,dose,18,17.8,0.3887503232062665,0.7022867390368496,0.9257605462288196,False,,False
valence_index,dose,18,17.866666666666667,0.4142906250521528,0.683841674540628,0.911788899387504,False,,False
valence_index,dose,18,17.933333333333334,0.4648322002496613,0.6479499006094279,0.8795700008272777,False,,False
valence_index,dose,18,18.0,0.5131783268234043,0.6144309908467901,0.8416862888312192,False,,False
valence_index,dose,18,18.066666666666663,0.5492589634555087,0.5899704929048896,0.8156274095459303,False,,False
valence_index,dose,18,18.133333333333333,0.5996485519960034,0.5566491736513901,0.7840129206357607,False,,False
valence_index,dose,18,18.2,0.6601542278239422,0.5180002604636952,0.7471157602841758,False,,False
valence_index,dose,18,18.266666666666666,0.71846561994002,0.4822290173606021,0.7091603196479443,False,,False
valence_index,dose,18,18.33333333333333,0.7689006141428748,0.4525030976996966,0.682701284872498,False,,False
valence_index,dose,18,18.4,0.8108318656523782,0.4286683803627963,0.6604455498502005,False,,False
valence_index,dose,18,18.466666666666665,0.857654715415595,0.4030129678215138,0.6356769248821513,False,,False
valence_index,dose,18,18.53333333333333,0.8897141857573312,0.3860370688618572,0.6160165992476444,False,,False
valence_index,dose,18,18.6,0.9190144960185724,0.3709444317248593,0.6015315109051773,False,,False
valence_index,dose,18,18.666666666666668,0.9432898914432128,0.3587464245835605,0.5946073335639125,False,,False
valence_index,dose,18,18.73333333333333,0.9717445076922534,0.3448020880787438,0.5811271147394559,False,,False
valence_index,dose,18,18.8,0.9879946875093958,0.3370097566158705,0.5744484487770521,False,,False
valence_index,dose,18,18.866666666666667,1.0152416656977876,0.3242229704136087,0.5647811011865381,False,,False
valence_index,dose,18,18.933333333333334,1.0355551670865923,0.3149166870762659,0.5559645300890727,False,,False
valence_index,dose,18,19.0,1.059647524063501,0.3041292476607088,0.5559645300890727,False,,False
valence_index,dose,18,19.066666666666663,1.0720818285187033,0.2986675026073104,0.5559645300890727,False,,False
valence_index,dose,18,19.133333333333333,1.0899688944773989,0.290936398683045,0.5559645300890727,False,,False
valence_index,dose,18,19.2,1.1064511235821712,0.2839432942232291,0.5536627550572774,False,,False
valence_index,dose,18,19.266666666666666,1.1265846977130411,0.2755703021449905,0.5492556712766717,False,,False
valence_index,dose,18,19.33333333333333,1.1395059474379508,0.2702942791929414,0.5442166695159895,False,,False
valence_index,dose,18,19.4,1.1576140672398736,0.263027920346693,0.5404683294795063,False,,False
valence_index,dose,18,19.466666666666665,1.1812153935678082,0.253779201329206,0.5287066694358459,False,,False
valence_index,dose,18,19.53333333333333,1.193626706982586,0.2490155598483166,0.522410265416049,False,,False
valence_index,dose,18,19.6,1.2104519418582715,0.2426670050628304,0.5126767712595008,False,,False
valence_index,dose,18,19.666666666666668,1.2464962483916118,0.229485334583261,0.495292089028621,False,,False
valence_index,dose,18,19.73333333333333,1.2888697725615477,0.2147070741647881,0.4773741346704654,False,,False
valence_index,dose,18,19.8,1.3194994324997673,0.2044978943701996,0.4692925646070672,False,,False
valence_index,dose,18,19.866666666666667,1.3527356955480712,0.1938593488701959,0.4579354697721165,False,,False
valence_index,dose,18,19.933333333333334,1.3843617263170704,0.1841518805903,0.4446676699604039,False,,False
interoception_z,state,18,0.0,5.099256683093111,8.907596448147542e-05,9.0893841307628e-05,True,1.52587890625e-05,True
interoception_z,state,18,0.0666666666666666,5.2895774994847296,6.0060410545341264e-05,6.435043987000849e-05,True,1.52587890625e-05,True
interoception_z,state,18,0.1333333333333333,5.438409342719194,4.425955673640089e-05,4.917728526266765e-05,True,1.52587890625e-05,True
interoception_z,state,18,0.2,5.577076972747355,3.338343093801875e-05,3.822530260078483e-05,True,1.52587890625e-05,True
interoception_z,state,18,0.2666666666666666,5.763629927664849,2.2930455048805405e-05,2.7083214624573317e-05,True,1.52587890625e-05,True
interoception_z,state,18,0.3333333333333333,5.936460619466399,1.6256599424264614e-05,1.9665241239029772e-05,True,1.52587890625e-05,True
interoception_z,state,18,0.4,6.121281510930709,1.1302460827918047e-05,1.4246799362921911e-05,True,1.52587890625e-05,True
interoception_z,state,18,0.4666666666666667,6.327957173663938,7.568350690764826e-06,9.958356172058982e-06,True,1.52587890625e-05,True
interoception_z,state,18,0.5333333333333333,6.579535704306236,4.681427465449576e-06,7.97156733016381e-06,True,1.52587890625e-05,True
interoception_z,state,18,0.6,6.725282468308875,3.5581951164814177e-06,7.212557668543413e-06,True,1.52587890625e-05,True
interoception_z,state,18,0.6666666666666666,6.896216886331489,2.588771981111438e-06,5.627765176329214e-06,True,1.52587890625e-05,True
interoception_z,state,18,0.7333333333333333,7.060273636857679,1.9148801624851664e-06,4.926880494535645e-06,True,1.52587890625e-05,True
interoception_z,state,18,0.8,7.25793710816257,1.338045357338069e-06,4.460151191126897e-06,True,1.52587890625e-05,True
interoception_z,state,18,0.8666666666666667,7.476414916321,9.058753089423256e-07,3.397032408533721e-06,True,1.52587890625e-05,True
interoception_z,state,18,0.9333333333333332,7.582197906421208,7.516969539055822e-07,3.0474200834010086e-06,True,1.52587890625e-05,True
interoception_z,state,18,1.0,7.669638730288283,6.449907882530119e-07,2.764246235370051e-06,True,1.52587890625e-05,True
interoception_z,state,18,1.0666666666666669,7.758007988981035,5.530998665166069e-07,2.5926556242965947e-06,True,1.52587890625e-05,True
interoception_z,state,18,1.1333333333333333,7.845500490714414,4.755042558186302e-07,2.3775212790931507e-06,True,1.52587890625e-05,True
interoception_z,state,18,1.2,7.918654840534474,4.193695145159353e-07,2.2466223991925105e-06,True,1.52587890625e-05,True
interoception_z,state,18,1.2666666666666666,7.976451654560572,3.799322753491618e-07,2.1618957167138355e-06,True,1.52587890625e-05,True
interoception_z,state,18,1.3333333333333333,8.013839143045631,3.565012919643682e-07,2.139007751786209e-06,True,1.52587890625e-05,True
interoception_z,state,18,1.4,8.058927645877498,3.302370693897186e-07,2.139007751786209e-06,True,1.52587890625e-05,True
interoception_z,state,18,1.4666666666666666,8.106297622280975,3.0481126742543535e-07,2.139007751786209e-06,True,1.52587890625e-05,True
interoception_z,state,18,1.5333333333333334,8.123860554875604,2.9591173637525704e-07,2.139007751786209e-06,True,1.52587890625e-05,True
interoception_z,state,18,1.6,8.155291370292707,2.806562576563184e-07,2.139007751786209e-06,True,1.52587890625e-05,True
interoception_z,state,18,1.6666666666666667,8.182852839949826,2.679552115470836e-07,2.139007751786209e-06,True,1.52587890625e-05,True
interoception_z,state,18,1.7333333333333334,8.199687517466208,2.6049418916670426e-07,2.139007751786209e-06,True,1.52587890625e-05,True
interoception_z,state,18,1.8,8.272011629588972,2.3082727693866087e-07,2.139007751786209e-06,True,1.52587890625e-05,True
interoception_z,state,18,1.8666666666666667,8.345807445549875,2.0417541564689122e-07,2.139007751786209e-06,True,1.52587890625e-05,True
interoception_z,state,18,1.9333333333333331,8.369785210639195,1.9622507066855333e-07,2.139007751786209e-06,True,1.52587890625e-05,True
interoception_z,state,18,2.0,8.366530103361544,1.972851032918646e-07,2.139007751786209e-06,True,1.52587890625e-05,True
interoception_z,state,18,2.066666666666667,8.371381296913006,1.9570747968373165e-07,2.139007751786209e-06,True,1.52587890625e-05,True
interoception_z,state,18,2.1333333333333333,8.35410611573666,2.0138636646362886e-07,2.139007751786209e-06,True,1.52587890625e-05,True
interoception_z,state,18,2.2,8.345095058555454,2.044167124541747e-07,2.139007751786209e-06,True,1.52587890625e-05,True
interoception_z,state,18,2.2666666666666666,8.280464384908894,2.275981711339496e-07,2.139007751786209e-06,True,1.52587890625e-05,True
interoception_z,state,18,2.333333333333333,8.272700036825091,2.3056251013577646e-07,2.139007751786209e-06,True,1.52587890625e-05,True
interoception_z,state,18,2.4,8.264649745188507,2.3367867236960927e-07,2.139007751786209e-06,True,1.52587890625e-05,True
interoception_z,state,18,2.466666666666667,8.258589658358055,2.360534825417069e-07,2.139007751786209e-06,True,1.52587890625e-05,True
interoception_z,state,18,2.533333333333333,8.250291553892712,2.393463228510165e-07,2.139007751786209e-06,True,1.52587890625e-05,True
interoception_z,state,18,2.6,8.224866882732,2.497375790482711e-07,2.139007751786209e-06,True,1.52587890625e-05,True
interoception_z,state,18,2.6666666666666665,8.20759768573998,2.570637477317789e-07,2.139007751786209e-06,True,1.52587890625e-05,True
interoception_z,state,18,2.7333333333333334,8.16864006581851,2.7442804686375985e-07,2.139007751786209e-06,True,1.52587890625e-05,True
interoception_z,state,18,2.8,8.123349935017577,2.961666092769059e-07,2.139007751786209e-06,True,1.52587890625e-05,True
interoception_z,state,18,2.8666666666666667,8.076991409247428,3.20289461321069e-07,2.139007751786209e-06,True,1.52587890625e-05,True
interoception_z,state,18,2.933333333333333,8.028576756567377,3.4768449994937826e-07,2.139007751786209e-06,True,1.52587890625e-05,True
interoception_z,state,18,3.0,7.962412552683647,3.891412290084904e-07,2.1618957167138355e-06,True,1.52587890625e-05,True
interoception_z,state,18,3.066666666666667,7.877748600088495,4.498491512103221e-07,2.326805954536149e-06,True,1.52587890625e-05,True
interoception_z,state,18,3.1333333333333333,7.800857485306151,5.135674450070626e-07,2.4850037661632057e-06,True,1.52587890625e-05,True
interoception_z,state,18,3.2,7.738466487971946,5.72171016374855e-07,2.600777347158432e-06,True,1.52587890625e-05,True
interoception_z,state,18,3.2666666666666666,7.690237713975707,6.222345065227503e-07,2.7451522346591925e-06,True,1.52587890625e-05,True
interoception_z,state,18,3.333333333333333,7.623693010699386,6.989328658609192e-07,2.9122202744204963e-06,True,1.52587890625e-05,True
interoception_z,state,18,3.4,7.560846542703318,7.804499062786186e-07,3.080723314257705e-06,True,1.52587890625e-05,True
interoception_z,state,18,3.466666666666667,7.5046802003195054,8.6169777656988e-07,3.3142222175764614e-06,True,1.52587890625e-05,True
interoception_z,state,18,3.533333333333333,7.447196705555454,9.540312284926535e-07,3.490358153021904e-06,True,1.52587890625e-05,True
interoception_z,state,18,3.6,7.402814428570995,1.0323475446854349e-06,3.686955516733696e-06,True,1.52587890625e-05,True
interoception_z,state,18,3.6666666666666665,7.3634808690089715,1.107356386620377e-06,3.862871116117594e-06,True,1.52587890625e-05,True
interoception_z,state,18,3.733333333333333,7.293975729474806,1.2541097999623527e-06,4.275374318053475e-06,True,1.52587890625e-05,True
interoception_z,state,18,3.8,7.239349387443435,1.3836044568325528e-06,4.511753663584411e-06,True,1.52587890625e-05,True
interoception_z,state,18,3.8666666666666663,7.206864977181611,1.4671449693090004e-06,4.68237756162447e-06,True,1.52587890625e-05,True
interoception_z,state,18,3.933333333333333,7.189281030609883,1.514541020659153e-06,4.732940689559853e-06,True,1.52587890625e-05,True
interoception_z,state,18,4.0,7.169488711822218,1.569802159610878e-06,4.761306610875987e-06,True,1.52587890625e-05,True
interoception_z,state,18,4.066666666666666,7.157480384817593,1.604349578184564e-06,4.761306610875987e-06,True,1.52587890625e-05,True
interoception_z,state,18,4.133333333333334,7.15252214769752,1.6188442476978357e-06,4.761306610875987e-06,True,1.52587890625e-05,True
interoception_z,state,18,4.2,7.128649788601556,1.690564588996692e-06,4.876628622105843e-06,True,1.52587890625e-05,True
interoception_z,state,18,4.266666666666667,7.114127394526038,1.7358057129277397e-06,4.912657678097375e-06,True,1.52587890625e-05,True
interoception_z,state,18,4.333333333333333,7.09534798376453,1.7961844373979029e-06,4.926880494535645e-06,True,1.52587890625e-05,True
interoception_z,state,18,4.4,7.087218816458386,1.822995129085837e-06,4.926880494535645e-06,True,1.52587890625e-05,True
interoception_z,state,18,4.466666666666667,7.072834055390018,1.8714627806345485e-06,4.926880494535645e-06,True,1.52587890625e-05,True
interoception_z,state,18,4.533333333333333,7.062499581178942,1.9071100255499655e-06,4.926880494535645e-06,True,1.52587890625e-05,True
interoception_z,state,18,4.6,7.052759000246818,1.9413558566537605e-06,4.926880494535645e-06,True,1.52587890625e-05,True
interoception_z,state,18,4.666666666666667,7.043342307017795,1.9750716596140126e-06,4.926880494535645e-06,True,1.52587890625e-05,True
interoception_z,state,18,4.733333333333333,7.033721643364817,2.0101475517965077e-06,4.926880494535645e-06,True,1.52587890625e-05,True
interoception_z,state,18,4.8,7.0266229136604,2.0364439377414e-06,4.926880494535645e-06,True,1.52587890625e-05,True
interoception_z,state,18,4.866666666666666,7.0108392391455805,2.096203445995711e-06,4.990960585704074e-06,True,1.52587890625e-05,True
interoception_z,state,18,4.933333333333334,6.994100628029083,2.161575602977332e-06,5.066192819478122e-06,True,1.52587890625e-05,True
interoception_z,state,18,5.0,6.980297441113374,2.217078086230748e-06,5.11633404514788e-06,True,1.52587890625e-05,True
interoception_z,state,18,5.066666666666666,6.956953413794148,2.314343011860972e-06,5.259870481502209e-06,True,1.52587890625e-05,True
interoception_z,state,18,5.133333333333334,6.937982692657756,2.3966514544239783e-06,5.365637584531295e-06,True,1.52587890625e-05,True
interoception_z,state,18,5.2,6.915796154266005,2.496788643570816e-06,5.5076220078768e-06,True,1.52587890625e-05,True
interoception_z,state,18,5.266666666666667,6.886358420279261,2.636414135562584e-06,5.649458861919823e-06,True,1.52587890625e-05,True
interoception_z,state,18,5.333333333333333,6.856213191696734,2.7878319477666302e-06,5.889785805140769e-06,True,1.52587890625e-05,True
interoception_z,state,18,5.4,6.802450581737581,3.080733755449934e-06,6.418195323854029e-06,True,1.52587890625e-05,True
interoception_z,state,18,5.466666666666667,6.75617473564928,3.3584344721216416e-06,6.90089275093488e-06,True,1.52587890625e-05,True
interoception_z,state,18,5.533333333333333,6.708978439703384,3.668561819184797e-06,7.337123638369595e-06,True,1.52587890625e-05,True
interoception_z,state,18,5.6,6.673608637890897,3.9203903050434186e-06,7.737612444164643e-06,True,1.52587890625e-05,True
interoception_z,state,18,5.666666666666667,6.644621694192817,4.140137218794367e-06,7.97156733016381e-06,True,1.52587890625e-05,True
interoception_z,state,18,5.733333333333333,6.626108852948061,4.287140865903718e-06,7.97156733016381e-06,True,1.52587890625e-05,True
interoception_z,state,18,5.8,6.607521641490265,4.440195269894025e-06,7.97156733016381e-06,True,1.52587890625e-05,True
interoception_z,state,18,5.866666666666666,6.59001652671115,4.589529817577522e-06,7.97156733016381e-06,True,1.52587890625e-05,True
interoception_z,state,18,5.933333333333334,6.57934736957072,4.683096178804365e-06,7.97156733016381e-06,True,1.52587890625e-05,True
interoception_z,state,18,6.0,6.563045975848025,4.829897845574922e-06,7.97156733016381e-06,True,1.52587890625e-05,True
interoception_z,state,18,6.066666666666666,6.554247502479961,4.911109209544675e-06,7.97156733016381e-06,True,1.52587890625e-05,True
interoception_z,state,18,6.133333333333334,6.53299662244558,5.1131575734109446e-06,7.97156733016381e-06,True,1.52587890625e-05,True
interoception_z,state,18,6.2,6.528888755250998,5.153199082305781e-06,7.97156733016381e-06,True,1.52587890625e-05,True
interoception_z,state,18,6.266666666666667,6.5204732902764375,5.2362484336918495e-06,7.97156733016381e-06,True,1.52587890625e-05,True
interoception_z,state,18,6.333333333333333,6.521419909176011,5.226837644561242e-06,7.97156733016381e-06,True,1.52587890625e-05,True
interoception_z,state,18,6.4,6.516086393296059,5.280090770553556e-06,7.97156733016381e-06,True,1.52587890625e-05,True
interoception_z,state,18,6.466666666666667,6.504276605542073,5.400020185331033e-06,7.97156733016381e-06,True,1.52587890625e-05,True
interoception_z,state,18,6.533333333333333,6.497453621502704,5.470593091175504e-06,7.97156733016381e-06,True,1.52587890625e-05,True
interoception_z,state,18,6.6,6.488919615909544,5.56021306327843e-06,7.97156733016381e-06,True,1.52587890625e-05,True
interoception_z,state,18,6.666666666666667,6.490477826952772,5.543736527705728e-06,7.97156733016381e-06,True,1.52587890625e-05,True
interoception_z,state,18,6.733333333333333,6.4951123016692645,5.495030288125828e-06,7.97156733016381e-06,True,1.52587890625e-05,True
interoception_z,state,18,6.8,6.496247495701215,5.483167746269515e-06,7.97156733016381e-06,True,1.52587890625e-05,True
interoception_z,state,18,6.866666666666666,6.495057078969474,5.495608032601704e-06,7.97156733016381e-06,True,1.52587890625e-05,True
interoception_z,state,18,6.933333333333334,6.487532038472756,5.574928083870624e-06,7.97156733016381e-06,True,1.52587890625e-05,True
interoception_z,state,18,7.0,6.478755504853483,5.668942527873542e-06,7.97156733016381e-06,True,1.52587890625e-05,True
interoception_z,state,18,7.066666666666666,6.467432342992463,5.792672259919035e-06,7.97156733016381e-06,True,1.52587890625e-05,True
interoception_z,state,18,7.133333333333334,6.467982251930032,5.786599078248096e-06,7.97156733016381e-06,True,1.52587890625e-05,True
interoception_z,state,18,7.2,6.468628546039697,5.7794698634868304e-06,7.97156733016381e-06,True,1.52587890625e-05,True
interoception_z,state,18,7.266666666666667,6.477740472873555,5.679921195552667e-06,7.97156733016381e-06,True,1.52587890625e-05,True
interoception_z,state,18,7.333333333333333,6.485580151949705,5.595695931256271e-06,7.97156733016381e-06,True,1.52587890625e-05,True
interoception_z,state,18,7.4,6.499295519614069,5.451447797641375e-06,7.97156733016381e-06,True,1.52587890625e-05,True
interoception_z,state,18,7.466666666666667,6.507146672000324,5.37061679909346e-06,7.97156733016381e-06,True,1.52587890625e-05,True
interoception_z,state,18,7.533333333333333,6.504839440947057,5.3942408854760985e-06,7.97156733016381e-06,True,1.52587890625e-05,True
interoception_z,state,18,7.6,6.488741866123228,5.56209581664758e-06,7.97156733016381e-06,True,1.52587890625e-05,True
interoception_z,state,18,7.666666666666667,6.474169843911905,5.718716999991893e-06,7.97156733016381e-06,True,1.52587890625e-05,True
interoception_z,state,18,7.733333333333333,6.469755949643614,5.767055373908152e-06,7.97156733016381e-06,True,1.52587890625e-05,True
interoception_z,state,18,7.8,6.456422097437854,5.915670737458372e-06,8.06682373289778e-06,True,1.52587890625e-05,True
interoception_z,state,18,7.866666666666666,6.431266988862534,6.206958280166943e-06,8.387781459685058e-06,True,1.52587890625e-05,True
interoception_z,state,18,7.933333333333334,6.395821732342678,6.642877834552933e-06,8.817979426397699e-06,True,1.52587890625e-05,True
interoception_z,state,18,8.0,6.398182559146469,6.61287968496918e-06,8.817979426397699e-06,True,1.52587890625e-05,True
interoception_z,state,18,8.066666666666666,6.2962419737985575,8.04574181887354e-06,1.0494445850704615e-05,True,1.52587890625e-05,True
interoception_z,state,18,8.133333333333333,6.159392844062141,1.049222989181618e-05,1.345157678437972e-05,True,1.52587890625e-05,True
interoception_z,state,18,8.2,6.159680411172538,1.0486350310734098e-05,1.345157678437972e-05,True,1.52587890625e-05,True
interoception_z,state,18,8.266666666666667,6.139452514182893,1.090836722102322e-05,1.3866568501300705e-05,True,1.52587890625e-05,True
interoception_z,state,18,8.333333333333334,6.098907914291773,1.1808028965972002e-05,1.4760036207465002e-05,True,1.52587890625e-05,True
interoception_z,state,18,8.4,6.057546895837761,1.2805200609935809e-05,1.5874215632151828e-05,True,1.52587890625e-05,True
interoception_z,state,18,8.466666666666667,6.013513975912909,1.3962994268894014e-05,1.7167615904377887e-05,True,1.52587890625e-05,True
interoception_z,state,18,8.533333333333333,5.96158939332987,1.5468619546310838e-05,1.886417017842785e-05,True,1.52587890625e-05,True
interoception_z,state,18,8.6,5.889735772916711,1.7833983980869614e-05,2.1400780777043532e-05,True,1.52587890625e-05,True
interoception_z,state,18,8.666666666666666,5.820209987198016,2.0479661521154432e-05,2.4380549429945757e-05,True,1.52587890625e-05,True
interoception_z,state,18,8.733333333333333,5.749568811823693,2.3585235570461052e-05,2.763894793413405e-05,True,1.52587890625e-05,True
interoception_z,state,18,8.8,5.688742859227435,2.6647805098554777e-05,3.0985819882040435e-05,True,1.52587890625e-05,True
interoception_z,state,18,8.866666666666667,5.6219499472700765,3.0487365763382507e-05,3.5177729726979816e-05,True,1.52587890625e-05,True
interoception_z,state,18,8.933333333333334,5.565520485582324,3.4174215685425746e-05,3.883433600616562e-05,True,1.52587890625e-05,True
interoception_z,state,18,9.0,5.504260186252172,3.8700526654570986e-05,4.364721051267404e-05,True,1.52587890625e-05,True
interoception_z,state,18,9.066666666666666,5.457710725488986,4.25498372063668e-05,4.7630414783246415e-05,True,1.52587890625e-05,True
interoception_z,state,18,9.133333333333333,5.41257036538323,4.665971104228072e-05,5.146291659075079e-05,True,1.52587890625e-05,True
interoception_z,state,18,9.2,5.370265050321541,5.08824794751107e-05,5.571074395085113e-05,True,1.52587890625e-05,True
interoception_z,state,18,9.266666666666667,5.327485253952599,5.555344222389075e-05,6.0384176330316034e-05,True,1.52587890625e-05,True
interoception_z,state,18,9.333333333333334,5.291376375260016,5.983826939499152e-05,6.435043987000849e-05,True,1.52587890625e-05,True
interoception_z,state,18,9.4,5.2653975345411785,6.312997040629717e-05,6.715954298542252e-05,True,1.52587890625e-05,True
interoception_z,state,18,9.466666666666669,5.2456729388230645,6.575306940689239e-05,6.945746768333703e-05,True,1.52587890625e-05,True
interoception_z,state,18,9.533333333333331,5.221097865133362,6.917856808944744e-05,7.256493156235745e-05,True,1.52587890625e-05,True
interoception_z,state,18,9.6,5.192321853315163,7.342357836959861e-05,7.648289413499855e-05,True,1.52587890625e-05,True
interoception_z,state,18,9.666666666666666,5.153765526401727,7.953422822863303e-05,8.227678782272382e-05,True,1.52587890625e-05,True
interoception_z,state,18,9.733333333333333,5.119068582708713,8.547897052873715e-05,8.78208601322642e-05,True,1.52587890625e-05,True
interoception_z,state,18,9.8,5.09157555211434,9.05119561712424e-05,9.173509071409702e-05,True,1.52587890625e-05,True
interoception_z,state,18,9.866666666666667,5.063537517250878,9.595823221525566e-05,9.66022471965661e-05,True,1.52587890625e-05,True
interoception_z,state,18,9.933333333333334,5.036459905197967,0.0001015370274574,0.0001015370274574,True,1.52587890625e-05,True
interoception_z,dose,18,0.0,0.4003570076471598,0.6938798817054131,0.6938798817054131,False,,False
interoception_z,dose,18,0.0666666666666666,0.4357348342356418,0.6685114894214172,0.6729981437128362,False,,False
interoception_z,dose,18,0.1333333333333333,0.4465033045308043,0.6608691885221875,0.6697998532319468,False,,False
interoception_z,dose,18,0.2,0.4377560975115569,0.667074122932955,0.6729981437128362,False,,False
interoception_z,dose,18,0.2666666666666666,0.4495397068833707,0.658721179287383,0.6697998532319468,False,,False
interoception_z,dose,18,0.3333333333333333,0.4613112891736201,0.6504228610003163,0.6659619737204604,False,,False
interoception_z,dose,18,0.4,0.4797634518754947,0.6375099989105876,0.6594931023212975,False,,False
interoception_z,dose,18,0.4666666666666667,0.4708312297507224,0.6437461514342856,0.6613830322954989,False,,False
interoception_z,dose,18,0.5333333333333333,0.4275577838085874,0.6743398620521651,0.6765951793165537,False,,False
interoception_z,dose,18,0.6,0.4515668991329894,0.6572888103208125,0.6697998532319468,False,,False
interoception_z,dose,18,0.6666666666666666,0.476022965776436,0.6401181021185091,0.6599155691943392,False,,False
interoception_z,dose,18,0.7333333333333333,0.5105881778896024,0.6162055743385711,0.6396597657493818,False,,False
interoception_z,dose,18,0.8,0.5980519409614234,0.5576894753509632,0.58092653682392,False,,False
interoception_z,dose,18,0.8666666666666667,0.770627037018019,0.4515058836482536,0.471957369667164,False,,False
interoception_z,dose,18,0.9333333333333332,0.8027863567859084,0.4331790371800615,0.454383605433631,False,,False
interoception_z,dose,18,1.0,0.8410708557015294,0.4119830408336792,0.4523547580878925,False,,False
interoception_z,dose,18,1.0666666666666669,0.8909163393088925,0.3854098933657844,0.4523547580878925,False,,False
interoception_z,dose,18,1.1333333333333333,0.9318631300011336,0.3644535914648701,0.448098678030578,False,,False
interoception_z,dose,18,1.2,0.961359249872789,0.3498472105568296,0.4336948891200367,False,,False
interoception_z,dose,18,1.2666666666666666,0.9975608646781444,0.3324806779188957,0.4173397630781117,False,,False
interoception_z,dose,18,1.3333333333333333,1.030932435343644,0.3170175294296077,0.4012880119362123,False,,False
interoception_z,dose,18,1.4,1.0690173041479136,0.3000069197481926,0.3841734697389669,False,,False
interoception_z,dose,18,1.4666666666666666,1.1144546224070706,0.2805926230785019,0.3658468564051398,False,,False
interoception_z,dose,18,1.5333333333333334,1.105189719217444,0.2844740654553262,0.3678543949853356,False,,False
interoception_z,dose,18,1.6,1.14147958451639,0.2694950887625703,0.3545988010033819,False,,False
interoception_z,dose,18,1.6666666666666667,1.1679276507021903,0.2589555287531165,0.3437462771059069,False,,False
interoception_z,dose,18,1.7333333333333334,1.191988530868436,0.2496403861972242,0.334339802942711,False,,False
interoception_z,dose,18,1.8,1.248222420005248,0.2288682538092306,0.3106808875238425,False,,False
interoception_z,dose,18,1.8666666666666667,1.3197813834779055,0.2044057344522422,0.2890789525383683,False,,False
interoception_z,dose,18,1.9333333333333331,1.3708115828386729,0.1882620011904274,0.2715317324861934,False,,False
interoception_z,dose,18,2.0,1.4187686695042931,0.174040362930141,0.2557156891251638,False,,False
interoception_z,dose,18,2.066666666666667,1.464147429641511,0.1614006709930522,0.2397039668213647,False,,False
interoception_z,dose,18,2.1333333333333333,1.4994891724198192,0.1520883143449762,0.2281324715174642,False,,False
interoception_z,dose,18,2.2,1.5375280839791232,0.1425679134676627,0.2160119901025193,False,,False
interoception_z,dose,18,2.2666666666666666,1.5855199204635688,0.1312728961615777,0.2019583017870427,False,,False
interoception_z,dose,18,2.333333333333333,1.6061115337382377,0.1266634105946741,0.1958712534969188,False,,False
interoception_z,dose,18,2.4,1.6203712776336945,0.1235523966593819,0.1930506197802842,False,,False
interoception_z,dose,18,2.466666666666667,1.6435207254938973,0.118640424649796,0.1873269862891516,False,,False
interoception_z,dose,18,2.533333333333333,1.67888215260556,0.1114597925571349,0.177861371101811,False,,False
interoception_z,dose,18,2.6,1.7107335867830675,0.1053149599370567,0.169862838608156,False,,False
interoception_z,dose,18,2.6666666666666665,1.739517414516603,0.1000160746760008,0.1630696869717404,False,,False
interoception_z,dose,18,2.7333333333333334,1.7571708245725703,0.0968820702142206,0.1596957201333307,False,,False
interoception_z,dose,18,2.8,1.762616703150625,0.0959326876866615,0.1590044547292733,False,,False
interoception_z,dose,18,2.8666666666666667,1.7772587137703817,0.0934202739221639,0.1557004565369398,False,,False
interoception_z,dose,18,2.933333333333333,1.78718274288184,0.0917502874024991,0.1546353158469086,False,,False
interoception_z,dose,18,3.0,1.807346179978128,0.0884375844841515,0.1498942109900873,False,,False
interoception_z,dose,18,3.066666666666667,1.816919199522857,0.0869019038610251,0.1489746923331859,False,,False
interoception_z,dose,18,3.1333333333333333,1.836382873056949,0.0838517588113651,0.1445719979506295,False,,False
interoception_z,dose,18,3.2,1.8515491353452895,0.0815409042755562,0.1422225074573656,False,,False
interoception_z,dose,18,3.2666666666666666,1.8672800849338536,0.0792036638609582,0.1389537962472951,False,,False
interoception_z,dose,18,3.333333333333333,1.8837749807883888,0.0768168546441982,0.136361280433488,False,,False
interoception_z,dose,18,3.4,1.903808549827243,0.0740040549493326,0.1336309988237884,False,,False
interoception_z,dose,18,3.466666666666667,1.92180502422435,0.0715558583390353,0.1308948628153085,False,,False
interoception_z,dose,18,3.533333333333333,1.939837904360072,0.0691754820382955,0.127391794511428,False,,False
interoception_z,dose,18,3.6,1.9484555357140052,0.0680631520534675,0.1271568867850234,False,,False
interoception_z,dose,18,3.6666666666666665,1.951397255229149,0.0676871301710353,0.1271568867850234,False,,False
interoception_z,dose,18,3.733333333333333,1.9481674933630289,0.0681000711332488,0.1271568867850234,False,,False
interoception_z,dose,18,3.8,1.9470703219257703,0.0682408625746292,0.1271568867850234,False,,False
interoception_z,dose,18,3.8666666666666663,1.9476597552141737,0.0681651928305976,0.1271568867850234,False,,False
interoception_z,dose,18,3.933333333333333,1.951564496308782,0.0676658088012323,0.1271568867850234,False,,False
interoception_z,dose,18,4.0,1.9559587067628657,0.0671077485440214,0.1271568867850234,False,,False
interoception_z,dose,18,4.066666666666666,1.9604373680642104,0.0665432130702544,0.1271568867850234,False,,False
interoception_z,dose,18,4.133333333333334,1.957694292512913,0.0668884701363835,0.1271568867850234,False,,False
interoception_z,dose,18,4.2,1.9551651371144183,0.0672082247593647,0.1271568867850234,False,,False
interoception_z,dose,18,4.266666666666667,1.9557065453265872,0.0671396608458006,0.1271568867850234,False,,False
interoception_z,dose,18,4.333333333333333,1.9514774535546244,0.0676769050290655,0.1271568867850234,False,,False
interoception_z,dose,18,4.4,1.952874970679309,0.0674989462061292,0.1271568867850234,False,,False
interoception_z,dose,18,4.466666666666667,1.957298670661877,0.0669383974099856,0.1271568867850234,False,,False
interoception_z,dose,18,4.533333333333333,1.9717104201479203,0.0651410611726942,0.1271568867850234,False,,False
interoception_z,dose,18,4.6,1.984993687048709,0.0635229853907638,0.1271568867850234,False,,False
interoception_z,dose,18,4.666666666666667,1.996336789802523,0.0621699759567915,0.1271568867850234,False,,False
interoception_z,dose,18,4.733333333333333,2.018705806498984,0.059577669254867,0.1271568867850234,False,,False
interoception_z,dose,18,4.8,2.039176460020779,0.0572913785532383,0.1271568867850234,False,,False
interoception_z,dose,18,4.866666666666666,2.059351589853388,0.0551161506599303,0.1271568867850234,False,,False
interoception_z,dose,18,4.933333333333334,2.073658542247249,0.0536193461885465,0.1271568867850234,False,,False
interoception_z,dose,18,5.0,2.0877108364714774,0.0521852649270966,0.1271568867850234,False,,False
interoception_z,dose,18,5.066666666666666,2.092601364876827,0.0516944229179774,0.1271568867850234,False,,False
interoception_z,dose,18,5.133333333333334,2.10025889689521,0.0509343158120421,0.1271568867850234,False,,False
interoception_z,dose,18,5.2,2.1061002515500835,0.0503613569033285,0.1271568867850234,False,,False
interoception_z,dose,18,5.266666666666667,2.108453358285257,0.0501322152794651,0.1271568867850234,False,,False
interoception_z,dose,18,5.333333333333333,2.1114193131733185,0.049844751628994,0.1271568867850234,False,0.2213287353515625,False
interoception_z,dose,18,5.4,2.110285826083578,0.0499544322864808,0.1271568867850234,False,0.2213287353515625,False
interoception_z,dose,18,5.466666666666667,2.112148120331332,0.0497743456015191,0.1271568867850234,False,0.2213287353515625,False
interoception_z,dose,18,5.533333333333333,2.1156681956769097,0.0494355677797848,0.1271568867850234,False,0.2213287353515625,False
interoception_z,dose,18,5.6,2.1144107410998663,0.0495563446742427,0.1271568867850234,False,0.2213287353515625,False
interoception_z,dose,18,5.666666666666667,2.1144449428462364,0.0495530560772621,0.1271568867850234,False,0.2213287353515625,False
interoception_z,dose,18,5.733333333333333,2.1125955223855133,0.0497311695706276,0.1271568867850234,False,0.2213287353515625,False
interoception_z,dose,18,5.8,2.111490254576026,0.049837894378929,0.1271568867850234,False,0.2213287353515625,False
interoception_z,dose,18,5.866666666666666,2.107787137011293,0.050196994020702,0.1271568867850234,False,,False
interoception_z,dose,18,5.933333333333334,2.099978820392772,0.0509619363970832,0.1271568867850234,False,,False
interoception_z,dose,18,6.0,2.091799591724937,0.0517746041436498,0.1271568867850234,False,,False
interoception_z,dose,18,6.066666666666666,2.0853678266298603,0.0524219240717013,0.1271568867850234,False,,False
interoception_z,dose,18,6.133333333333334,2.0795574635206977,0.0530130308918867,0.1271568867850234,False,,False
interoception_z,dose,18,6.2,2.0775295340029656,0.0532207625497591,0.1271568867850234,False,,False
interoception_z,dose,18,6.266666666666667,2.078419783529473,0.0531294784967669,0.1271568867850234,False,,False
interoception_z,dose,18,6.333333333333333,2.07653827562714,0.0533225716954899,0.1271568867850234,False,,False
interoception_z,dose,18,6.4,2.071045529798712,0.0538899325286454,0.1271568867850234,False,,False
interoception_z,dose,18,6.466666666666667,2.0666241790105606,0.0543506072054587,0.1271568867850234,False,,False
interoception_z,dose,18,6.533333333333333,2.063157356939872,0.0547143264973067,0.1271568867850234,False,,False
interoception_z,dose,18,6.6,2.0594588590887715,0.0551047882536588,0.1271568867850234,False,,False
interoception_z,dose,18,6.666666666666667,2.055232345414721,0.0555540906914779,0.1271568867850234,False,,False
interoception_z,dose,18,6.733333333333333,2.0513029608665536,0.0559747862771593,0.1271568867850234,False,,False
interoception_z,dose,18,6.8,2.048560779309176,0.0562700851121356,0.1271568867850234,False,,False
interoception_z,dose,18,6.866666666666666,2.042269436244535,0.0569529297571164,0.1271568867850234,False,,False
interoception_z,dose,18,6.933333333333334,2.046010446183153,0.0565459914592845,0.1271568867850234,False,,False
interoception_z,dose,18,7.0,2.049953677652618,0.0561199111813316,0.1271568867850234,False,,False
interoception_z,dose,18,7.066666666666666,2.04529904102592,0.0566231729018978,0.1271568867850234,False,,False
interoception_z,dose,18,7.133333333333334,2.039508064870223,0.0572550057036182,0.1271568867850234,False,,False
interoception_z,dose,18,7.2,2.038858155296872,0.0573263122352192,0.1271568867850234,False,,False
interoception_z,dose,18,7.266666666666667,2.0479645964749547,0.0563344732625638,0.1271568867850234,False,,False
interoception_z,dose,18,7.333333333333333,2.05752469133243,0.0553099902888179,0.1271568867850234,False,,False
interoception_z,dose,18,7.4,2.065508166141257,0.0544674524544749,0.1271568867850234,False,,False
interoception_z,dose,18,7.466666666666667,2.0729483143028347,0.0536927701763418,0.1271568867850234,False,,False
interoception_z,dose,18,7.533333333333333,2.075982446916862,0.053379736678448,0.1271568867850234,False,,False
interoception_z,dose,18,7.6,2.07784974651573,0.053187912305527,0.1271568867850234,False,,False
interoception_z,dose,18,7.666666666666667,2.088046295704284,0.0521514611290647,0.1271568867850234,False,,False
interoception_z,dose,18,7.733333333333333,2.099256291103616,0.0510332538857119,0.1271568867850234,False,,False
interoception_z,dose,18,7.8,2.1188851369567563,0.0491278079038738,0.1271568867850234,False,0.2432861328125,False
interoception_z,dose,18,7.866666666666666,2.1116933878357056,0.0498182641283709,0.1271568867850234,False,0.2432861328125,False
interoception_z,dose,18,7.933333333333334,2.088504608484812,0.0521053097773269,0.1271568867850234,False,,False
interoception_z,dose,18,8.0,2.2069022485717613,0.0413589411813098,0.1271568867850234,False,0.0689544677734375,False
interoception_z,dose,18,8.066666666666666,2.3675016997706253,0.0300334420099298,0.1271568867850234,False,0.0689544677734375,False
interoception_z,dose,18,8.133333333333333,2.3985218539029245,0.0282106987737756,0.1271568867850234,False,0.0689544677734375,False
interoception_z,dose,18,8.2,2.4050726778366176,0.0278392801752624,0.1271568867850234,False,0.0689544677734375,False
interoception_z,dose,18,8.266666666666667,2.4025033904881714,0.0279844031974738,0.1271568867850234,False,0.0689544677734375,False
interoception_z,dose,18,8.333333333333334,2.4092757707540824,0.0276033959879675,0.1271568867850234,False,0.0689544677734375,False
interoception_z,dose,18,8.4,2.415712855480783,0.0272457723921115,0.1271568867850234,False,0.0689544677734375,False
interoception_z,dose,18,8.466666666666667,2.420223352414254,0.0269977825473032,0.1271568867850234,False,0.0689544677734375,False
interoception_z,dose,18,8.533333333333333,2.428694931416964,0.0265377346316525,0.1271568867850234,False,0.0689544677734375,False
interoception_z,dose,18,8.6,2.438828730145066,0.0259971059604881,0.1271568867850234,False,0.0689544677734375,False
interoception_z,dose,18,8.666666666666666,2.4527645645708795,0.0252705569684919,0.1271568867850234,False,0.0689544677734375,False
interoception_z,dose,18,8.733333333333333,2.4697327408168657,0.0244117445163988,0.1271568867850234,False,0.0689544677734375,False
interoception_z,dose,18,8.8,2.481347220959311,0.0238398549427208,0.1271568867850234,False,0.0689544677734375,False
interoception_z,dose,18,8.866666666666667,2.49364254098908,0.0232482401870552,0.1271568867850234,False,0.0689544677734375,False
interoception_z,dose,18,8.933333333333334,2.50576468477913,0.0226785637064181,0.1271568867850234,False,0.0689544677734375,False
interoception_z,dose,18,9.0,2.519586125430012,0.0220451480162379,0.1271568867850234,False,0.0689544677734375,False
interoception_z,dose,18,9.066666666666666,2.526873981177893,0.0217179387118971,0.1271568867850234,False,0.0689544677734375,False
interoception_z,dose,18,9.133333333333333,2.5381385155313527,0.0212212243044115,0.1271568867850234,False,0.0689544677734375,False
interoception_z,dose,18,9.2,2.5460934910864976,0.0208769568738694,0.1271568867850234,False,0.0689544677734375,False
interoception_z,dose,18,9.266666666666667,2.5502962406378407,0.0206972203972224,0.1271568867850234,False,0.0689544677734375,False
interoception_z,dose,18,9.333333333333334,2.552172077598123,0.0206174725062994,0.1271568867850234,False,0.0689544677734375,False
interoception_z,dose,18,9.4,2.558425634447093,0.0203537155403656,0.1271568867850234,False,0.0689544677734375,False
interoception_z,dose,18,9.466666666666669,2.56441978442326,0.0201039096915767,0.1271568867850234,False,0.0689544677734375,False
interoception_z,dose,18,9.533333333333331,2.575819556033739,0.0196368413911814,0.1271568867850234,False,0.0689544677734375,False
interoception_z,dose,18,9.6,2.58837052079786,0.0191345449213927,0.1271568867850234,False,0.0689544677734375,False
interoception_z,dose,18,9.666666666666666,2.599238188801956,0.0187095139751977,0.1271568867850234,False,0.0689544677734375,False
interoception_z,dose,18,9.733333333333333,2.610282734128748,0.0182867857225145,0.1271568867850234,False,0.0689544677734375,False
interoception_z,dose,18,9.8,2.6196110311559964,0.0179368521136907,0.1271568867850234,False,0.0689544677734375,False
interoception_z,dose,18,9.866666666666667,2.6284013714326697,0.0176129498518611,0.1271568867850234,False,0.0689544677734375,False
interoception_z,dose,18,9.933333333333334,2.642845124941507,0.0170928209356305,0.1271568867850234,False,0.0689544677734375,False
interoception_z,dose,18,10.0,2.653747925453475,0.0167099537110147,0.1271568867850234,False,0.0689544677734375,False
interoception_z,dose,18,10.066666666666666,2.666764689686548,0.016263582568086,0.1271568867850234,False,0.0689544677734375,False
interoception_z,dose,18,10.133333333333333,2.6699680842984184,0.016155493022204,0.1271568867850234,False,0.0689544677734375,False
interoception_z,dose,18,10.2,2.681721986969527,0.0157647488492396,0.1271568867850234,False,0.0689544677734375,False
interoception_z,dose,18,10.266666666666667,2.683189612289081,0.0157165995355735,0.1271568867850234,False,0.0689544677734375,False
interoception_z,dose,18,10.333333333333334,2.677249720322712,0.0159123457253079,0.1271568867850234,False,0.0689544677734375,False
interoception_z,dose,18,10.4,2.6671108203090927,0.0162518701122581,0.1271568867850234,False,0.0689544677734375,False
interoception_z,dose,18,10.466666666666669,2.660871059115856,0.0164642560613086,0.1271568867850234,False,0.0689544677734375,False
interoception_z,dose,18,10.533333333333331,2.6568599307089613,0.0166021835009007,0.1271568867850234,False,0.0689544677734375,False
interoception_z,dose,18,10.6,2.653455453321857,0.0167201164604213,0.1271568867850234,False,0.0689544677734375,False
interoception_z,dose,18,10.666666666666666,2.6572466714304044,0.0165888369928912,0.1271568867850234,False,0.0689544677734375,False
interoception_z,dose,18,10.733333333333333,2.6576738170146044,0.0165741080239742,0.1271568867850234,False,0.0689544677734375,False
interoception_z,dose,18,10.8,2.64699895560326,0.0169459754223858,0.1271568867850234,False,0.0689544677734375,False
interoception_z,dose,18,10.866666666666667,2.63257381751359,0.0174611658309808,0.1271568867850234,False,0.0689544677734375,False
interoception_z,dose,18,10.933333333333334,2.621766244333854,0.0178569161623964,0.1271568867850234,False,0.0689544677734375,False
interoception_z,dose,18,11.0,2.5990703476998864,0.0187160093041157,0.1271568867850234,False,0.0689544677734375,False
interoception_z,dose,18,11.066666666666666,2.5758397155416177,0.0196360246327592,0.1271568867850234,False,0.0689544677734375,False
interoception_z,dose,18,11.133333333333333,2.551275556099858,0.0206555500771208,0.1271568867850234,False,0.0689544677734375,False
interoception_z,dose,18,11.2,2.528774913410868,0.0216333505655695,0.1271568867850234,False,0.0689544677734375,False
interoception_z,dose,18,11.266666666666667,2.5101996110825304,0.0224734645628268,0.1271568867850234,False,0.0689544677734375,False
interoception_z,dose,18,11.333333333333334,2.499542341735787,0.0229693112407315,0.1271568867850234,False,0.0689544677734375,False
interoception_z,dose,18,11.4,2.483252076990925,0.0237472771114392,0.1271568867850234,False,0.0689544677734375,False
interoception_z,dose,18,11.466666666666669,2.472735805287126,0.0242626469147777,0.1271568867850234,False,0.0689544677734375,False
interoception_z,dose,18,11.533333333333331,2.4609321875150934,0.0248536724633069,0.1271568867850234,False,0.0689544677734375,False
interoception_z,dose,18,11.6,2.4456646379867317,0.0256382900849988,0.1271568867850234,False,0.0689544677734375,False
interoception_z,dose,18,11.666666666666666,2.438147331786899,0.0260331304147364,0.1271568867850234,False,0.0689544677734375,False
interoception_z,dose,18,11.733333333333333,2.4219877493856363,0.0269013534222273,0.1271568867850234,False,0.0689544677734375,False
interoception_z,dose,18,11.8,2.413562570617765,0.0273647483013506,0.1271568867850234,False,0.0689544677734375,False
interoception_z,dose,18,11.866666666666667,2.4058932767339165,0.0277930787137473,0.1271568867850234,False,0.0689544677734375,False
interoception_z,dose,18,11.933333333333334,2.393726177396225,0.0284855464113416,0.1271568867850234,False,0.0689544677734375,False
interoception_z,dose,18,12.0,2.3714361816005898,0.0297962920434655,0.1271568867850234,False,0.0689544677734375,False
interoception_z,dose,18,12.066666666666666,2.348666816096733,0.0311933706968059,0.1271568867850234,False,0.0689544677734375,False
interoception_z,dose,18,12.133333333333333,2.331944230793975,0.0322581660268307,0.1271568867850234,False,0.0689544677734375,False
interoception_z,dose,18,12.2,2.3139463039684287,0.0334419995699523,0.1271568867850234,False,0.0689544677734375,False
interoception_z,dose,18,12.266666666666667,2.2920219363851677,0.0349387598858912,0.1271568867850234,False,0.0689544677734375,False
interoception_z,dose,18,12.333333333333334,2.2774631036091577,0.0359668481113771,0.1271568867850234,False,0.0689544677734375,False
interoception_z,dose,18,12.4,2.261105946185445,0.0371553977427385,0.1271568867850234,False,0.0689544677734375,False
interoception_z,dose,18,12.466666666666669,2.246883012683361,0.0382183621127657,0.1271568867850234,False,0.0689544677734375,False
interoception_z,dose,18,12.533333333333331,2.230990202532714,0.0394393943632492,0.1271568867850234,False,0.0689544677734375,False
interoception_z,dose,18,12.6,2.2154087630904997,0.040671426199394,0.1271568867850234,False,0.0689544677734375,False
interoception_z,dose,18,12.666666666666666,2.198410971889814,0.0420559008590615,0.1271568867850234,False,0.0689544677734375,False
interoception_z,dose,18,12.733333333333333,2.1797099477257222,0.043629192535053,0.1271568867850234,False,0.0689544677734375,False
interoception_z,dose,18,12.8,2.1606628439306808,0.0452870929567335,0.1271568867850234,False,0.0689544677734375,False
interoception_z,dose,18,12.866666666666667,2.142680121021434,0.0469052329097206,0.1271568867850234,False,0.0689544677734375,False
interoception_z,dose,18,12.933333333333334,2.125561221442114,0.0484946985490951,0.1271568867850234,False,0.0689544677734375,False
interoception_z,dose,18,13.0,2.115469943203246,0.0494545917994272,0.1271568867850234,False,0.0689544677734375,False
interoception_z,dose,18,13.066666666666666,2.0982223321261726,0.0511354694820132,0.1271568867850234,False,,False
interoception_z,dose,18,13.133333333333333,2.077680472260393,0.0532052756631313,0.1271568867850234,False,,False
interoception_z,dose,18,13.2,2.0643197684387404,0.0545921271990968,0.1271568867850234,False,,False
interoception_z,dose,18,13.266666666666667,2.0457045169312216,0.0565791704999804,0.1271568867850234,False,,False
interoception_z,dose,18,13.333333333333334,2.0306259631432644,0.0582365160144304,0.1271568867850234,False,,False
interoception_z,dose,18,13.4,2.014954399265753,0.0600054841649645,0.1271568867850234,False,,False
interoception_z,dose,18,13.466666666666669,1.9994438083720243,0.0618039278845853,0.1271568867850234,False,,False
interoception_z,dose,18,13.533333333333331,1.9887745384135516,0.0630690867665849,0.1271568867850234,False,,False
interoception_z,dose,18,13.6,1.9786640400448132,0.0642894554394605,0.1271568867850234,False,,False
interoception_z,dose,18,13.666666666666666,1.9643108268043248,0.0660584032734815,0.1271568867850234,False,,False
interoception_z,dose,18,13.733333333333333,1.957937525090467,0.0668577908915165,0.1271568867850234,False,,False
interoception_z,dose,18,13.8,1.9610020576483485,0.0664723371917338,0.1271568867850234,False,,False
interoception_z,dose,18,13.866666666666667,1.9639899863469927,0.0660984395528153,0.1271568867850234,False,,False
interoception_z,dose,18,13.933333333333334,1.9796869178378416,0.0641650322782732,0.1271568867850234,False,,False
interoception_z,dose,18,14.0,1.9927876623170224,0.0625905000366925,0.1271568867850234,False,,False
interoception_z,dose,18,14.066666666666666,2.0003885850924736,0.0616930064955634,0.1271568867850234,False,,False
interoception_z,dose,18,14.133333333333333,1.9992707095498152,0.061824270007595,0.1271568867850234,False,,False
interoception_z,dose,18,14.2,1.9825057417366765,0.063823269712209,0.1271568867850234,False,,False
interoception_z,dose,18,14.266666666666667,1.963546994895018,0.066153754316444,0.1271568867850234,False,,False
interoception_z,dose,18,14.333333333333334,1.9395247424817892,0.0692162083512092,0.127391794511428,False,,False
interoception_z,dose,18,14.4,1.913793747970164,0.0726366287748594,0.1320665977724716,False,,False
interoception_z,dose,18,14.466666666666669,1.9010350259938955,0.0743879226785755,0.1336309988237884,False,,False
interoception_z,dose,18,14.533333333333331,1.8931493251409652,0.075489037688798,0.1348018530157108,False,,False
interoception_z,dose,18,14.6,1.8710712643011853,0.0786493363889542,0.1387929465687427,False,,False
interoception_z,dose,18,14.666666666666666,1.8411882956454928,0.083113387214608,0.1441272610657942,False,,False
interoception_z,dose,18,14.733333333333333,1.8110874676443365,0.0878346007912104,0.1497180695304724,False,,False
interoception_z,dose,18,14.8,1.7784434260025073,0.0932195268394285,0.1557004565369398,False,,False
interoception_z,dose,18,14.866666666666667,1.7439884452888132,0.0992141113198604,0.1626460841309188,False,,False
interoception_z,dose,18,14.933333333333334,1.715075576280194,0.1045003900249302,0.1694600919323192,False,,False
interoception_z,dose,18,15.0,1.6871701322028063,0.1098318624135611,0.1762008487918093,False,,False
interoception_z,dose,18,15.066666666666666,1.6645109903361206,0.1143317691391899,0.1814789986336348,False,,False
interoception_z,dose,18,15.133333333333333,1.639237101171117,0.1195365712932413,0.1877537769003791,False,,False
interoception_z,dose,18,15.2,1.6166390932994503,0.1243602967034192,0.1933061606788899,False,,False
interoception_z,dose,18,15.266666666666667,1.5811163575354577,0.1322768378087984,0.2024645476665282,False,,False
interoception_z,dose,18,15.333333333333334,1.5428228312746526,0.1412830860993975,0.2151519077655799,False,,False
interoception_z,dose,18,15.4,1.508081526610923,0.1498928491776972,0.2259691193633626,False,,False
interoception_z,dose,18,15.466666666666669,1.473204404120681,0.1589705219533496,0.2372694357512681,False,,False
interoception_z,dose,18,15.533333333333331,1.44476223868944,0.1667048323994132,0.246361821279921,False,,False
interoception_z,dose,18,15.6,1.4163397345141409,0.1747390542355286,0.2557156891251638,False,,False
interoception_z,dose,18,15.666666666666666,1.3972603112900577,0.1803069571698909,0.2625829473347927,False,,False
interoception_z,dose,18,15.733333333333333,1.379571698429105,0.1855964777291698,0.2689804025060432,False,,False
interoception_z,dose,18,15.8,1.3555234380959944,0.1929875101214234,0.2770155647675935,False,,False
interoception_z,dose,18,15.866666666666667,1.3392364451536618,0.1981257529167006,0.2830367898810008,False,,False
interoception_z,dose,18,15.933333333333334,1.3249460390105716,0.2027234092025449,0.2882323353590685,False,,False
interoception_z,dose,18,16.0,1.3172142504129565,0.2052460563022415,0.2890789525383683,False,,False
interoception_z,dose,18,16.066666666666666,1.3117568249947007,0.2070415738177502,0.2902224560888367,False,,False
interoception_z,dose,18,16.133333333333333,1.3088808781404804,0.2079927601969996,0.2902224560888367,False,,False
interoception_z,dose,18,16.2,1.298921575002728,0.2113133875011517,0.2934908159738218,False,,False
interoception_z,dose,18,16.266666666666666,1.285648460215424,0.215803669675121,0.2983460871084622,False,,False
interoception_z,dose,18,16.333333333333332,1.2768426883846378,0.2188237547974317,0.3011336075194015,False,,False
interoception_z,dose,18,16.4,1.2642724823406746,0.223192109586103,0.3057426158713741,False,,False
interoception_z,dose,18,16.466666666666665,1.250123251036788,0.2281902252158165,0.3106808875238425,False,,False
interoception_z,dose,18,16.533333333333335,1.2319378713799858,0.2347411545849614,0.3172177764661641,False,,False
interoception_z,dose,18,16.6,1.2085099055764514,0.2433933907744651,0.3274350548535406,False,,False
interoception_z,dose,18,16.666666666666668,1.18282082967545,0.2531591439626375,0.3375455252835166,False,,False
interoception_z,dose,18,16.733333333333334,1.1546079055780876,0.2642239501920603,0.3491946478309167,False,,False
interoception_z,dose,18,16.8,1.1341023119840006,0.2724914494351639,0.3569756979499963,False,,False
interoception_z,dose,18,16.866666666666667,1.1117967599250909,0.2817020794319577,0.3658468564051398,False,,False
interoception_z,dose,18,16.933333333333334,1.088318730566479,0.2916434312400787,0.3755065638284274,False,,False
interoception_z,dose,18,17.0,1.066897711632944,0.3009358846288574,0.3841734697389669,False,,False
interoception_z,dose,18,17.066666666666666,1.034749826338882,0.3152819624505538,0.4007821556574836,False,,False
interoception_z,dose,18,17.133333333333333,1.0117232980941089,0.325854502569035,0.410740969624834,False,,False
interoception_z,dose,18,17.2,0.9936744554505588,0.3343154953874069,0.4178943692342587,False,,False
interoception_z,dose,18,17.266666666666666,0.9692369597803252,0.3460155917572714,0.4307248030173503,False,,False
interoception_z,dose,18,17.333333333333332,0.9484675570877572,0.3561806737539219,0.4397292268566937,False,,False
interoception_z,dose,18,17.4,0.920933868305838,0.3699698655052307,0.451182762811257,False,,False
interoception_z,dose,18,17.466666666666665,0.8942762570801747,0.383660592679222,0.4523547580878925,False,,False
interoception_z,dose,18,17.533333333333335,0.8713678340092498,0.3956927357933205,0.4523547580878925,False,,False
interoception_z,dose,18,17.6,0.854094969808936,0.4049275841156087,0.4523547580878925,False,,False
interoception_z,dose,18,17.666666666666668,0.850624728181147,0.4067997582520042,0.4523547580878925,False,,False
interoception_z,dose,18,17.733333333333334,0.8379735899351725,0.413672536516509,0.4523547580878925,False,,False
interoception_z,dose,18,17.8,0.8283049794457181,0.4189752734410097,0.4523547580878925,False,,False
interoception_z,dose,18,17.866666666666667,0.8217326754763825,0.4226046281216413,0.4523547580878925,False,,False
interoception_z,dose,18,17.933333333333334,0.8190873840438407,0.4240710612917729,0.4523547580878925,False,,False
interoception_z,dose,18,18.0,0.822653687409128,0.4220948205329681,0.4523547580878925,False,,False
interoception_z,dose,18,18.066666666666663,0.832136116154498,0.4168688941339371,0.4523547580878925,False,,False
interoception_z,dose,18,18.133333333333333,0.8420356898959807,0.4114576558841087,0.4523547580878925,False,,False
interoception_z,dose,18,18.2,0.8495264403623134,0.4073934490204386,0.4523547580878925,False,,False
interoception_z,dose,18,18.266666666666666,0.8525446490488884,0.4057632777582851,0.4523547580878925,False,,False
interoception_z,dose,18,18.33333333333333,0.8610960871923412,0.4011676502504471,0.4523547580878925,False,,False
interoception_z,dose,18,18.4,0.8600227342861828,0.4017426046460284,0.4523547580878925,False,,False
interoception_z,dose,18,18.466666666666665,0.8640068917251104,0.3996111554216608,0.4523547580878925,False,,False
interoception_z,dose,18,18.53333333333333,0.8742735402768607,0.3941529413917007,0.4523547580878925,False,,False
interoception_z,dose,18,18.6,0.878042168656398,0.3921617631718057,0.4523547580878925,False,,False
interoception_z,dose,18,18.666666666666668,0.8785130037118214,0.3919134626608264,0.4523547580878925,False,,False
interoception_z,dose,18,18.73333333333333,0.8763602104055562,0.3930496132734342,0.4523547580878925,False,,False
interoception_z,dose,18,18.8,0.8655509599776401,0.3987871051418431,0.4523547580878925,False,,False
interoception_z,dose,18,18.866666666666667,0.8526926053060253,0.4056834741335642,0.4523547580878925,False,,False
interoception_z,dose,18,18.933333333333334,0.846144479698532,0.4092251373915886,0.4523547580878925,False,,False
interoception_z,dose,18,19.0,0.8358381227875034,0.4148399910285918,0.4523547580878925,False,,False
interoception_z,dose,18,19.066666666666663,0.8271253435825566,0.4196252158611784,0.4523547580878925,False,,False
interoception_z,dose,18,19.133333333333333,0.8170060586973493,0.4252271341782237,0.4523547580878925,False,,False
interoception_z,dose,18,19.2,0.8086407833074118,0.4298938358583807,0.4525198272193481,False,,False
interoception_z,dose,18,19.266666666666666,0.8125985966054473,0.42768187605543,0.4523547580878925,False,,False
interoception_z,dose,18,19.33333333333333,0.811618126973112,0.4282291709898715,0.4523547580878925,False,,False
interoception_z,dose,18,19.4,0.8173827086081832,0.425017775260922,0.4523547580878925,False,,False
interoception_z,dose,18,19.466666666666665,0.8395184180856824,0.4128293057940876,0.4523547580878925,False,,False
interoception_z,dose,18,19.53333333333333,0.850673801414321,0.40677324435097,0.4523547580878925,False,,False
interoception_z,dose,18,19.6,0.8586437114293661,0.4024820856004907,0.4523547580878925,False,,False
interoception_z,dose,18,19.666666666666668,0.8726529199306156,0.3950112538494564,0.4523547580878925,False,,False
interoception_z,dose,18,19.73333333333333,0.8820879491663245,0.3900315655654743,0.4523547580878925,False,,False
interoception_z,dose,18,19.8,0.8901163961577527,0.3858271560916784,0.4523547580878925,False,,False
interoception_z,dose,18,19.866666666666667,0.90849528352444,0.3763164046018379,0.4523547580878925,False,,False
interoception_z,dose,18,19.933333333333334,0.9285683113799784,0.3661106419556263,0.4482987452517874,False,,False
anxiety_z,state,18,0.0,5.507072718021363,3.8479764990938165e-05,3.8479764990938165e-05,True,7.62939453125e-06,True
anxiety_z,state,18,0.0666666666666666,5.761040092919434,2.3049630206851333e-05,2.336111169613311e-05,True,7.62939453125e-06,True
anxiety_z,state,18,0.1333333333333333,5.848214853888951,1.9368321059603804e-05,1.989895999274364e-05,True,7.62939453125e-06,True
anxiety_z,state,18,0.2,5.985146740516039,1.4765755508857247e-05,1.5380995321726302e-05,True,7.62939453125e-06,True
anxiety_z,state,18,0.2666666666666666,6.109244245459641,1.1571615505400957e-05,1.2301532981268516e-05,True,7.62939453125e-06,True
anxiety_z,state,18,0.3333333333333333,6.211975345229282,9.471854668561653e-06,1.0763471214274606e-05,True,7.62939453125e-06,True
anxiety_z,state,18,0.4,6.32619731992196,7.594055426213248e-06,9.414118296958572e-06,True,7.62939453125e-06,True
anxiety_z,state,18,0.4666666666666667,6.426153572212364,6.267967505247424e-06,8.394599337384944e-06,True,7.62939453125e-06,True
anxiety_z,state,18,0.5333333333333333,6.52878757697985,5.154189415543602e-06,8.067690600890851e-06,True,7.62939453125e-06,True
anxiety_z,state,18,0.6,6.608541259385085,4.431654018916879e-06,8.067690600890851e-06,True,7.62939453125e-06,True
anxiety_z,state,18,0.6666666666666666,6.676510403828488,3.899069669096193e-06,8.067690600890851e-06,True,7.62939453125e-06,True
anxiety_z,state,18,0.7333333333333333,6.7512278526769,3.3896221094658683e-06,8.067690600890851e-06,True,7.62939453125e-06,True
anxiety_z,state,18,0.8,6.825227953570191,2.9529183687157304e-06,8.067690600890851e-06,True,7.62939453125e-06,True
anxiety_z,state,18,0.8666666666666667,6.903244211630549,2.5553587788920797e-06,7.515761114388468e-06,True,7.62939453125e-06,True
anxiety_z,state,18,0.9333333333333332,7.021647773743452,2.055086896274328e-06,6.4695848344932126e-06,True,7.62939453125e-06,True
anxiety_z,state,18,1.0,7.122829755069781,1.7085463427803122e-06,6.027565502387307e-06,True,7.62939453125e-06,True
anxiety_z,state,18,1.0666666666666669,7.215633117397788,1.444090855558842e-06,5.775789136778509e-06,True,7.62939453125e-06,True
anxiety_z,state,18,1.1333333333333333,7.291261539526418,1.2602359896351098e-06,5.401011384150471e-06,True,7.62939453125e-06,True
anxiety_z,state,18,1.2,7.39020600756189,1.0557973931016362e-06,4.657929675448395e-06,True,7.62939453125e-06,True
anxiety_z,state,18,1.2666666666666666,7.46523303472582,9.2399824668137e-07,4.657929675448395e-06,True,7.62939453125e-06,True
anxiety_z,state,18,1.3333333333333333,7.491576514184159,8.81892192634882e-07,4.657929675448395e-06,True,7.62939453125e-06,True
anxiety_z,state,18,1.4,7.529213002489146,8.251754685132154e-07,4.657929675448395e-06,True,7.62939453125e-06,True
anxiety_z,state,18,1.4666666666666666,7.570345123642342,7.675194826884986e-07,4.657929675448395e-06,True,7.62939453125e-06,True
anxiety_z,state,18,1.5333333333333334,7.601158755518625,7.270893503279948e-07,4.657929675448395e-06,True,7.62939453125e-06,True
anxiety_z,state,18,1.6,7.610598744236866,7.151527692872112e-07,4.657929675448395e-06,True,7.62939453125e-06,True
anxiety_z,state,18,1.6666666666666667,7.612816001484004,7.123788731336726e-07,4.657929675448395e-06,True,7.62939453125e-06,True
anxiety_z,state,18,1.7333333333333334,7.60876101176435,7.174604000213897e-07,4.657929675448395e-06,True,7.62939453125e-06,True
anxiety_z,state,18,1.8,7.61926462985333,7.043749331841063e-07,4.657929675448395e-06,True,7.62939453125e-06,True
anxiety_z,state,18,1.8666666666666667,7.6336983324821155,6.867981344733036e-07,4.657929675448395e-06,True,7.62939453125e-06,True
anxiety_z,state,18,1.9333333333333331,7.659578697844863,6.56418361219336e-07,4.657929675448395e-06,True,7.62939453125e-06,True
anxiety_z,state,18,2.0,7.668743573849581,6.459991656612696e-07,4.657929675448395e-06,True,7.62939453125e-06,True
anxiety_z,state,18,2.066666666666667,7.671566412219271,6.428248618593958e-07,4.657929675448395e-06,True,7.62939453125e-06,True
anxiety_z,state,18,2.1333333333333333,7.674157176994469,6.399258478200726e-07,4.657929675448395e-06,True,7.62939453125e-06,True
anxiety_z,state,18,2.2,7.690129678194594,6.223516462677606e-07,4.657929675448395e-06,True,7.62939453125e-06,True
anxiety_z,state,18,2.2666666666666666,7.695023228937005,6.170687367595144e-07,4.657929675448395e-06,True,7.62939453125e-06,True
anxiety_z,state,18,2.333333333333333,7.648498999389848,6.692489929406997e-07,4.657929675448395e-06,True,7.62939453125e-06,True
anxiety_z,state,18,2.4,7.58939490072211,7.422558793793444e-07,4.657929675448395e-06,True,7.62939453125e-06,True
anxiety_z,state,18,2.466666666666667,7.561472810643413,7.795904116141438e-07,4.657929675448395e-06,True,7.62939453125e-06,True
anxiety_z,state,18,2.533333333333333,7.556112019482645,7.869796614044956e-07,4.657929675448395e-06,True,7.62939453125e-06,True
anxiety_z,state,18,2.6,7.553720119125167,7.903001588012677e-07,4.657929675448395e-06,True,7.62939453125e-06,True
anxiety_z,state,18,2.6666666666666665,7.535314757768962,8.16344844909619e-07,4.657929675448395e-06,True,7.62939453125e-06,True
anxiety_z,state,18,2.7333333333333334,7.52190651777668,8.358808226327299e-07,4.657929675448395e-06,True,7.62939453125e-06,True
anxiety_z,state,18,2.8,7.494671405044,8.770784861569148e-07,4.657929675448395e-06,True,7.62939453125e-06,True
anxiety_z,state,18,2.8666666666666667,7.484107625043579,8.936228883059533e-07,4.657929675448395e-06,True,7.62939453125e-06,True
anxiety_z,state,18,2.933333333333333,7.4767061066737055,9.05408345921762e-07,4.657929675448395e-06,True,7.62939453125e-06,True
anxiety_z,state,18,3.0,7.458187454959354,9.356110719437122e-07,4.657929675448395e-06,True,7.62939453125e-06,True
anxiety_z,state,18,3.066666666666667,7.4370464689857405,9.71378594615384e-07,4.657929675448395e-06,True,7.62939453125e-06,True
anxiety_z,state,18,3.1333333333333333,7.420080524949461,1.0011123313430426e-06,4.657929675448395e-06,True,7.62939453125e-06,True
anxiety_z,state,18,3.2,7.410673319347672,1.0180063422212623e-06,4.657929675448395e-06,True,7.62939453125e-06,True
anxiety_z,state,18,3.2666666666666666,7.3984741481157155,1.040357961432828e-06,4.657929675448395e-06,True,7.62939453125e-06,True
anxiety_z,state,18,3.333333333333333,7.422425019963174,9.969476138961286e-07,4.657929675448395e-06,True,7.62939453125e-06,True
anxiety_z,state,18,3.4,7.456176734090079,9.38953059899857e-07,4.657929675448395e-06,True,7.62939453125e-06,True
anxiety_z,state,18,3.466666666666667,7.26550136422585,1.3199550268253967e-06,5.499812611772487e-06,True,7.62939453125e-06,True
anxiety_z,state,18,3.533333333333333,7.172467278017049,1.5613534488647612e-06,5.957807940938722e-06,True,7.62939453125e-06,True
anxiety_z,state,18,3.6,7.208355174356842,1.4631999146505555e-06,5.775789136778509e-06,True,7.62939453125e-06,True
anxiety_z,state,18,3.6666666666666665,7.162869382703285,1.5887487842503258e-06,5.957807940938722e-06,True,7.62939453125e-06,True
anxiety_z,state,18,3.733333333333333,7.131325571152127,1.682363626633105e-06,6.027565502387307e-06,True,7.62939453125e-06,True
anxiety_z,state,18,3.8,7.104004315993735,1.7680858807002767e-06,6.027565502387307e-06,True,7.62939453125e-06,True
anxiety_z,state,18,3.8666666666666663,7.079069247782115,1.8502914575758352e-06,6.033559100790767e-06,True,7.62939453125e-06,True
anxiety_z,state,18,3.933333333333333,7.104494694609551,1.7665078640859466e-06,6.027565502387307e-06,True,7.62939453125e-06,True
anxiety_z,state,18,4.0,7.088953844914771,1.817238098437984e-06,6.033559100790767e-06,True,7.62939453125e-06,True
anxiety_z,state,18,4.066666666666666,7.017631270431579,2.070267147037828e-06,6.4695848344932126e-06,True,7.62939453125e-06,True
anxiety_z,state,18,4.133333333333334,7.002230603162057,2.129563319580298e-06,6.5190713864703e-06,True,7.62939453125e-06,True
anxiety_z,state,18,4.2,6.932536312466147,2.420839961776526e-06,7.262519885329579e-06,True,7.62939453125e-06,True
anxiety_z,state,18,4.266666666666667,6.610032192505915,4.419195297818547e-06,8.067690600890851e-06,True,7.62939453125e-06,True
anxiety_z,state,18,4.333333333333333,6.482520816042085,5.628408553207052e-06,8.067690600890851e-06,True,7.62939453125e-06,True
anxiety_z,state,18,4.4,6.548639761319116,4.963607978515031e-06,8.067690600890851e-06,True,7.62939453125e-06,True
anxiety_z,state,18,4.466666666666667,6.536049275637118,5.083610998391765e-06,8.067690600890851e-06,True,7.62939453125e-06,True
anxiety_z,state,18,4.533333333333333,6.548098462769064,4.968706260055092e-06,8.067690600890851e-06,True,7.62939453125e-06,True
anxiety_z,state,18,4.6,6.622724351000855,4.314596738615491e-06,8.067690600890851e-06,True,7.62939453125e-06,True
anxiety_z,state,18,4.666666666666667,6.60206912606728,4.486161490626203e-06,8.067690600890851e-06,True,7.62939453125e-06,True
anxiety_z,state,18,4.733333333333333,6.547473074607755,4.974603316786871e-06,8.067690600890851e-06,True,7.62939453125e-06,True
anxiety_z,state,18,4.8,6.549851316290292,4.9522164775601685e-06,8.067690600890851e-06,True,7.62939453125e-06,True
anxiety_z,state,18,4.866666666666666,6.56723192500795,4.791751401841004e-06,8.067690600890851e-06,True,7.62939453125e-06,True
anxiety_z,state,18,4.933333333333334,6.566332376567122,4.799922498789382e-06,8.067690600890851e-06,True,7.62939453125e-06,True
anxiety_z,state,18,5.0,6.566346867378745,4.799790756165036e-06,8.067690600890851e-06,True,7.62939453125e-06,True
anxiety_z,state,18,5.066666666666666,6.5663659350916745,4.799617408547364e-06,8.067690600890851e-06,True,7.62939453125e-06,True
anxiety_z,state,18,5.133333333333334,6.561510832779619,4.843966442385617e-06,8.067690600890851e-06,True,7.62939453125e-06,True
anxiety_z,state,18,5.2,6.556026842344276,4.8945720258547335e-06,8.067690600890851e-06,True,7.62939453125e-06,True
anxiety_z,state,18,5.266666666666667,6.522431696486668,5.216798388508711e-06,8.067690600890851e-06,True,7.62939453125e-06,True
anxiety_z,state,18,5.333333333333333,6.512136185200732,5.319894805361943e-06,8.067690600890851e-06,True,7.62939453125e-06,True
anxiety_z,state,18,5.4,6.519410389108543,5.246836198679448e-06,8.067690600890851e-06,True,7.62939453125e-06,True
anxiety_z,state,18,5.466666666666667,6.544216325694654,5.005430241257375e-06,8.067690600890851e-06,True,7.62939453125e-06,True
anxiety_z,state,18,5.533333333333333,6.554386180465023,4.909818255096134e-06,8.067690600890851e-06,True,7.62939453125e-06,True
anxiety_z,state,18,5.6,6.547155177183621,4.977603693961922e-06,8.067690600890851e-06,True,7.62939453125e-06,True
anxiety_z,state,18,5.666666666666667,6.547048851185898,4.978607638325863e-06,8.067690600890851e-06,True,7.62939453125e-06,True
anxiety_z,state,18,5.733333333333333,6.542382682782417,5.022873857214986e-06,8.067690600890851e-06,True,7.62939453125e-06,True
anxiety_z,state,18,5.8,6.53937290095785,5.051643090476924e-06,8.067690600890851e-06,True,7.62939453125e-06,True
anxiety_z,state,18,5.866666666666666,6.526090400133292,5.180662330356456e-06,8.067690600890851e-06,True,7.62939453125e-06,True
anxiety_z,state,18,5.933333333333334,6.504977318439416,5.392826112344653e-06,8.067690600890851e-06,True,7.62939453125e-06,True
anxiety_z,state,18,6.0,6.469990390882652,5.764477282875385e-06,8.081042919918763e-06,True,7.62939453125e-06,True
anxiety_z,state,18,6.066666666666666,6.426404115218322,6.264963783060969e-06,8.394599337384944e-06,True,7.62939453125e-06,True
anxiety_z,state,18,6.133333333333334,6.374086498158475,6.925779190499228e-06,8.879204090383625e-06,True,7.62939453125e-06,True
anxiety_z,state,18,6.2,6.339106415755313,7.407584618158119e-06,9.25948077269765e-06,True,7.62939453125e-06,True
anxiety_z,state,18,6.266666666666667,6.289470600648468,8.151649352312679e-06,9.860866151991144e-06,True,7.62939453125e-06,True
anxiety_z,state,18,6.333333333333333,6.243648187612194,8.907362100052407e-06,1.042751655982587e-05,True,7.62939453125e-06,True
anxiety_z,state,18,6.4,6.202238307677615,9.65274307504972e-06,1.080530941236909e-05,True,7.62939453125e-06,True
anxiety_z,state,18,6.466666666666667,6.14176930076665,1.085915302798378e-05,1.181406719657755e-05,True,7.62939453125e-06,True
anxiety_z,state,18,6.533333333333333,6.1141963317643215,1.1460091911399388e-05,1.2278669905070774e-05,True,7.62939453125e-06,True
anxiety_z,state,18,6.6,6.102406192698905,1.1727461442142653e-05,1.2301532981268516e-05,True,7.62939453125e-06,True
anxiety_z,state,18,6.666666666666667,6.103002975778996,1.1713774062119e-05,1.2301532981268516e-05,True,7.62939453125e-06,True
anxiety_z,state,18,6.733333333333333,6.126122311397186,1.1196054488571857e-05,1.208207318910632e-05,True,7.62939453125e-06,True
anxiety_z,state,18,6.8,6.141307622898387,1.0868941820851346e-05,1.181406719657755e-05,True,7.62939453125e-06,True
anxiety_z,state,18,6.866666666666666,6.165824675004531,1.036153678735025e-05,1.1512818652611388e-05,True,7.62939453125e-06,True
anxiety_z,state,18,6.933333333333334,6.206515696557838,9.572843865637264e-06,1.079644044996684e-05,True,7.62939453125e-06,True
anxiety_z,state,18,7.0,6.240166960703283,8.967664241450249e-06,1.042751655982587e-05,True,7.62939453125e-06,True
anxiety_z,state,18,7.066666666666666,6.245586834099299,8.873962927963863e-06,1.042751655982587e-05,True,7.62939453125e-06,True
anxiety_z,state,18,7.133333333333334,6.225866403911159,9.219851017082588e-06,1.0638289635095296e-05,True,7.62939453125e-06,True
anxiety_z,state,18,7.2,6.299698936034469,7.992224047627282e-06,9.746614692228392e-06,True,7.62939453125e-06,True
anxiety_z,state,18,7.266666666666667,6.355073725404223,7.183484502933572e-06,9.131548096949457e-06,True,7.62939453125e-06,True
anxiety_z,state,18,7.333333333333333,6.348564317456303,7.273982867675425e-06,9.168885967658098e-06,True,7.62939453125e-06,True
anxiety_z,state,18,7.4,6.301927075919685,7.95792549647403e-06,9.746614692228392e-06,True,7.62939453125e-06,True
anxiety_z,state,18,7.466666666666667,6.251040404262846,8.780702353946245e-06,1.042751655982587e-05,True,7.62939453125e-06,True
anxiety_z,state,18,7.533333333333333,6.215056804243687,9.415343499260544e-06,1.0763471214274606e-05,True,7.62939453125e-06,True
anxiety_z,state,18,7.6,6.778237787896403,3.2229259418566426e-06,8.067690600890851e-06,True,7.62939453125e-06,True
anxiety_z,state,18,7.666666666666667,6.880708445558431,2.664128390068189e-06,7.684985740581315e-06,True,7.62939453125e-06,True
anxiety_z,state,18,7.733333333333333,6.688669482329016,3.811032413376008e-06,8.067690600890851e-06,True,7.62939453125e-06,True
anxiety_z,state,18,7.8,6.645286099121892,4.134959766209668e-06,8.067690600890851e-06,True,7.62939453125e-06,True
anxiety_z,state,18,7.866666666666666,6.613129508283145,4.393429227455542e-06,8.067690600890851e-06,True,7.62939453125e-06,True
anxiety_z,state,18,7.933333333333334,6.597403753482412,4.525884028019455e-06,8.067690600890851e-06,True,7.62939453125e-06,True
anxiety_z,state,18,8.0,6.578710232418984,4.688746021906381e-06,8.067690600890851e-06,True,7.62939453125e-06,True
anxiety_z,state,18,8.066666666666666,6.557164398894499,4.884029872353894e-06,8.067690600890851e-06,True,7.62939453125e-06,True
anxiety_z,state,18,8.133333333333333,6.557195306733159,4.883743767173497e-06,8.067690600890851e-06,True,7.62939453125e-06,True
anxiety_z,state,18,8.2,6.545423658617184,4.993979107984944e-06,8.067690600890851e-06,True,7.62939453125e-06,True
anxiety_z,state,18,8.266666666666667,6.495868117147444,5.48712921445504e-06,8.067690600890851e-06,True,7.62939453125e-06,True
anxiety_z,state,18,8.333333333333334,6.415467968828838,6.397475850036212e-06,8.417731381626595e-06,True,7.62939453125e-06,True
anxiety_z,state,18,8.4,6.390020934232645,6.717187249635453e-06,8.686017995218259e-06,True,7.62939453125e-06,True
anxiety_z,state,18,8.466666666666667,6.435918879111901,6.151990617479993e-06,8.389078114745445e-06,True,7.62939453125e-06,True
anxiety_z,state,18,8.533333333333333,6.477605267689781,5.681385249611968e-06,8.067690600890851e-06,True,7.62939453125e-06,True
anxiety_z,state,18,8.6,6.4790090457691365,5.666203646809143e-06,8.067690600890851e-06,True,7.62939453125e-06,True
anxiety_z,state,18,8.666666666666666,6.462459016259639,5.847898801124997e-06,8.122081668229162e-06,True,7.62939453125e-06,True
anxiety_z,state,18,8.733333333333333,6.475781867061113,5.701168024629534e-06,8.067690600890851e-06,True,7.62939453125e-06,True
anxiety_z,state,18,8.8,6.511600494998686,5.325316581877882e-06,8.067690600890851e-06,True,7.62939453125e-06,True
anxiety_z,state,18,8.866666666666667,6.532757004951032,5.115484357695037e-06,8.067690600890851e-06,True,7.62939453125e-06,True
anxiety_z,state,18,8.933333333333334,6.552658119923713,4.925929966441838e-06,8.067690600890851e-06,True,7.62939453125e-06,True
anxiety_z,state,18,9.0,6.535213780018775,5.091680091143678e-06,8.067690600890851e-06,True,7.62939453125e-06,True
anxiety_z,state,18,9.066666666666666,6.519365958539818,5.247279263641462e-06,8.067690600890851e-06,True,7.62939453125e-06,True
anxiety_z,state,18,9.133333333333333,6.542171494815228,5.02488695576331e-06,8.067690600890851e-06,True,7.62939453125e-06,True
anxiety_z,state,18,9.2,6.5591634082135215,4.865561378708371e-06,8.067690600890851e-06,True,7.62939453125e-06,True
anxiety_z,state,18,9.266666666666667,6.544899760165478,4.998944759821794e-06,8.067690600890851e-06,True,7.62939453125e-06,True
anxiety_z,state,18,9.333333333333334,6.509349358659639,5.3481633178733965e-06,8.067690600890851e-06,True,7.62939453125e-06,True
anxiety_z,state,18,9.4,6.48071501705798,5.647810515288809e-06,8.067690600890851e-06,True,7.62939453125e-06,True
anxiety_z,state,18,9.466666666666669,6.450322368512432,5.984975672253625e-06,8.236205053560034e-06,True,7.62939453125e-06,True
anxiety_z,state,18,9.533333333333331,6.415644253914739,6.395316931135366e-06,8.417731381626595e-06,True,7.62939453125e-06,True
anxiety_z,state,18,9.6,6.405792555665576,6.5171348971083e-06,8.500610735358652e-06,True,7.62939453125e-06,True
anxiety_z,state,18,9.666666666666666,6.27211482703519,8.429750070495083e-06,1.01157000845941e-05,True,7.62939453125e-06,True
anxiety_z,state,18,9.733333333333333,6.156029888325081,1.0561242585354508e-05,1.164842932208218e-05,True,7.62939453125e-06,True
anxiety_z,state,18,9.8,5.966826098817095,1.530944122346385e-05,1.583735298979019e-05,True,7.62939453125e-06,True
anxiety_z,state,18,9.866666666666667,5.763268649289932,2.294704157257615e-05,2.336111169613311e-05,True,7.62939453125e-06,True
anxiety_z,state,18,9.933333333333334,5.605596123377296,3.151159781794989e-05,3.172308505162741e-05,True,7.62939453125e-06,True
anxiety_z,dose,18,0.0,0.3022550175743599,0.7661243922795312,0.8258303571919967,False,,False
anxiety_z,dose,18,0.0666666666666666,0.4177584863750459,0.6813526684859706,0.8103887730917332,False,,False
anxiety_z,dose,18,0.1333333333333333,0.4639782140749413,0.6485493220954227,0.8040771973299401,False,,False
anxiety_z,dose,18,0.2,0.5218865088301453,0.6084828430602799,0.8040771973299401,False,,False
anxiety_z,dose,18,0.2666666666666666,0.5770499701061705,0.5714690230785482,0.8040771973299401,False,,False
anxiety_z,dose,18,0.3333333333333333,0.6161852983931198,0.5459353515283951,0.800503169568692,False,,False
anxiety_z,dose,18,0.4,0.6606804504425943,0.5176708698339081,0.7824190025555763,False,,False
anxiety_z,dose,18,0.4666666666666667,0.7028771159292114,0.4916463696648986,0.7602778912343794,False,,False
anxiety_z,dose,18,0.5333333333333333,0.7480294698527687,0.46466559995815,0.7440879457337556,False,,False
anxiety_z,dose,18,0.6,0.7869862517897169,0.4421239546926837,0.7368732578211397,False,,False
anxiety_z,dose,18,0.6666666666666666,0.825869526890033,0.4203178412337014,0.7205448706863452,False,,False
anxiety_z,dose,18,0.7333333333333333,0.8684657737222541,0.3972345472518261,0.7151526100951233,False,,False
anxiety_z,dose,18,0.8,0.90757544408988,0.3767886274185119,0.7109219385254941,False,,False
anxiety_z,dose,18,0.8666666666666667,0.9381883375455332,0.3612868209334456,0.6903569826753738,False,,False
anxiety_z,dose,18,0.9333333333333332,0.9658883490348268,0.3476407399819917,0.6873408507838635,False,,False
anxiety_z,dose,18,1.0,1.0227368695577954,0.3207666657817425,0.6873408507838635,False,,False
anxiety_z,dose,18,1.0666666666666669,1.083417262177787,0.2937509442487451,0.6873408507838635,False,,False
anxiety_z,dose,18,1.1333333333333333,1.1192289425096509,0.278607836143132,0.6873408507838635,False,,False
anxiety_z,dose,18,1.2,1.1353165237554688,0.2719965821500522,0.6873408507838635,False,,False
anxiety_z,dose,18,1.2666666666666666,1.1631908229083006,0.260819951310129,0.6873408507838635,False,,False
anxiety_z,dose,18,1.3333333333333333,1.1992303218971343,0.2468872626463869,0.6873408507838635,False,,False
anxiety_z,dose,18,1.4,1.2164230502414586,0.2404440213393125,0.6873408507838635,False,,False
anxiety_z,dose,18,1.4666666666666666,1.2077517617203384,0.2436774131795123,0.6873408507838635,False,,False
anxiety_z,dose,18,1.5333333333333334,1.1982943494313083,0.2472417832807389,0.6873408507838635,False,,False
anxiety_z,dose,18,1.6,1.2034643935461906,0.2452883611097224,0.6873408507838635,False,,False
anxiety_z,dose,18,1.6666666666666667,1.2163593352794342,0.2404676589772033,0.6873408507838635,False,,False
anxiety_z,dose,18,1.7333333333333334,1.2309532496020563,0.2350999488736778,0.6873408507838635,False,,False
anxiety_z,dose,18,1.8,1.2441247472819834,0.2303352140164268,0.6873408507838635,False,,False
anxiety_z,dose,18,1.8666666666666667,1.254977708521054,0.2264657126255149,0.6873408507838635,False,,False
anxiety_z,dose,18,1.9333333333333331,1.261353689082995,0.2242161069751965,0.6873408507838635,False,,False
anxiety_z,dose,18,2.0,1.273830980308717,0.2198642315195061,0.6873408507838635,False,,False
anxiety_z,dose,18,2.066666666666667,1.2888248467391978,0.2147223376066234,0.6873408507838635,False,,False
anxiety_z,dose,18,2.1333333333333333,1.3001564120410245,0.2108994126812254,0.6873408507838635,False,,False
anxiety_z,dose,18,2.2,1.308734553887245,0.2080412474485977,0.6873408507838635,False,,False
anxiety_z,dose,18,2.2666666666666666,1.3129076985746957,0.2066619008103097,0.6873408507838635,False,,False
anxiety_z,dose,18,2.333333333333333,1.319537772180551,0.2044853605341544,0.6873408507838635,False,,False
anxiety_z,dose,18,2.4,1.3280661359625348,0.201712412878448,0.6873408507838635,False,,False
anxiety_z,dose,18,2.466666666666667,1.338829362954474,0.1982555642267438,0.6873408507838635,False,,False
anxiety_z,dose,18,2.533333333333333,1.3489926875983278,0.1950348902067415,0.6873408507838635,False,,False
anxiety_z,dose,18,2.6,1.359436266093533,0.1917691113488825,0.6873408507838635,False,,False
anxiety_z,dose,18,2.6666666666666665,1.3671850902942984,0.189374440677773,0.6873408507838635,False,,False
anxiety_z,dose,18,2.7333333333333334,1.3817394954880244,0.1849415765515835,0.6873408507838635,False,,False
anxiety_z,dose,18,2.8,1.3952926224279305,0.1808892693761504,0.6873408507838635,False,,False
anxiety_z,dose,18,2.8666666666666667,1.4042550563339264,0.1782492305297512,0.6873408507838635,False,,False
anxiety_z,dose,18,2.933333333333333,1.4152481426249333,0.1750537966629669,0.6873408507838635,False,,False
anxiety_z,dose,18,3.0,1.4221507635335946,0.1730712818546212,0.6873408507838635,False,,False
anxiety_z,dose,18,3.066666666666667,1.4287885236349915,0.1711821279528617,0.6873408507838635,False,,False
anxiety_z,dose,18,3.1333333333333333,1.433058910096697,0.1699756642025206,0.6873408507838635,False,,False
anxiety_z,dose,18,3.2,1.4497432246316313,0.1653284780485653,0.6873408507838635,False,,False
anxiety_z,dose,18,3.2666666666666666,1.4508817633120497,0.1650151871086971,0.6873408507838635,False,,False
anxiety_z,dose,18,3.333333333333333,1.4415990922226438,0.1675837416000183,0.6873408507838635,False,,False
anxiety_z,dose,18,3.4,1.5388367370110725,0.1422494486116316,0.6773783267220554,False,,False
anxiety_z,dose,18,3.466666666666667,1.775233590957635,0.0937643019694307,0.6386560966820706,False,,False
anxiety_z,dose,18,3.533333333333333,1.8244427563140808,0.0857114998157529,0.6386560966820706,False,,False
anxiety_z,dose,18,3.6,1.7941990257163725,0.0905854320209059,0.6386560966820706,False,,False
anxiety_z,dose,18,3.6666666666666665,1.8087908454246653,0.0882043180527925,0.6386560966820706,False,,False
anxiety_z,dose,18,3.733333333333333,1.8208938886556247,0.0862712142838114,0.6386560966820706,False,,False
anxiety_z,dose,18,3.8,1.818302478609374,0.0866819514310216,0.6386560966820706,False,,False
anxiety_z,dose,18,3.8666666666666663,1.815930293792739,0.0870594485160807,0.6386560966820706,False,,False
anxiety_z,dose,18,3.933333333333333,1.8171210032354144,0.0868697849066719,0.6386560966820706,False,,False
anxiety_z,dose,18,4.0,1.8269715041561527,0.0853146280069289,0.6386560966820706,False,,False
anxiety_z,dose,18,4.066666666666666,1.8318990494172096,0.084545927119303,0.6386560966820706,False,,False
anxiety_z,dose,18,4.133333333333334,1.8068625930863136,0.0885157889590643,0.6386560966820706,False,,False
anxiety_z,dose,18,4.2,1.8431873610648024,0.0828079171263348,0.6386560966820706,False,,False
anxiety_z,dose,18,4.266666666666667,1.9850936298515849,0.0635109493287391,0.6386560966820706,False,,False
anxiety_z,dose,18,4.333333333333333,2.016174262329359,0.0598660660195942,0.6386560966820706,False,,False
anxiety_z,dose,18,4.4,1.9868164875038643,0.0633037888364239,0.6386560966820706,False,,False
anxiety_z,dose,18,4.466666666666667,1.980180562738568,0.0641050626757362,0.6386560966820706,False,,False
anxiety_z,dose,18,4.533333333333333,1.9833257900673449,0.0637241525871513,0.6386560966820706,False,,False
anxiety_z,dose,18,4.6,1.98035910749156,0.0640833848896944,0.6386560966820706,False,,False
anxiety_z,dose,18,4.666666666666667,1.9797075832081128,0.0641625207697512,0.6386560966820706,False,,False
anxiety_z,dose,18,4.733333333333333,1.975708040248323,0.0646502444307695,0.6386560966820706,False,,False
anxiety_z,dose,18,4.8,1.973510247031203,0.0649196705027018,0.6386560966820706,False,,False
anxiety_z,dose,18,4.866666666666666,1.9685179410878089,0.0655354264722485,0.6386560966820706,False,,False
anxiety_z,dose,18,4.933333333333334,1.9679952537415324,0.0656001976585688,0.6386560966820706,False,,False
anxiety_z,dose,18,5.0,1.961385138266987,0.0664242941647981,0.6386560966820706,False,,False
anxiety_z,dose,18,5.066666666666666,1.9558754702197307,0.0671182810443895,0.6386560966820706,False,,False
anxiety_z,dose,18,5.133333333333334,1.954475212512526,0.0672956877455148,0.6386560966820706,False,,False
anxiety_z,dose,18,5.2,1.9485617890673568,0.0680495378332613,0.6386560966820706,False,,False
anxiety_z,dose,18,5.266666666666667,1.9495400642684024,0.0679243062115213,0.6386560966820706,False,,False
anxiety_z,dose,18,5.333333333333333,1.935372352370421,0.0697582530342742,0.6386560966820706,False,,False
anxiety_z,dose,18,5.4,1.924774470809494,0.071158922121505,0.6386560966820706,False,,False
anxiety_z,dose,18,5.466666666666667,1.9206227981889448,0.0717144399068076,0.6386560966820706,False,,False
anxiety_z,dose,18,5.533333333333333,1.911820453999204,0.0729050628201665,0.6386560966820706,False,,False
anxiety_z,dose,18,5.6,1.9019292941728176,0.0742639588980566,0.6386560966820706,False,,False
anxiety_z,dose,18,5.666666666666667,1.894833612718433,0.0752526431477305,0.6386560966820706,False,,False
anxiety_z,dose,18,5.733333333333333,1.887509647048328,0.0762853961735517,0.6386560966820706,False,,False
anxiety_z,dose,18,5.8,1.880163662512353,0.0773338843776344,0.6386560966820706,False,,False
anxiety_z,dose,18,5.866666666666666,1.8731268321203756,0.0783502214668557,0.6386560966820706,False,,False
anxiety_z,dose,18,5.933333333333334,1.8631133657793373,0.079816891010782,0.6386560966820706,False,,False
anxiety_z,dose,18,6.0,1.849455714645884,0.0818564905122801,0.6386560966820706,False,,False
anxiety_z,dose,18,6.066666666666666,1.8361268432299684,0.0838912606351841,0.6386560966820706,False,,False
anxiety_z,dose,18,6.133333333333334,1.828885240297267,0.0850153554230858,0.6386560966820706,False,,False
anxiety_z,dose,18,6.2,1.81516176400338,0.0871820579930341,0.6386560966820706,False,,False
anxiety_z,dose,18,6.266666666666667,1.768744764326294,0.0948740906845794,0.6386560966820706,False,,False
anxiety_z,dose,18,6.333333333333333,1.764104644248107,0.0956747093761619,0.6386560966820706,False,,False
anxiety_z,dose,18,6.4,1.7324360432363886,0.1012977748292686,0.6386560966820706,False,,False
anxiety_z,dose,18,6.466666666666667,1.6679890825806918,0.1136309341207964,0.6684172595340965,False,,False
anxiety_z,dose,18,6.533333333333333,1.6507689289645562,0.1171371522952969,0.6753265626603998,False,,False
anxiety_z,dose,18,6.6,1.6388459958709038,0.1196186788145904,0.6753265626603998,False,,False
anxiety_z,dose,18,6.666666666666667,1.623389905752913,0.1229022286171619,0.6753265626603998,False,,False
anxiety_z,dose,18,6.733333333333333,1.6022985978010078,0.1275064464437904,0.6754469955328386,False,,False
anxiety_z,dose,18,6.8,1.585212402896666,0.1313427955824529,0.6754469955328386,False,,False
anxiety_z,dose,18,6.866666666666666,1.5680021446104258,0.1353051216021054,0.6754469955328386,False,,False
anxiety_z,dose,18,6.933333333333334,1.5563309707154116,0.1380490686328575,0.6754469955328386,False,,False
anxiety_z,dose,18,7.0,1.5512100462690688,0.1392676942546197,0.6754469955328386,False,,False
anxiety_z,dose,18,7.066666666666666,1.5561528899497192,0.1380912957229701,0.6754469955328386,False,,False
anxiety_z,dose,18,7.133333333333334,1.549851997091818,0.1395923790767866,0.6754469955328386,False,,False
anxiety_z,dose,18,7.2,1.6191796044408224,0.1238098698210733,0.6753265626603998,False,,False
anxiety_z,dose,18,7.266666666666667,1.6965500277085857,0.1080141950706708,0.648085170424025,False,,False
anxiety_z,dose,18,7.333333333333333,1.7006316664455707,0.1072313774110927,0.648085170424025,False,,False
anxiety_z,dose,18,7.4,1.7275796795466116,0.1021849754691312,0.6386560966820706,False,,False
anxiety_z,dose,18,7.466666666666667,1.7464099083752882,0.0987821146343012,0.6386560966820706,False,,False
anxiety_z,dose,18,7.533333333333333,1.760494503377778,0.0963016828783988,0.6386560966820706,False,,False
anxiety_z,dose,18,7.6,1.49922959552482,0.1521550529200279,0.6873408507838635,False,,False
anxiety_z,dose,18,7.666666666666667,1.1013198196132543,0.2861069996881865,0.6873408507838635,False,,False
anxiety_z,dose,18,7.733333333333333,0.9655652086684892,0.3477978460829419,0.6873408507838635,False,,False
anxiety_z,dose,18,7.8,0.9599334373052436,0.3505438338997704,0.6873408507838635,False,,False
anxiety_z,dose,18,7.866666666666666,0.9624854794885828,0.349297634812034,0.6873408507838635,False,,False
anxiety_z,dose,18,7.933333333333334,0.965549455251238,0.3478055064211171,0.6873408507838635,False,,False
anxiety_z,dose,18,8.0,0.968145438160002,0.3465447486862217,0.6873408507838635,False,,False
anxiety_z,dose,18,8.066666666666666,0.9760646543407164,0.3427183431239476,0.6873408507838635,False,,False
anxiety_z,dose,18,8.133333333333333,0.9773765200519408,0.3420873285183692,0.6873408507838635,False,,False
anxiety_z,dose,18,8.2,0.9743907128811832,0.343524695283633,0.6873408507838635,False,,False
anxiety_z,dose,18,8.266666666666667,0.9839511176193924,0.3389371200784071,0.6873408507838635,False,,False
anxiety_z,dose,18,8.333333333333334,1.0088751096435995,0.3271795157412845,0.6873408507838635,False,,False
anxiety_z,dose,18,8.4,1.019421469754394,0.3222922655317689,0.6873408507838635,False,,False
anxiety_z,dose,18,8.466666666666667,1.0062397199216857,0.3284089250528643,0.6873408507838635,False,,False
anxiety_z,dose,18,8.533333333333333,0.988670345587285,0.3366884552446346,0.6873408507838635,False,,False
anxiety_z,dose,18,8.6,0.9865965777517012,0.3376752937612072,0.6873408507838635,False,,False
anxiety_z,dose,18,8.666666666666666,1.0022167327473297,0.3302919398427718,0.6873408507838635,False,,False
anxiety_z,dose,18,8.733333333333333,1.0083563473280337,0.3274212605385712,0.6873408507838635,False,,False
anxiety_z,dose,18,8.8,1.01666869473642,0.3235628862460745,0.6873408507838635,False,,False
anxiety_z,dose,18,8.866666666666667,1.022539701045672,0.3208572498889695,0.6873408507838635,False,,False
anxiety_z,dose,18,8.933333333333334,1.029189291900384,0.3178123129395601,0.6873408507838635,False,,False
anxiety_z,dose,18,9.0,1.039944363577502,0.312931225373294,0.6873408507838635,False,,False
anxiety_z,dose,18,9.066666666666666,1.0498569000451503,0.3084803774490082,0.6873408507838635,False,,False
anxiety_z,dose,18,9.133333333333333,1.0438770744022523,0.3111599018817637,0.6873408507838635,False,,False
anxiety_z,dose,18,9.2,1.033639262030838,0.3157861744915857,0.6873408507838635,False,,False
anxiety_z,dose,18,9.266666666666667,1.0273965123453777,0.318631211749683,0.6873408507838635,False,,False
anxiety_z,dose,18,9.333333333333334,1.0304178657489569,0.3172519986764839,0.6873408507838635,False,,False
anxiety_z,dose,18,9.4,1.031560184365968,0.3167316565395249,0.6873408507838635,False,,False
anxiety_z,dose,18,9.466666666666669,1.0250410010560538,0.319709440867471,0.6873408507838635,False,,False
anxiety_z,dose,18,9.533333333333331,1.0166546618775878,0.323569372611214,0.6873408507838635,False,,False
anxiety_z,dose,18,9.6,1.010818892396048,0.3262748308592123,0.6873408507838635,False,,False
anxiety_z,dose,18,9.666666666666666,1.037528562348495,0.3140229036191964,0.6873408507838635,False,,False
anxiety_z,dose,18,9.733333333333333,1.0299778364734993,0.31745260111396,0.6873408507838635,False,,False
anxiety_z,dose,18,9.8,1.0293741856077288,0.3177279435144057,0.6873408507838635,False,,False
anxiety_z,dose,18,9.866666666666667,1.0273021196786027,0.318674369765956,0.6873408507838635,False,,False
anxiety_z,dose,18,9.933333333333334,1.023286392665111,0.3205142973723419,0.6873408507838635,False,,False
anxiety_z,dose,18,10.0,1.0164053949660838,0.3236846058809864,0.6873408507838635,False,,False
anxiety_z,dose,18,10.066666666666666,1.0034957345164923,0.329692460916877,0.6873408507838635,False,,False
anxiety_z,dose,18,10.133333333333333,0.9941966955777858,0.3340685268249201,0.6873408507838635,False,,False
anxiety_z,dose,18,10.2,0.9851461626387598,0.3383667019275588,0.6873408507838635,False,,False
anxiety_z,dose,18,10.266666666666667,0.9801878674385576,0.3407377847259965,0.6873408507838635,False,,False
anxiety_z,dose,18,10.333333333333334,0.9778967060299744,0.3418373406419044,0.6873408507838635,False,,False
anxiety_z,dose,18,10.4,0.9746787124198985,0.3433858693888205,0.6873408507838635,False,,False
anxiety_z,dose,18,10.466666666666669,0.9703687885605328,0.34546748727801,0.6873408507838635,False,,False
anxiety_z,dose,18,10.533333333333331,0.9693273808560152,0.3459717818563753,0.6873408507838635,False,,False
anxiety_z,dose,18,10.6,0.9695027883802754,0.345886806170736,0.6873408507838635,False,,False
anxiety_z,dose,18,10.666666666666666,0.9695593235131758,0.3458594209728098,0.6873408507838635,False,,False
anxiety_z,dose,18,10.733333333333333,0.9666908084124844,0.3472508088575814,0.6873408507838635,False,,False
anxiety_z,dose,18,10.8,0.9625335107840418,0.3492742098689013,0.6873408507838635,False,,False
anxiety_z,dose,18,10.866666666666667,0.962084706034436,0.3494931350862711,0.6873408507838635,False,,False
anxiety_z,dose,18,10.933333333333334,0.9845181758911415,0.3386663683566259,0.6873408507838635,False,,False
anxiety_z,dose,18,11.0,0.9955249173918618,0.3334409856496514,0.6873408507838635,False,,False
anxiety_z,dose,18,11.066666666666666,0.9666242194743484,0.3472831542133031,0.6873408507838635,False,,False
anxiety_z,dose,18,11.133333333333333,0.925034504905034,0.3678935724987002,0.6985320996810764,False,,False
anxiety_z,dose,18,11.2,0.9018279648202184,0.379748259201795,0.7120279860033656,False,,False
anxiety_z,dose,18,11.266666666666667,0.8871772827415577,0.3873628248169639,0.7151526100951233,False,,False
anxiety_z,dose,18,11.333333333333334,0.8718756074166167,0.3954233707175313,0.7151526100951233,False,,False
anxiety_z,dose,18,11.4,0.849076211102504,0.4076369877542203,0.7151526100951233,False,,False
anxiety_z,dose,18,11.466666666666669,0.8260550486893664,0.4202154736219862,0.7205448706863452,False,,False
anxiety_z,dose,18,11.533333333333331,0.8034947025634159,0.4327807099537657,0.7294056909333131,False,,False
anxiety_z,dose,18,11.6,0.7823725080535483,0.4447575359168146,0.7371671866024553,False,,False
anxiety_z,dose,18,11.666666666666666,0.7610820156182863,0.4570362202673642,0.7440879457337556,False,,False
anxiety_z,dose,18,11.733333333333333,0.7410522069384077,0.468775405812266,0.7440879457337556,False,,False
anxiety_z,dose,18,11.8,0.7225122656398483,0.4798019305588739,0.7536155977364511,False,,False
anxiety_z,dose,18,11.866666666666667,0.7037714681995644,0.4911031753001028,0.7602778912343794,False,,False
anxiety_z,dose,18,11.933333333333334,0.6846010609403433,0.5028232163933083,0.7735741790666282,False,,False
anxiety_z,dose,18,12.0,0.670716443785369,0.5114114865222595,0.7787992180542023,False,,False
anxiety_z,dose,18,12.066666666666666,0.6585508864651225,0.5190046050285323,0.7824190025555763,False,,False
anxiety_z,dose,18,12.133333333333333,0.6459383367954736,0.5269432930428607,0.7904149395642911,False,,False
anxiety_z,dose,18,12.2,0.6349729545746309,0.5338997772169826,0.7955844157038253,False,,False
anxiety_z,dose,18,12.266666666666667,0.6234428224182789,0.5412687604499323,0.7999045720934961,False,,False
anxiety_z,dose,18,12.333333333333334,0.6108725763719081,0.5493651759536512,0.800503169568692,False,,False
anxiety_z,dose,18,12.4,0.5972713378432765,0.5581984670871849,0.8040771973299401,False,,False
anxiety_z,dose,18,12.466666666666669,0.5861980250709196,0.5654452365111138,0.8040771973299401,False,,False
anxiety_z,dose,18,12.533333333333331,0.5901813920547626,0.5628327093984651,0.8040771973299401,False,,False
anxiety_z,dose,18,12.6,0.6062679858691552,0.5523471870023975,0.800503169568692,False,,False
anxiety_z,dose,18,12.666666666666666,0.6064895888664079,0.552203474926795,0.800503169568692,False,,False
anxiety_z,dose,18,12.733333333333333,0.5756828832719414,0.5723720705567699,0.8040771973299401,False,,False
anxiety_z,dose,18,12.8,0.5429836991316226,0.5941894944929921,0.8040771973299401,False,,False
anxiety_z,dose,18,12.866666666666667,0.5363003428151122,0.5986993448841212,0.8040771973299401,False,,False
anxiety_z,dose,18,12.933333333333334,0.5391072209393093,0.596803234631994,0.8040771973299401,False,,False
anxiety_z,dose,18,13.0,0.5350634666195477,0.5995358276814063,0.8040771973299401,False,,False
anxiety_z,dose,18,13.066666666666666,0.530978742817265,0.6023023634543352,0.8040771973299401,False,,False
anxiety_z,dose,18,13.133333333333333,0.5270875901396648,0.6049436152262673,0.8040771973299401,False,,False
anxiety_z,dose,18,13.2,0.5183921083157695,0.6108663449445646,0.8040771973299401,False,,False
anxiety_z,dose,18,13.266666666666667,0.5097491067100443,0.6167809710894002,0.8040771973299401,False,,False
anxiety_z,dose,18,13.333333333333334,0.4954736397005681,0.6266095298988625,0.8040771973299401,False,,False
anxiety_z,dose,18,13.4,0.4717999352435122,0.6430685014732331,0.8040771973299401,False,,False
anxiety_z,dose,18,13.466666666666669,0.4540436304961794,0.6555406685377895,0.8047496925139404,False,,False
anxiety_z,dose,18,13.533333333333331,0.4435845972254282,0.6629368130976991,0.8047496925139404,False,,False
anxiety_z,dose,18,13.6,0.4351490175336131,0.6689283251591799,0.8059377411556384,False,,False
anxiety_z,dose,18,13.666666666666666,0.3927347881892668,0.6993961969734218,0.8103887730917332,False,,False
anxiety_z,dose,18,13.733333333333333,0.3367630890063384,0.7404171036902402,0.8258303571919967,False,,False
anxiety_z,dose,18,13.8,0.3148651319103214,0.7566958649317411,0.8258303571919967,False,,False
anxiety_z,dose,18,13.866666666666667,0.3154712637184207,0.7562436422554647,0.8258303571919967,False,,False
anxiety_z,dose,18,13.933333333333334,0.302843086927511,0.7656838414241308,0.8258303571919967,False,,False
anxiety_z,dose,18,14.0,0.2849780129243999,0.7791036203437391,0.8258303571919967,False,,False
anxiety_z,dose,18,14.066666666666666,0.2745923886273572,0.7869384754039277,0.8258303571919967,False,,False
anxiety_z,dose,18,14.133333333333333,0.2764335519747238,0.785547768913049,0.8258303571919967,False,,False
anxiety_z,dose,18,14.2,0.2781769265432237,0.7842316137622986,0.8258303571919967,False,,False
anxiety_z,dose,18,14.266666666666667,0.2741250321016639,0.7872916071897036,0.8258303571919967,False,,False
anxiety_z,dose,18,14.333333333333334,0.2826462163583752,0.7808606188817968,0.8258303571919967,False,,False
anxiety_z,dose,18,14.4,0.2942754566253802,0.7721103556671663,0.8258303571919967,False,,False
anxiety_z,dose,18,14.466666666666669,0.2987908125641562,0.768721263034209,0.8258303571919967,False,,False
anxiety_z,dose,18,14.533333333333331,0.3037715991915803,0.7649884167822945,0.8258303571919967,False,,False
anxiety_z,dose,18,14.6,0.3002821989126557,0.7676029266509452,0.8258303571919967,False,,False
anxiety_z,dose,18,14.666666666666666,0.2953071252194305,0.7713355949463577,0.8258303571919967,False,,False
anxiety_z,dose,18,14.733333333333333,0.338465845313356,0.7391564674113281,0.8258303571919967,False,,False
anxiety_z,dose,18,14.8,0.4070373343102186,0.6890597151886415,0.8103887730917332,False,,False
anxiety_z,dose,18,14.866666666666667,0.4748972718339491,0.6409039591117133,0.8040771973299401,False,,False
anxiety_z,dose,18,14.933333333333334,0.5349483887218142,0.599613682656432,0.8040771973299401,False,,False
anxiety_z,dose,18,15.0,0.5797193042692232,0.5697078913719829,0.8040771973299401,False,,False
anxiety_z,dose,18,15.066666666666666,0.6734351091909326,0.5097233150633788,0.7787992180542023,False,,False
anxiety_z,dose,18,15.133333333333333,0.759386353144875,0.4580230026070555,0.7440879457337556,False,,False
anxiety_z,dose,18,15.2,0.8121284733469565,0.4279442418873869,0.7253292235379439,False,,False
anxiety_z,dose,18,15.266666666666667,0.8821515525962883,0.3899981382098767,0.7151526100951233,False,,False
anxiety_z,dose,18,15.333333333333334,0.9514733971244153,0.3546969525280756,0.6880875687184749,False,,False
anxiety_z,dose,18,15.4,0.9498213225708044,0.3555119105045453,0.6880875687184749,False,,False
anxiety_z,dose,18,15.466666666666669,0.9418693235020832,0.3594525853171758,0.6903569826753738,False,,False
anxiety_z,dose,18,15.533333333333331,0.8861298858569279,0.3879110639752509,0.7151526100951233,False,,False
anxiety_z,dose,18,15.6,0.857916671327329,0.4028723082423793,0.7151526100951233,False,,False
anxiety_z,dose,18,15.666666666666666,0.8527928247486578,0.4056294242695805,0.7151526100951233,False,,False
anxiety_z,dose,18,15.733333333333333,0.8573856656009189,0.403157469926742,0.7151526100951233,False,,False
anxiety_z,dose,18,15.8,0.8613300729312194,0.4010423845142561,0.7151526100951233,False,,False
anxiety_z,dose,18,15.866666666666667,0.8502877908132951,0.4069818333464415,0.7151526100951233,False,,False
anxiety_z,dose,18,15.933333333333334,0.8418243821122484,0.4115726830557362,0.7178593309111678,False,,False
anxiety_z,dose,18,16.0,0.8340022445982064,0.4158453567495453,0.7205448706863452,False,,False
anxiety_z,dose,18,16.066666666666666,0.8123705666118624,0.4278091220096759,0.7253292235379439,False,,False
anxiety_z,dose,18,16.133333333333333,0.7912594903408753,0.4396934355916684,0.7368732578211397,False,,False
anxiety_z,dose,18,16.2,0.775098478043341,0.4489294044289997,0.7399935237840656,False,,False
anxiety_z,dose,18,16.266666666666666,0.7488858526058724,0.4641626756796685,0.7440879457337556,False,,False
anxiety_z,dose,18,16.333333333333332,0.7294577347783305,0.4756531716741386,0.7510313236960084,False,,False
anxiety_z,dose,18,16.4,0.7445810195765102,0.466694098895531,0.7440879457337556,False,,False
anxiety_z,dose,18,16.466666666666665,0.7467693257805238,0.4654062401159709,0.7440879457337556,False,,False
anxiety_z,dose,18,16.533333333333335,0.7094504465359734,0.4876622010956522,0.7602778912343794,False,,False
anxiety_z,dose,18,16.6,0.6321583422283155,0.535693506573909,0.7955844157038253,False,,False
anxiety_z,dose,18,16.666666666666668,0.5708289372529866,0.5755843674281886,0.8040771973299401,False,,False
anxiety_z,dose,18,16.733333333333334,0.550353129575647,0.5892364033357217,0.8040771973299401,False,,False
anxiety_z,dose,18,16.8,0.5300168008583106,0.6029547869376385,0.8040771973299401,False,,False
anxiety_z,dose,18,16.866666666666667,0.4954782601865058,0.6266063368637851,0.8040771973299401,False,,False
anxiety_z,dose,18,16.933333333333334,0.4611476397474467,0.6505379048543083,0.8040771973299401,False,,False
anxiety_z,dose,18,17.0,0.4262804277351845,0.6752522651073599,0.8103027181288319,False,,False
anxiety_z,dose,18,17.066666666666666,0.3913739290670286,0.7003829050334497,0.8103887730917332,False,,False
anxiety_z,dose,18,17.133333333333333,0.3597558988540399,0.7234599241460697,0.82523945720084,False,,False
anxiety_z,dose,18,17.2,0.3258147343499065,0.7485407441976247,0.8258303571919967,False,,False
anxiety_z,dose,18,17.266666666666666,0.2873780863029446,0.7772964600790815,0.8258303571919967,False,,False
anxiety_z,dose,18,17.333333333333332,0.2609918308008888,0.7972342021133356,0.8308024899061386,False,,False
anxiety_z,dose,18,17.4,0.2379185945627212,0.8147881490793987,0.8458008467952235,False,,False
anxiety_z,dose,18,17.466666666666665,0.2048122729711676,0.840150980013097,0.866135030941337,False,,False
anxiety_z,dose,18,17.533333333333335,0.1779093549744945,0.8608969044860546,0.8814644073236053,False,,False
anxiety_z,dose,18,17.6,0.1466024603223502,0.8851702945566076,0.9001731809050245,False,,False
anxiety_z,dose,18,17.666666666666668,0.1008384403981374,0.9208584489973292,0.9301600494922518,False,,False
anxiety_z,dose,18,17.733333333333334,0.0541275507914615,0.9574645589448302,0.9627160131435848,False,,False
anxiety_z,dose,18,17.8,0.0121353113501001,0.9904589387695976,0.9904589387695976,False,,False
anxiety_z,dose,18,17.866666666666667,-0.0515260399525044,0.9595069597664394,0.9627160131435848,False,,False
anxiety_z,dose,18,17.933333333333334,-0.1074566003222628,0.9156847591568162,0.9280588775238005,False,,False
anxiety_z,dose,18,18.0,-0.1503133562541438,0.882286452615822,0.9001731809050245,False,,False
anxiety_z,dose,18,18.066666666666663,-0.1939936055517622,0.8484800663169395,0.8717260955311023,False,,False
anxiety_z,dose,18,18.133333333333333,-0.2275108156181269,0.822740240202676,0.8511105933131131,False,,False
anxiety_z,dose,18,18.2,-0.260548600862709,0.7975703903098931,0.8308024899061386,False,,False
anxiety_z,dose,18,18.266666666666666,-0.2926118703677878,0.7733601945158938,0.8258303571919967,False,,False
anxiety_z,dose,18,18.33333333333333,-0.322213642448154,0.7512194622424913,0.8258303571919967,False,,False
anxiety_z,dose,18,18.4,-0.3515749846153508,0.729476937859333,0.8258303571919967,False,,False
anxiety_z,dose,18,18.466666666666665,-0.3825076638316377,0.7068249358239157,0.8124424549700181,False,,False
anxiety_z,dose,18,18.53333333333333,-0.3926414677951811,0.6994638424523691,0.8103887730917332,False,,False
anxiety_z,dose,18,18.6,-0.4076854663084641,0.6885927852408799,0.8103887730917332,False,,False
anxiety_z,dose,18,18.666666666666668,-0.4223757968336095,0.6780445279490931,0.8103887730917332,False,,False
anxiety_z,dose,18,18.73333333333333,-0.445992750059652,0.6612306645047336,0.8047496925139404,False,,False
anxiety_z,dose,18,18.8,-0.4600602915780972,0.6513025298372516,0.8040771973299401,False,,False
anxiety_z,dose,18,18.866666666666667,-0.4403102009152722,0.665259745811524,0.8047496925139404,False,,False
anxiety_z,dose,18,18.933333333333334,-0.3886811856886652,0.702336936679502,0.8103887730917332,False,,False
anxiety_z,dose,18,19.0,-0.3787286761442134,0.7095776731906811,0.8124935189206272,False,,False
anxiety_z,dose,18,19.066666666666663,-0.4032780284529661,0.6917705524480552,0.8103887730917332,False,,False
anxiety_z,dose,18,19.133333333333333,-0.4487877369489018,0.6592528522382706,0.8047496925139404,False,,False
anxiety_z,dose,18,19.2,-0.4791911373617092,0.6379087369117211,0.8040771973299401,False,,False
anxiety_z,dose,18,19.266666666666666,-0.495645306846234,0.6264909026491116,0.8040771973299401,False,,False
anxiety_z,dose,18,19.33333333333333,-0.4979700726878225,0.6248854567150444,0.8040771973299401,False,,False
anxiety_z,dose,18,19.4,-0.4980131888625516,0.6248556996665605,0.8040771973299401,False,,False
anxiety_z,dose,18,19.466666666666665,-0.4955400743769688,0.6265636202555334,0.8040771973299401,False,,False
anxiety_z,dose,18,19.53333333333333,-0.4887128373335706,0.631289799629603,0.8040771973299401,False,,False
anxiety_z,dose,18,19.6,-0.4904194898252972,0.6301068105853589,0.8040771973299401,False,,False
anxiety_z,dose,18,19.666666666666668,-0.4930327249127646,0.6282974149821087,0.8040771973299401,False,,False
anxiety_z,dose,18,19.73333333333333,-0.4846925230656494,0.6340806034596771,0.8040771973299401,False,,False
anxiety_z,dose,18,19.8,-0.4621557438379227,0.6498293625027198,0.8040771973299401,False,,False
anxiety_z,dose,18,19.866666666666667,-0.4126852556158712,0.6849951764197839,0.8103887730917332,False,,False
anxiety_z,dose,18,19.933333333333334,-0.3363130986824604,0.7407503813900534,0.8258303571919967,False,,False
unpleasantness_z,state,18,0.0,3.3812012299880707,0.003549252888654,0.0049295179009083,True,3.0517578125e-05,True
unpleasantness_z,state,18,0.0666666666666666,3.5085303480214702,0.002693759369505,0.0039229505381141,True,3.0517578125e-05,True
unpleasantness_z,state,18,0.1333333333333333,3.576216064593696,0.0023259134486161,0.0034543269038853,True,3.0517578125e-05,True
unpleasantness_z,state,18,0.2,3.6203042645398233,0.0021136675551933,0.0032055816783563,True,3.0517578125e-05,True
unpleasantness_z,state,18,0.2666666666666666,3.682237772645567,0.0018477403431356,0.0028870942861493,True,3.0517578125e-05,True
unpleasantness_z,state,18,0.3333333333333333,3.740418464285269,0.0016284542663768,0.00259859723358,True,3.0517578125e-05,True
unpleasantness_z,state,18,0.4,3.7936666150915626,0.0014506562544007,0.0023652004147837,True,3.0517578125e-05,True
unpleasantness_z,state,18,0.4666666666666667,3.851297050425088,0.0012800708775218,0.0021334514625364,True,3.0517578125e-05,True
unpleasantness_z,state,18,0.5333333333333333,3.907369184486716,0.001133430125717,0.0019319831688358,True,3.0517578125e-05,True
unpleasantness_z,state,18,0.6,3.9638011979763648,0.0010028766012371,0.0017492033742509,True,3.0517578125e-05,True
unpleasantness_z,state,18,0.6666666666666666,4.010606111394223,0.0009061433377215,0.0015990764783322,True,3.0517578125e-05,True
unpleasantness_z,state,18,0.7333333333333333,4.06651569817259,0.0008028235072208,0.0014508858564231,True,3.0517578125e-05,True
unpleasantness_z,state,18,0.8,4.1314458798124605,0.0006976353653243,0.0012919173431932,True,3.0517578125e-05,True
unpleasantness_z,state,18,0.8666666666666667,4.213240629348647,0.0005846780572206,0.0011191231570493,True,3.0517578125e-05,True
unpleasantness_z,state,18,0.9333333333333332,4.296663321972794,0.0004884714798094,0.0009640884469922,True,3.0517578125e-05,True
unpleasantness_z,state,18,1.0,4.361275906457469,0.00042510102552,0.000861691267946,True,3.0517578125e-05,True
unpleasantness_z,state,18,1.0666666666666669,4.420283600864025,0.0003745284711468,0.0007802676482226,True,3.0517578125e-05,True
unpleasantness_z,state,18,1.1333333333333333,4.46587332491521,0.0003396714047542,0.000727867295902,True,3.0517578125e-05,True
unpleasantness_z,state,18,1.2,4.530593678400507,0.0002957646301169,0.0006524219781992,True,3.0517578125e-05,True
unpleasantness_z,state,18,1.2666666666666666,4.561943914902753,0.0002766171441571,0.0006286753276297,True,3.0517578125e-05,True
unpleasantness_z,state,18,1.3333333333333333,4.584746262888792,0.0002634869197847,0.0006080467379647,True,3.0517578125e-05,True
unpleasantness_z,state,18,1.4,4.614672855711062,0.0002472115769602,0.0005885989927623,True,3.0517578125e-05,True
unpleasantness_z,state,18,1.4666666666666666,4.643400246014801,0.0002325514887041,0.0005626245694454,True,3.0517578125e-05,True
unpleasantness_z,state,18,1.5333333333333334,4.680821523583861,0.0002147737617781,0.0005369344044453,True,3.0517578125e-05,True
unpleasantness_z,state,18,1.6,4.728238012711428,0.0001942209464861,0.0005022955512571,True,3.0517578125e-05,True
unpleasantness_z,state,18,1.6666666666666667,4.771605273517966,0.0001771820900406,0.0004745948840373,True,3.0517578125e-05,True
unpleasantness_z,state,18,1.7333333333333334,4.821484923179337,0.0001594596011994,0.000459141724279,True,3.0517578125e-05,True
unpleasantness_z,state,18,1.8,4.864627724871573,0.0001455953693636,0.0004457001102969,True,3.0517578125e-05,True
unpleasantness_z,state,18,1.8666666666666667,4.904054116904447,0.0001340038897697,0.0004187621555306,True,3.0517578125e-05,True
unpleasantness_z,state,18,1.9333333333333331,4.957725916019318,0.000119723387354,0.0003904023500674,True,3.0517578125e-05,True
unpleasantness_z,state,18,2.0,5.007867172498572,0.0001077896341489,0.0003674646618713,True,3.0517578125e-05,True
unpleasantness_z,state,18,2.066666666666667,5.051232433998287,9.845343603678569e-05,0.0003674646618713,True,3.0517578125e-05,True
unpleasantness_z,state,18,2.1333333333333333,5.086930153763503,9.139191311256198e-05,0.0003674646618713,True,3.0517578125e-05,True
unpleasantness_z,state,18,2.2,5.149145586746955,8.03006442029967e-05,0.0003674646618713,True,3.0517578125e-05,True
unpleasantness_z,state,18,2.2666666666666666,5.095457725000017,8.978323890055783e-05,0.0003674646618713,True,3.0517578125e-05,True
unpleasantness_z,state,18,2.333333333333333,4.986549519359919,0.0001127069679698,0.0003756898932327,True,3.0517578125e-05,True
unpleasantness_z,state,18,2.4,5.019237512050388,0.0001052572527194,0.0003674646618713,True,3.0517578125e-05,True
unpleasantness_z,state,18,2.466666666666667,5.047411739411131,9.924164302122788e-05,0.0003674646618713,True,3.0517578125e-05,True
unpleasantness_z,state,18,2.533333333333333,5.070903384712536,9.449569737071404e-05,0.0003674646618713,True,3.0517578125e-05,True
unpleasantness_z,state,18,2.6,5.109174598245836,8.72562902464935e-05,0.0003674646618713,True,3.0517578125e-05,True
unpleasantness_z,state,18,2.6666666666666665,5.145929407308727,8.083865618626395e-05,0.0003674646618713,True,3.0517578125e-05,True
unpleasantness_z,state,18,2.7333333333333334,5.197707810035991,7.26091765097624e-05,0.0003674646618713,True,3.0517578125e-05,True
unpleasantness_z,state,18,2.8,5.2566164087317215,6.428420323792094e-05,0.0003674646618713,True,3.0517578125e-05,True
unpleasantness_z,state,18,2.8666666666666667,5.330298387652301,5.523315737188817e-05,0.0003674646618713,True,3.0517578125e-05,True
unpleasantness_z,state,18,2.933333333333333,5.391195016717682,4.874628701358273e-05,0.0003655971526018,True,3.0517578125e-05,True
unpleasantness_z,state,18,3.0,5.4415189082235695,4.397940444488856e-05,0.0003655971526018,True,3.0517578125e-05,True
unpleasantness_z,state,18,3.066666666666667,5.507494634384084,3.844675990606818e-05,0.0003604383741193,True,3.0517578125e-05,True
unpleasantness_z,state,18,3.1333333333333333,5.576320998836317,3.343457948718418e-05,0.0003582276373626,True,3.0517578125e-05,True
unpleasantness_z,state,18,3.2,5.6375230658008535,2.954391611310688e-05,0.0003582276373626,True,3.0517578125e-05,True
unpleasantness_z,state,18,3.2666666666666666,5.694827080778159,2.632380409929861e-05,0.0003582276373626,True,3.0517578125e-05,True
unpleasantness_z,state,18,3.333333333333333,5.739144038360524,2.4083119122870493e-05,0.0003582276373626,True,3.0517578125e-05,True
unpleasantness_z,state,18,3.4,5.780346101723488,2.217638206176315e-05,0.0003582276373626,True,3.0517578125e-05,True
unpleasantness_z,state,18,3.466666666666667,5.809309862916973,2.09298404620243e-05,0.0003582276373626,True,3.0517578125e-05,True
unpleasantness_z,state,18,3.533333333333333,5.815401126955627,2.067702371086921e-05,0.0003582276373626,True,3.0517578125e-05,True
unpleasantness_z,state,18,3.6,5.807992331250346,2.098494297874707e-05,0.0003582276373626,True,3.0517578125e-05,True
unpleasantness_z,state,18,3.6666666666666665,5.7940753036205,2.1576218992117925e-05,0.0003582276373626,True,3.0517578125e-05,True
unpleasantness_z,state,18,3.733333333333333,5.769581366242751,2.265899460616349e-05,0.0003582276373626,True,3.0517578125e-05,True
unpleasantness_z,state,18,3.8,5.7357328011793,2.424838376962397e-05,0.0003582276373626,True,3.0517578125e-05,True
unpleasantness_z,state,18,3.8666666666666663,5.694006703611819,2.6367253263452023e-05,0.0003582276373626,True,3.0517578125e-05,True
unpleasantness_z,state,18,3.933333333333333,5.645081492788233,2.9096913762681877e-05,0.0003582276373626,True,3.0517578125e-05,True
unpleasantness_z,state,18,4.0,5.5866478163012685,3.274280444710682e-05,0.0003582276373626,True,3.0517578125e-05,True
unpleasantness_z,state,18,4.066666666666666,5.531185409494965,3.663951870166421e-05,0.0003604383741193,True,3.0517578125e-05,True
unpleasantness_z,state,18,4.133333333333334,5.477645591728017,4.085525676610604e-05,0.0003604875597009,True,3.0517578125e-05,True
unpleasantness_z,state,18,4.2,5.415848910196298,4.6347896109332166e-05,0.0003655971526018,True,3.0517578125e-05,True
unpleasantness_z,state,18,4.266666666666667,5.365207011105886,5.141301933943964e-05,0.0003672358524245,True,3.0517578125e-05,True
unpleasantness_z,state,18,4.333333333333333,5.312360348743296,5.730848975326543e-05,0.0003674646618713,True,3.0517578125e-05,True
unpleasantness_z,state,18,4.4,5.2694732835113935,6.260148982984382e-05,0.0003674646618713,True,3.0517578125e-05,True
unpleasantness_z,state,18,4.466666666666667,5.225705442540507,6.852263913577564e-05,0.0003674646618713,True,3.0517578125e-05,True
unpleasantness_z,state,18,4.533333333333333,5.188126162440415,7.406449553186097e-05,0.0003674646618713,True,3.0517578125e-05,True
unpleasantness_z,state,18,4.6,5.159178914466782,7.864572635109536e-05,0.0003674646618713,True,3.0517578125e-05,True
unpleasantness_z,state,18,4.666666666666667,5.128372752921808,8.384147510291166e-05,0.0003674646618713,True,3.0517578125e-05,True
unpleasantness_z,state,18,4.733333333333333,5.0880145458715536,9.11857199211333e-05,0.0003674646618713,True,3.0517578125e-05,True
unpleasantness_z,state,18,4.8,5.049704051180186,9.876796778337113e-05,0.0003674646618713,True,3.0517578125e-05,True
unpleasantness_z,state,18,4.866666666666666,5.028555200980777,0.0001032275110991,0.0003674646618713,True,3.0517578125e-05,True
unpleasantness_z,state,18,4.933333333333334,5.007942946416532,0.0001077725529683,0.0003674646618713,True,3.0517578125e-05,True
unpleasantness_z,state,18,5.0,4.93082568323259,0.0001266749761221,0.0004042818386875,True,3.0517578125e-05,True
unpleasantness_z,state,18,5.066666666666666,4.8387955495576565,0.000153741431788,0.0004521806817296,True,3.0517578125e-05,True
unpleasantness_z,state,18,5.133333333333334,4.8405342438250525,0.0001531787975133,0.0004521806817296,True,3.0517578125e-05,True
unpleasantness_z,state,18,5.2,4.813324663044738,0.0001622300759119,0.000459141724279,True,3.0517578125e-05,True
unpleasantness_z,state,18,5.266666666666667,4.79755702686198,0.0001677234625468,0.0004658985070746,True,3.0517578125e-05,True
unpleasantness_z,state,18,5.333333333333333,4.776628031541701,0.0001753098514283,0.0004745948840373,True,3.0517578125e-05,True
unpleasantness_z,state,18,5.4,4.7374323206902975,0.000190473939099,0.0005012472081553,True,3.0517578125e-05,True
unpleasantness_z,state,18,5.466666666666667,4.688986311361889,0.0002110827202954,0.0005366509838018,True,3.0517578125e-05,True
unpleasantness_z,state,18,5.533333333333333,4.643892983703765,0.0002323079153224,0.0005626245694454,True,3.0517578125e-05,True
unpleasantness_z,state,18,5.6,4.587539048715364,0.0002619229773477,0.0006080467379647,True,3.0517578125e-05,True
unpleasantness_z,state,18,5.666666666666667,4.5309532290167205,0.0002955375557143,0.0006524219781992,True,3.0517578125e-05,True
unpleasantness_z,state,18,5.733333333333333,4.485242547202996,0.0003258773103786,0.0007084289356057,True,3.0517578125e-05,True
unpleasantness_z,state,18,5.8,4.430683699768233,0.0003662694854749,0.0007738087721302,True,3.0517578125e-05,True
unpleasantness_z,state,18,5.866666666666666,4.374668340827464,0.0004130461593265,0.0008487249849176,True,3.0517578125e-05,True
unpleasantness_z,state,18,5.933333333333334,4.32901612949342,0.000455625257456,0.0009112505149121,True,3.0517578125e-05,True
unpleasantness_z,state,18,6.0,4.273649133520387,0.0005132882399222,0.0009999121556927,True,3.0517578125e-05,True
unpleasantness_z,state,18,6.066666666666666,4.209508549053222,0.0005894048627126,0.0011191231570493,True,3.0517578125e-05,True
unpleasantness_z,state,18,6.133333333333334,4.141730300525103,0.000682299973945,0.0012793124511469,True,3.0517578125e-05,True
unpleasantness_z,state,18,6.2,4.071966205443848,0.0007934092056352,0.0014508858564231,True,3.0517578125e-05,True
unpleasantness_z,state,18,6.266666666666667,4.01079924436419,0.0009057642963948,0.0015990764783322,True,3.0517578125e-05,True
unpleasantness_z,state,18,6.333333333333333,3.937078195998887,0.0010626997346996,0.0018322409218958,True,3.0517578125e-05,True
unpleasantness_z,state,18,6.4,3.876860141762029,0.0012109926718934,0.0020409988852136,True,3.0517578125e-05,True
unpleasantness_z,state,18,6.466666666666667,3.817790103564231,0.0013766392887538,0.002269185640803,True,3.0517578125e-05,True
unpleasantness_z,state,18,6.533333333333333,3.766049888556676,0.0015402995439802,0.0024843541031939,True,3.0517578125e-05,True
unpleasantness_z,state,18,6.6,3.71622678780558,0.0017162830845458,0.0027099206598091,True,3.0517578125e-05,True
unpleasantness_z,state,18,6.666666666666667,3.666523003329912,0.0019118746233333,0.0029565071494845,True,3.0517578125e-05,True
unpleasantness_z,state,18,6.733333333333333,3.619865007783187,0.0021156839077152,0.0032055816783563,True,3.0517578125e-05,True
unpleasantness_z,state,18,6.8,3.584290729884625,0.0022855124051351,0.0034282686077026,True,3.0517578125e-05,True
unpleasantness_z,state,18,6.866666666666666,3.545227869047321,0.0024876707425853,0.0036583393273313,True,3.0517578125e-05,True
unpleasantness_z,state,18,6.933333333333334,3.4972500862681786,0.0027604539334655,0.0039814239424983,True,3.0517578125e-05,True
unpleasantness_z,state,18,7.0,3.464306907321681,0.0029647644160495,0.0042353777372136,True,3.0517578125e-05,True
unpleasantness_z,state,18,7.066666666666666,3.425427881042304,0.0032252633411262,0.0045640518978201,True,3.0517578125e-05,True
unpleasantness_z,state,18,7.133333333333334,3.39550830683444,0.0034410659560657,0.0048239242374753,True,3.0517578125e-05,True
unpleasantness_z,state,18,7.2,3.3615291381638563,0.0037035230523976,0.0050965913565105,True,3.0517578125e-05,True
unpleasantness_z,state,18,7.266666666666667,3.3284675072561485,0.003977863792554,0.0054243597171191,True,3.0517578125e-05,True
unpleasantness_z,state,18,7.333333333333333,3.292529277013053,0.0042988647718845,0.0058092767187628,True,3.0517578125e-05,True
unpleasantness_z,state,18,7.4,3.2493144462735035,0.0047188276669103,0.0063198584824692,True,3.0517578125e-05,True
unpleasantness_z,state,18,7.466666666666667,3.2265425026947883,0.0049561250806245,0.0065789270981741,True,3.0517578125e-05,True
unpleasantness_z,state,18,7.533333333333333,3.197120059323004,0.0052801734093992,0.0069475965913147,True,3.0517578125e-05,True
unpleasantness_z,state,18,7.6,3.1750502834809167,0.0055368230565733,0.0072219431172695,True,3.0517578125e-05,True
unpleasantness_z,state,18,7.666666666666667,3.147644138924029,0.0058726235345681,0.0075939097429761,True,3.0517578125e-05,True
unpleasantness_z,state,18,7.733333333333333,3.131871297876577,0.0060748564961983,0.0077882775592285,True,3.0517578125e-05,True
unpleasantness_z,state,18,7.8,3.113922274225047,0.0063133001553347,0.0080253815533916,True,3.0517578125e-05,True
unpleasantness_z,state,18,7.866666666666666,3.0941355186081703,0.0065867817765423,0.0083026661048853,True,3.0517578125e-05,True
unpleasantness_z,state,18,7.933333333333334,3.069748062084081,0.0069398325880727,0.0086747907350909,True,3.0517578125e-05,True
unpleasantness_z,state,18,8.0,3.053243070892676,0.0071891965373975,0.0089122271124762,True,3.0517578125e-05,True
unpleasantness_z,state,18,8.066666666666666,3.032999794339241,0.0075070075105662,0.0092299272670896,True,3.0517578125e-05,True
unpleasantness_z,state,18,8.133333333333333,3.018375940572166,0.0077450828740925,0.009445223017186,True,3.0517578125e-05,True
unpleasantness_z,state,18,8.2,2.9946846598421355,0.0081464808652019,0.009854613949841,True,3.0517578125e-05,True
unpleasantness_z,state,18,8.266666666666667,2.974449416487804,0.0085053079996877,0.0102063695996252,True,3.0517578125e-05,True
unpleasantness_z,state,18,8.333333333333334,2.949500309946735,0.0089689347735655,0.0106773033018637,True,3.0517578125e-05,True
unpleasantness_z,state,18,8.4,2.9179974641863238,0.0095895307787181,0.0113262174551789,True,3.0517578125e-05,True
unpleasantness_z,state,18,8.466666666666667,2.887319755173714,0.0102338095317307,0.0119927455449969,True,3.0517578125e-05,True
unpleasantness_z,state,18,8.533333333333333,2.854771469337387,0.01096317868093,0.0127478821871279,True,3.0517578125e-05,True
unpleasantness_z,state,18,8.6,2.824347381842119,0.0116902341389151,0.0134887316987482,True,3.0517578125e-05,True
unpleasantness_z,state,18,8.666666666666666,2.794016359916084,0.0124612949254095,0.0142686583115376,True,3.0517578125e-05,True
unpleasantness_z,state,18,8.733333333333333,2.7629635870585627,0.0133013874964712,0.0151152130641718,True,3.0517578125e-05,True
unpleasantness_z,state,18,8.8,2.724749763207367,0.0144101507151147,0.0162520496787008,True,3.0517578125e-05,True
unpleasantness_z,state,18,8.866666666666667,2.676276244704998,0.0159446478856935,0.0178484864392092,True,3.0517578125e-05,True
unpleasantness_z,state,18,8.933333333333334,2.642253898870719,0.0171138204040423,0.0190153560044915,True,3.0517578125e-05,True
unpleasantness_z,state,18,9.0,2.6068833913015825,0.0184159158910215,0.0203116719386266,True,3.0517578125e-05,True
unpleasantness_z,state,18,9.066666666666666,2.5652572468820707,0.0200692412505598,0.0219736218071823,True,3.0517578125e-05,True
unpleasantness_z,state,18,9.133333333333333,2.527093657564318,0.0217081475062661,0.023595812506811,True,3.0517578125e-05,True
unpleasantness_z,state,18,9.2,2.486639322822322,0.0235834919189126,0.025449811423287,True,3.0517578125e-05,True
unpleasantness_z,state,18,9.266666666666667,2.4611800011231133,0.024841125700354,0.0266154918218078,True,3.0517578125e-05,True
unpleasantness_z,state,18,9.333333333333334,2.426696237705044,0.0266456041982417,0.028346387444938,True,3.0517578125e-05,True
unpleasantness_z,state,18,9.4,2.4036735894884806,0.0279182181157794,0.0294910754744149,True,3.0517578125e-05,True
unpleasantness_z,state,18,9.466666666666669,2.3870336790582094,0.0288733037507081,0.0302866822559875,True,3.0517578125e-05,True
unpleasantness_z,state,18,9.533333333333331,2.363674205855657,0.0302658373882659,0.0315269139461103,True,3.0517578125e-05,True
unpleasantness_z,state,18,9.6,2.3360585125529587,0.0319930905036655,0.0330963005210333,True,3.0517578125e-05,True
unpleasantness_z,state,18,9.666666666666666,2.315782121262524,0.0333194177213055,0.0342322784807933,True,3.0517578125e-05,True
unpleasantness_z,state,18,9.733333333333333,2.3014473693879363,0.0342878125835184,0.034987563860733,True,3.0517578125e-05,True
unpleasantness_z,state,18,9.8,2.2862236150096384,0.0353448980499708,0.0358225318074028,True,3.0517578125e-05,True
unpleasantness_z,state,18,9.866666666666667,2.266009503004004,0.0367953242720585,0.0370422727571059,True,3.0517578125e-05,True
unpleasantness_z,state,18,9.933333333333334,2.251300499019216,0.0378852387559999,0.0378852387559999,True,3.0517578125e-05,True
unpleasantness_z,dose,18,0.0,1.0882102423201605,0.2916899583982643,0.4888658520641301,False,,False
unpleasantness_z,dose,18,0.0666666666666666,1.2052176519779645,0.2446286051377568,0.4242114539961101,False,,False
unpleasantness_z,dose,18,0.1333333333333333,1.2797897776884009,0.217809337727209,0.3889452459414447,False,,False
unpleasantness_z,dose,18,0.2,1.313155891106552,0.2065800943882683,0.3733375199787981,False,,False
unpleasantness_z,dose,18,0.2666666666666666,1.379162827292123,0.1857202087856709,0.3439263125660574,False,,False
unpleasantness_z,dose,18,0.3333333333333333,1.4455239297348654,0.1664937545961835,0.3181409323493953,False,,False
unpleasantness_z,dose,18,0.4,1.5034656366252437,0.1510689771209681,0.2981624548440161,False,,False
unpleasantness_z,dose,18,0.4666666666666667,1.578201229674947,0.1329449993472576,0.27696874864012,False,,False
unpleasantness_z,dose,18,0.5333333333333333,1.660793872541309,0.1150848624097261,0.2501844834994047,False,,False
unpleasantness_z,dose,18,0.6,1.7401795967648632,0.0998969456492329,0.2361444655252499,False,,False
unpleasantness_z,dose,18,0.6666666666666666,1.8047900421352872,0.0888516449830487,0.2361444655252499,False,,False
unpleasantness_z,dose,18,0.7333333333333333,1.8781652004820395,0.0776213283243553,0.2239076778587174,False,,False
unpleasantness_z,dose,18,0.8,1.9666811056755973,0.0657633003404063,0.2076735800223356,False,,False
unpleasantness_z,dose,18,0.8666666666666667,2.0708126158968803,0.0539141117217509,0.1758068860491878,False,,False
unpleasantness_z,dose,18,0.9333333333333332,2.179151989657066,0.0436769542661069,0.151953020635037,False,0.0550537109375,False
unpleasantness_z,dose,18,1.0,2.2837504412813865,0.035519460468582,0.151953020635037,False,0.0550537109375,False
unpleasantness_z,dose,18,1.0666666666666669,2.3605326556659456,0.0304578401031499,0.151953020635037,False,0.0550537109375,False
unpleasantness_z,dose,18,1.1333333333333333,2.4403522568588114,0.0259167291905175,0.151953020635037,False,0.0550537109375,False
unpleasantness_z,dose,18,1.2,2.5237873712033005,0.0218559553250037,0.151953020635037,False,0.0550537109375,False
unpleasantness_z,dose,18,1.2666666666666666,2.6313300969875804,0.0175062784502874,0.151953020635037,False,0.0550537109375,False
unpleasantness_z,dose,18,1.3333333333333333,2.727916091430562,0.0143150069802971,0.151953020635037,False,0.0550537109375,False
unpleasantness_z,dose,18,1.4,2.801121895200129,0.0122763787018728,0.151953020635037,False,0.0550537109375,False
unpleasantness_z,dose,18,1.4666666666666666,2.8401117881793527,0.0113078775501942,0.151953020635037,False,0.0550537109375,False
unpleasantness_z,dose,18,1.5333333333333334,2.8461860169075,0.0111637992604257,0.151953020635037,False,0.0550537109375,False
unpleasantness_z,dose,18,1.6,2.8379584957633432,0.0113593828923175,0.151953020635037,False,0.0550537109375,False
unpleasantness_z,dose,18,1.6666666666666667,2.8105041156326083,0.0120362630075449,0.151953020635037,False,0.0550537109375,False
unpleasantness_z,dose,18,1.7333333333333334,2.779859281670626,0.0128377565324787,0.151953020635037,False,0.0550537109375,False
unpleasantness_z,dose,18,1.8,2.7598465616242573,0.0133886636058544,0.151953020635037,False,0.0550537109375,False
unpleasantness_z,dose,18,1.8666666666666667,2.742765855715184,0.0138767836983463,0.151953020635037,False,0.0550537109375,False
unpleasantness_z,dose,18,1.9333333333333331,2.733002920585051,0.0141634165261259,0.151953020635037,False,0.0550537109375,False
unpleasantness_z,dose,18,2.0,2.724009261233515,0.0144324891914062,0.151953020635037,False,0.0550537109375,False
unpleasantness_z,dose,18,2.066666666666667,2.709835820400493,0.0148665149105095,0.151953020635037,False,0.0550537109375,False
unpleasantness_z,dose,18,2.1333333333333333,2.697149510499201,0.0152655950442747,0.151953020635037,False,0.0550537109375,False
unpleasantness_z,dose,18,2.2,2.70173576290187,0.015120151862418,0.151953020635037,False,0.0550537109375,False
unpleasantness_z,dose,18,2.2666666666666666,2.633658644566277,0.0174219072604023,0.151953020635037,False,0.0550537109375,False
unpleasantness_z,dose,18,2.333333333333333,2.507379884841436,0.0226036624003984,0.151953020635037,False,0.0550537109375,False
unpleasantness_z,dose,18,2.4,2.5018027303152146,0.0228632861159231,0.151953020635037,False,0.0550537109375,False
unpleasantness_z,dose,18,2.466666666666667,2.500421654579301,0.0229280113103856,0.151953020635037,False,0.0550537109375,False
unpleasantness_z,dose,18,2.533333333333333,2.4929574802337857,0.0232808349746025,0.151953020635037,False,0.0550537109375,False
unpleasantness_z,dose,18,2.6,2.4975060290139317,0.0230652238725325,0.151953020635037,False,0.0550537109375,False
unpleasantness_z,dose,18,2.6666666666666665,2.4964404822035524,0.0231155631298592,0.151953020635037,False,0.0550537109375,False
unpleasantness_z,dose,18,2.7333333333333334,2.492517793536104,0.0233017777616929,0.151953020635037,False,0.0550537109375,False
unpleasantness_z,dose,18,2.8,2.4944600244384616,0.0232094012540316,0.151953020635037,False,0.0550537109375,False
unpleasantness_z,dose,18,2.8666666666666667,2.500945103807409,0.0229034590862788,0.151953020635037,False,0.0550537109375,False
unpleasantness_z,dose,18,2.933333333333333,2.5041354363639616,0.0227543543194165,0.151953020635037,False,0.0550537109375,False
unpleasantness_z,dose,18,3.0,2.5121263382129166,0.0223849085101525,0.151953020635037,False,0.0550537109375,False
unpleasantness_z,dose,18,3.066666666666667,2.5275757692664613,0.0216866739455015,0.151953020635037,False,0.0550537109375,False
unpleasantness_z,dose,18,3.1333333333333333,2.541048672488796,0.0210946615083935,0.151953020635037,False,0.0550537109375,False
unpleasantness_z,dose,18,3.2,2.547152935744815,0.0208315091253028,0.151953020635037,False,0.0550537109375,False
unpleasantness_z,dose,18,3.2666666666666666,2.5504145285331203,0.0206921829599002,0.151953020635037,False,0.0550537109375,False
unpleasantness_z,dose,18,3.333333333333333,2.555750466663009,0.0204661518717989,0.151953020635037,False,0.0550537109375,False
unpleasantness_z,dose,18,3.4,2.560946587395761,0.0202482978469084,0.151953020635037,False,0.0550537109375,False
unpleasantness_z,dose,18,3.466666666666667,2.555149385484952,0.0204914961117191,0.151953020635037,False,0.0550537109375,False
unpleasantness_z,dose,18,3.533333333333333,2.5353573102321008,0.0213428516538384,0.151953020635037,False,0.0550537109375,False
unpleasantness_z,dose,18,3.6,2.523919567850752,0.0218500272083313,0.151953020635037,False,0.0550537109375,False
unpleasantness_z,dose,18,3.6666666666666665,2.497160555543405,0.0230815335898818,0.151953020635037,False,0.0550537109375,False
unpleasantness_z,dose,18,3.733333333333333,2.465294978620725,0.0246336561042241,0.151953020635037,False,0.0550537109375,False
unpleasantness_z,dose,18,3.8,2.439025190694187,0.0259867281197222,0.151953020635037,False,0.0550537109375,False
unpleasantness_z,dose,18,3.8666666666666663,2.404550124721732,0.027868738590601,0.151953020635037,False,0.0550537109375,False
unpleasantness_z,dose,18,3.933333333333333,2.371739498206139,0.0297780826740629,0.151953020635037,False,0.0550537109375,False
unpleasantness_z,dose,18,4.0,2.3457382116966925,0.0313774437734304,0.151953020635037,False,0.0550537109375,False
unpleasantness_z,dose,18,4.066666666666666,2.317455427578912,0.0332080519345326,0.151953020635037,False,0.0550537109375,False
unpleasantness_z,dose,18,4.133333333333334,2.2919299067639725,0.0349451719946259,0.151953020635037,False,0.0550537109375,False
unpleasantness_z,dose,18,4.2,2.2695106550650945,0.0365402142799676,0.151953020635037,False,0.0550537109375,False
unpleasantness_z,dose,18,4.266666666666667,2.2478812279669995,0.0381428501948316,0.151953020635037,False,0.0550537109375,False
unpleasantness_z,dose,18,4.333333333333333,2.2209791709222446,0.0402269459836635,0.151953020635037,False,0.0550537109375,False
unpleasantness_z,dose,18,4.4,2.2006169366291046,0.0418738028640624,0.151953020635037,False,0.0550537109375,False
unpleasantness_z,dose,18,4.466666666666667,2.1891056407895872,0.0428320962377793,0.151953020635037,False,0.0550537109375,False
unpleasantness_z,dose,18,4.533333333333333,2.179667996299054,0.0436327819453824,0.151953020635037,False,0.0550537109375,False
unpleasantness_z,dose,18,4.6,2.1679139867546127,0.0446492323025682,0.151953020635037,False,0.0550537109375,False
unpleasantness_z,dose,18,4.666666666666667,2.159067751866727,0.0454285262690333,0.151953020635037,False,0.0550537109375,False
unpleasantness_z,dose,18,4.733333333333333,2.151640741558309,0.0460924162592945,0.151953020635037,False,0.0550537109375,False
unpleasantness_z,dose,18,4.8,2.1547625403626505,0.0458122860930687,0.151953020635037,False,0.0550537109375,False
unpleasantness_z,dose,18,4.866666666666666,2.153880198942345,0.0458913029872892,0.151953020635037,False,0.0550537109375,False
unpleasantness_z,dose,18,4.933333333333334,2.154244085532307,0.0458587004777949,0.151953020635037,False,0.0550537109375,False
unpleasantness_z,dose,18,5.0,2.1674621765893494,0.0446887342942716,0.151953020635037,False,0.0550537109375,False
unpleasantness_z,dose,18,5.066666666666666,2.1593557932340968,0.0454029563135873,0.151953020635037,False,0.0550537109375,False
unpleasantness_z,dose,18,5.133333333333334,2.1657277629210463,0.0448406733256576,0.151953020635037,False,0.0550537109375,False
unpleasantness_z,dose,18,5.2,2.174909285483323,0.0440417097209611,0.151953020635037,False,0.0550537109375,False
unpleasantness_z,dose,18,5.266666666666667,2.188558534903237,0.0428781406382232,0.151953020635037,False,0.0550537109375,False
unpleasantness_z,dose,18,5.333333333333333,2.1947024882144293,0.0423636741657977,0.151953020635037,False,0.0550537109375,False
unpleasantness_z,dose,18,5.4,2.20415304634932,0.0415834197484919,0.151953020635037,False,0.0550537109375,False
unpleasantness_z,dose,18,5.466666666666667,2.215259327253244,0.0406834123617076,0.151953020635037,False,0.0550537109375,False
unpleasantness_z,dose,18,5.533333333333333,2.223390546299725,0.0400359297100147,0.151953020635037,False,0.0550537109375,False
unpleasantness_z,dose,18,5.6,2.2282823037465747,0.0396510024732261,0.151953020635037,False,0.0550537109375,False
unpleasantness_z,dose,18,5.666666666666667,2.238088708789743,0.0388896293762259,0.151953020635037,False,0.0550537109375,False
unpleasantness_z,dose,18,5.733333333333333,2.242257735389696,0.0385700598533987,0.151953020635037,False,0.0550537109375,False
unpleasantness_z,dose,18,5.8,2.2469317937076427,0.038214668763764,0.151953020635037,False,0.0550537109375,False
unpleasantness_z,dose,18,5.866666666666666,2.2469328877502317,0.0382145859345015,0.151953020635037,False,0.0550537109375,False
unpleasantness_z,dose,18,5.933333333333334,2.239956401487015,0.0387461629032837,0.151953020635037,False,0.0550537109375,False
unpleasantness_z,dose,18,6.0,2.2386837573489684,0.038843867570187,0.151953020635037,False,0.0550537109375,False
unpleasantness_z,dose,18,6.066666666666666,2.235705724233572,0.0390733914154841,0.151953020635037,False,0.0550537109375,False
unpleasantness_z,dose,18,6.133333333333334,2.229186491052292,0.0395802285443392,0.151953020635037,False,0.0550537109375,False
unpleasantness_z,dose,18,6.2,2.2293505357291727,0.0395674007096456,0.151953020635037,False,0.0550537109375,False
unpleasantness_z,dose,18,6.266666666666667,2.232712987681677,0.0393053116247337,0.151953020635037,False,0.0550537109375,False
unpleasantness_z,dose,18,6.333333333333333,2.231190755687868,0.0394237637808542,0.151953020635037,False,0.0550537109375,False
unpleasantness_z,dose,18,6.4,2.2300132713977097,0.0395156157489601,0.151953020635037,False,0.0550537109375,False
unpleasantness_z,dose,18,6.466666666666667,2.2254119920730555,0.0398764475800286,0.151953020635037,False,0.0550537109375,False
unpleasantness_z,dose,18,6.533333333333333,2.223599607152272,0.0400194085586054,0.151953020635037,False,0.0550537109375,False
unpleasantness_z,dose,18,6.6,2.223011149229501,0.0400659278703358,0.151953020635037,False,0.0550537109375,False
unpleasantness_z,dose,18,6.666666666666667,2.220991962526147,0.0402259304840688,0.151953020635037,False,0.0550537109375,False
unpleasantness_z,dose,18,6.733333333333333,2.2270552313595458,0.0397472368374308,0.151953020635037,False,0.0550537109375,False
unpleasantness_z,dose,18,6.8,2.229424474788664,0.0395616201385827,0.151953020635037,False,0.0550537109375,False
unpleasantness_z,dose,18,6.866666666666666,2.228213745673125,0.03965637352318,0.151953020635037,False,0.0550537109375,False
unpleasantness_z,dose,18,6.933333333333334,2.23345728845336,0.039247513885664,0.151953020635037,False,0.0550537109375,False
unpleasantness_z,dose,18,7.0,1.9916975488159787,0.0627201773270398,0.2023231526678704,False,,False
unpleasantness_z,dose,18,7.066666666666666,1.969072391366483,0.0654667820183791,0.2076735800223356,False,,False
unpleasantness_z,dose,18,7.133333333333334,1.959826685607796,0.0666199379517902,0.2081873060993444,False,,False
unpleasantness_z,dose,18,7.2,1.9480824039057087,0.0681109806849431,0.2106525175822985,False,,False
unpleasantness_z,dose,18,7.266666666666667,1.9352314321298247,0.0697767149021537,0.2136021884759809,False,,False
unpleasantness_z,dose,18,7.333333333333333,1.9224771723759744,0.0714658372939286,0.2165631433149354,False,,False
unpleasantness_z,dose,18,7.4,1.9101098431785728,0.0731384783700323,0.2194154351100971,False,,False
unpleasantness_z,dose,18,7.466666666666667,1.8986746597804227,0.0747160025824602,0.2219287205419612,False,,False
unpleasantness_z,dose,18,7.533333333333333,1.8910442072832323,0.0757854251749876,0.222898309338199,False,,False
unpleasantness_z,dose,18,7.6,1.88019021472946,0.0773300716715187,0.2239076778587174,False,,False
unpleasantness_z,dose,18,7.666666666666667,1.8664962260571665,0.0793187067412996,0.2266248764037132,False,,False
unpleasantness_z,dose,18,7.733333333333333,1.8502944979601244,0.0817299133237569,0.231311075444595,False,,False
unpleasantness_z,dose,18,7.8,1.835492933841409,0.0839891346252708,0.2354835550241237,False,,False
unpleasantness_z,dose,18,7.866666666666666,1.8204847139726492,0.0863359541899495,0.2361444655252499,False,,False
unpleasantness_z,dose,18,7.933333333333334,1.8108081379126788,0.0878794952934539,0.2361444655252499,False,,False
unpleasantness_z,dose,18,8.0,1.7997124693053614,0.0896791946562238,0.2361444655252499,False,,False
unpleasantness_z,dose,18,8.066666666666666,1.791695443040113,0.0909995857420095,0.2361444655252499,False,,False
unpleasantness_z,dose,18,8.133333333333333,1.7833538067899497,0.0923914888923161,0.2361444655252499,False,,False
unpleasantness_z,dose,18,8.2,1.7761614463455646,0.0936065406253227,0.2361444655252499,False,,False
unpleasantness_z,dose,18,8.266666666666667,1.775449681568671,0.0937275397872447,0.2361444655252499,False,,False
unpleasantness_z,dose,18,8.333333333333334,1.7732071552967943,0.0941096606528643,0.2361444655252499,False,,False
unpleasantness_z,dose,18,8.4,1.773182958938427,0.0941137910623196,0.2361444655252499,False,,False
unpleasantness_z,dose,18,8.466666666666667,1.7681842453722625,0.094970492585993,0.2361444655252499,False,,False
unpleasantness_z,dose,18,8.533333333333333,1.7644105609661138,0.0956217447812438,0.2361444655252499,False,,False
unpleasantness_z,dose,18,8.6,1.7595966995899708,0.0964581596208438,0.2361444655252499,False,,False
unpleasantness_z,dose,18,8.666666666666666,1.7582282205929205,0.0966970959043706,0.2361444655252499,False,,False
unpleasantness_z,dose,18,8.733333333333333,1.749217334081271,0.0982833098252774,0.2361444655252499,False,,False
unpleasantness_z,dose,18,8.8,1.7461447773270578,0.0988293349646654,0.2361444655252499,False,,False
unpleasantness_z,dose,18,8.866666666666667,1.7458120108942614,0.0988886290643486,0.2361444655252499,False,,False
unpleasantness_z,dose,18,8.933333333333334,1.7396156662875648,0.099998391025941,0.2361444655252499,False,,False
unpleasantness_z,dose,18,9.0,1.7359406908873207,0.1006616762997131,0.2361444655252499,False,,False
unpleasantness_z,dose,18,9.066666666666666,1.7354254683055634,0.1007549719574399,0.2361444655252499,False,,False
unpleasantness_z,dose,18,9.133333333333333,1.729395602127063,0.1018524420235637,0.2368661442408458,False,,False
unpleasantness_z,dose,18,9.2,1.7231844772930474,0.1029937276987662,0.2370701253720395,False,,False
unpleasantness_z,dose,18,9.266666666666667,1.7203371094639426,0.1035206214124572,0.2370701253720395,False,,False
unpleasantness_z,dose,18,9.333333333333334,1.7121043649564056,0.1050572068607098,0.238766379228886,False,,False
unpleasantness_z,dose,18,9.4,1.6997297509893448,0.1074039331473081,0.2422645108585897,False,,False
unpleasantness_z,dose,18,9.466666666666669,1.6847230327610712,0.1103103803369749,0.2469635380678543,False,,False
unpleasantness_z,dose,18,9.533333333333331,1.6731545364213094,0.1125969009652988,0.2501844834994047,False,,False
unpleasantness_z,dose,18,9.6,1.6631773308597184,0.1146014829191297,0.2501844834994047,False,,False
unpleasantness_z,dose,18,9.666666666666666,1.663494653803565,0.114537259426184,0.2501844834994047,False,,False
unpleasantness_z,dose,18,9.733333333333333,1.6557251569801434,0.1161186393133376,0.2506157683021676,False,,False
unpleasantness_z,dose,18,9.8,1.6313448389303122,0.1212027882039959,0.259720260437134,False,,False
unpleasantness_z,dose,18,9.866666666666667,1.6027311866634626,0.1274105629307235,0.2710863041079223,False,,False
unpleasantness_z,dose,18,9.933333333333334,1.5865726566381524,0.131033844816276,0.2768320665132593,False,,False
unpleasantness_z,dose,18,10.0,1.5788476579228332,0.1327965896413423,0.27696874864012,False,,False
unpleasantness_z,dose,18,10.066666666666666,1.5609989311999009,0.1369460490448205,0.2833366531961805,False,,False
unpleasantness_z,dose,18,10.133333333333333,1.5487571662259978,0.1398545951960301,0.2873724558822537,False,,False
unpleasantness_z,dose,18,10.2,1.5400032486597404,0.1419660762985456,0.2897266863235626,False,,False
unpleasantness_z,dose,18,10.266666666666667,1.5257440530588844,0.1454625382048785,0.2948564963612403,False,,False
unpleasantness_z,dose,18,10.333333333333334,1.5127111880890916,0.1487208674551113,0.2981624548440161,False,,False
unpleasantness_z,dose,18,10.4,1.5059701087057735,0.1504298904423254,0.2981624548440161,False,,False
unpleasantness_z,dose,18,10.466666666666669,1.50470327330274,0.1507528779621621,0.2981624548440161,False,,False
unpleasantness_z,dose,18,10.533333333333331,1.4992212182832112,0.1521572071572097,0.2983474650141368,False,,False
unpleasantness_z,dose,18,10.6,1.490019276698526,0.1545388389540093,0.3010496862740442,False,,False
unpleasantness_z,dose,18,10.666666666666666,1.4772556271407873,0.157893313450686,0.3055999615174569,False,,False
unpleasantness_z,dose,18,10.733333333333333,1.45461337415854,0.1639917750403147,0.3153687981544515,False,,False
unpleasantness_z,dose,18,10.8,1.439205210926696,0.1682514220503574,0.319464725412071,False,,False
unpleasantness_z,dose,18,10.866666666666667,1.4223947551702574,0.1730015405583693,0.3264180010535271,False,,False
unpleasantness_z,dose,18,10.933333333333334,1.404066124681546,0.1783045595056138,0.3343210490730258,False,,False
unpleasantness_z,dose,18,11.0,1.3858479424562713,0.1837055096898705,0.3423084031488271,False,,False
unpleasantness_z,dose,18,11.066666666666666,1.3680299792498782,0.189114797265072,0.3480640440461447,False,,False
unpleasantness_z,dose,18,11.133333333333333,1.3436628692497157,0.1967186150620803,0.3598511251135615,False,,False
unpleasantness_z,dose,18,11.2,1.3238351807987625,0.2030843272473749,0.3692442313588635,False,,False
unpleasantness_z,dose,18,11.266666666666667,1.2977668373922726,0.2117010883988765,0.3803013564051675,False,,False
unpleasantness_z,dose,18,11.333333333333334,1.2730844119178644,0.2201227515303803,0.3907504465036337,False,,False
unpleasantness_z,dose,18,11.4,1.249382377994383,0.2284543097997708,0.4031546643525367,False,,False
unpleasantness_z,dose,18,11.466666666666669,1.2286111369301955,0.235955110496823,0.4139563342049527,False,,False
unpleasantness_z,dose,18,11.533333333333331,1.214705981369926,0.2410816614781185,0.4204912700199741,False,,False
unpleasantness_z,dose,18,11.6,1.1849533829335257,0.2523372810254005,0.4350642776300008,False,,False
unpleasantness_z,dose,18,11.666666666666666,1.1619317766688106,0.2613172124610839,0.447972364219001,False,,False
unpleasantness_z,dose,18,11.733333333333333,1.1393972653977271,0.2703383395240495,0.4608039878250844,False,,False
unpleasantness_z,dose,18,11.8,1.1227960572153728,0.2771317196999273,0.4697147791524192,False,,False
unpleasantness_z,dose,18,11.866666666666667,1.0910477847364826,0.2904748150310539,0.4888658520641301,False,,False
unpleasantness_z,dose,18,11.933333333333334,1.065678003829389,0.3014713983214916,0.5024523305358193,False,,False
unpleasantness_z,dose,18,12.0,1.0348703695966197,0.3152272687963598,0.5224761361265633,False,,False
unpleasantness_z,dose,18,12.066666666666666,0.9973644594037188,0.3325732326552148,0.5364084397664756,False,,False
unpleasantness_z,dose,18,12.133333333333333,0.9616237923958564,0.3497180657918818,0.5369729282066596,False,,False
unpleasantness_z,dose,18,12.2,0.9198670707323772,0.3705113204625951,0.5369729282066596,False,,False
unpleasantness_z,dose,18,12.266666666666667,0.887155153669773,0.3873744025131483,0.5533920035902119,False,,False
unpleasantness_z,dose,18,12.333333333333334,0.8517170912048208,0.4062098286723575,0.5721265192568415,False,,False
unpleasantness_z,dose,18,12.4,0.8265050942284363,0.4199672128953767,0.5860007621795954,False,,False
unpleasantness_z,dose,18,12.466666666666669,0.8015421803370656,0.433879239955209,0.5979821486296197,False,,False
unpleasantness_z,dose,18,12.533333333333331,0.7675562002875203,0.4532805950022591,0.6181099022758079,False,,False
unpleasantness_z,dose,18,12.6,0.7207064465210917,0.4808841217733142,0.6411788290310856,False,,False
unpleasantness_z,dose,18,12.666666666666666,0.6660740963813008,0.5143015237452563,0.6737574546881087,False,,False
unpleasantness_z,dose,18,12.733333333333333,0.6215548848287946,0.5424806123936418,0.6951194648337036,False,,False
unpleasantness_z,dose,18,12.8,0.5950164880805108,0.5596701222059031,0.7084431926657001,False,,False
unpleasantness_z,dose,18,12.866666666666667,0.5695952991408645,0.5764022555566878,0.7145482506901089,False,,False
unpleasantness_z,dose,18,12.933333333333334,0.5436271454334302,0.593756199481595,0.7300281141167152,False,,False
unpleasantness_z,dose,18,13.0,0.5107015381543695,0.6161278567390603,0.7513754350476346,False,,False
unpleasantness_z,dose,18,13.066666666666666,0.4802683850428128,0.6371583012086168,0.7707560095265527,False,,False
unpleasantness_z,dose,18,13.133333333333333,0.452022016359297,0.656967422923281,0.7883609075079372,False,,False
unpleasantness_z,dose,18,13.2,0.4242280666746106,0.6767193364497492,0.8003017025488999,False,,False
unpleasantness_z,dose,18,13.266666666666667,0.3971080710992739,0.6962290463314598,0.8112374995975564,False,,False
unpleasantness_z,dose,18,13.333333333333334,0.3609979015575378,0.7225480541912715,0.8305150048175535,False,,False
unpleasantness_z,dose,18,13.4,0.3135071613834274,0.7577093488490078,0.8481821069205311,False,,False
unpleasantness_z,dose,18,13.466666666666669,0.2856445021451059,0.7786016492368394,0.8574128444322847,False,,False
unpleasantness_z,dose,18,13.533333333333331,0.2801477105995035,0.7827445866632936,0.8574128444322847,False,,False
unpleasantness_z,dose,18,13.6,0.2831820799846796,0.7804567396084359,0.8574128444322847,False,,False
unpleasantness_z,dose,18,13.666666666666666,0.2796716250028286,0.7831037312481534,0.8574128444322847,False,,False
unpleasantness_z,dose,18,13.733333333333333,0.2243818577933488,0.825134858629999,0.8597916020568783,False,,False
unpleasantness_z,dose,18,13.8,0.1442837277738489,0.8869730920992465,0.9081635755282388,False,,False
unpleasantness_z,dose,18,13.866666666666667,0.0644633941978443,0.9493532186364372,0.9589426450873102,False,,False
unpleasantness_z,dose,18,13.933333333333334,0.0274151589845532,0.9784478690819032,0.9817202699818426,False,,False
unpleasantness_z,dose,18,14.0,2.4504998584177077e-06,0.9999980733105126,0.9999980733105124,False,,False
unpleasantness_z,dose,18,14.066666666666666,-0.0345211417957451,0.9728636848421108,0.9793929713175612,False,,False
unpleasantness_z,dose,18,14.133333333333333,-0.0760428877929037,0.9402727251738104,0.9529791133518348,False,,False
unpleasantness_z,dose,18,14.2,-0.1079778612398909,0.915277430142884,0.9307906069249668,False,,False
unpleasantness_z,dose,18,14.266666666666667,-0.1363374089935708,0.8931560744697681,0.911383749458947,False,,False
unpleasantness_z,dose,18,14.333333333333334,-0.1687896723291023,0.867954100979916,0.8917336653903246,False,,False
unpleasantness_z,dose,18,14.4,-0.1874239127806181,0.8535470333088337,0.8799453951637461,False,,False
unpleasantness_z,dose,18,14.466666666666669,-0.2015229912222245,0.8426813205595756,0.8717392971305955,False,,False
unpleasantness_z,dose,18,14.533333333333331,-0.2195775635669282,0.8288150743724976,0.8603616688987864,False,,False
unpleasantness_z,dose,18,14.6,-0.2259961422996088,0.8238992095819608,0.8597916020568783,False,,False
unpleasantness_z,dose,18,14.666666666666666,-0.2308312387960288,0.8202010594570053,0.8597916020568783,False,,False
unpleasantness_z,dose,18,14.733333333333333,-0.2311854080198105,0.819930341288402,0.8597916020568783,False,,False
unpleasantness_z,dose,18,14.8,-0.2264757571717383,0.8235321814068545,0.8597916020568783,False,,False
unpleasantness_z,dose,18,14.866666666666667,-0.2240356316984906,0.8253999379746032,0.8597916020568783,False,,False
unpleasantness_z,dose,18,14.933333333333334,-0.2355909966613718,0.8165647848627577,0.8597916020568783,False,,False
unpleasantness_z,dose,18,15.0,-0.2496604676388416,0.8058416965624247,0.8597916020568783,False,,False
unpleasantness_z,dose,18,15.066666666666666,-0.2604443202111543,0.7976494927339336,0.8591388442699908,False,,False
unpleasantness_z,dose,18,15.133333333333333,-0.2586655601297515,0.7989991251710914,0.8591388442699908,False,,False
unpleasantness_z,dose,18,15.2,-0.262563848377758,0.796042163961481,0.8591388442699908,False,,False
unpleasantness_z,dose,18,15.266666666666667,-0.2538767725389983,0.8026358571311951,0.8597916020568783,False,,False
unpleasantness_z,dose,18,15.333333333333334,-0.2620868362604375,0.7964038206478263,0.8591388442699908,False,,False
unpleasantness_z,dose,18,15.4,-0.2740676325261976,0.7873349812545115,0.8589108886412853,False,,False
unpleasantness_z,dose,18,15.466666666666669,-0.2989161687823535,0.7686272427220898,0.8540302696912109,False,,False
unpleasantness_z,dose,18,15.533333333333331,-0.3152990009947167,0.7563721547365774,0.8481821069205311,False,,False
unpleasantness_z,dose,18,15.6,-0.3351393623999856,0.7416199387780847,0.8394627606390603,False,,False
unpleasantness_z,dose,18,15.666666666666666,-0.3407794545211554,0.7374448107024845,0.8394627606390603,False,,False
unpleasantness_z,dose,18,15.733333333333333,-0.3549282147194302,0.7270084330553712,0.8324524042618754,False,,False
unpleasantness_z,dose,18,15.8,-0.3613264743473839,0.7223068900700732,0.8305150048175535,False,,False
unpleasantness_z,dose,18,15.866666666666667,-0.3909520501948543,0.7006889057123816,0.8116087710954227,False,,False
unpleasantness_z,dose,18,15.933333333333334,-0.4012988597508052,0.693199467354828,0.8112374995975564,False,,False
unpleasantness_z,dose,18,16.0,-0.4230126484388889,0.6775887748247352,0.8003017025488999,False,,False
unpleasantness_z,dose,18,16.066666666666666,-0.4464149681755054,0.6609317250860368,0.7899582371546257,False,,False
unpleasantness_z,dose,18,16.133333333333333,-0.4421216953025294,0.6639741947484822,0.7904454699386693,False,,False
unpleasantness_z,dose,18,16.2,-0.3973417697424524,0.6960599625568904,0.8112374995975564,False,,False
unpleasantness_z,dose,18,16.266666666666666,-0.3314929640225897,0.7443236477666335,0.8394627606390603,False,,False
unpleasantness_z,dose,18,16.333333333333332,-0.3076314913926204,0.7620997067987302,0.8499253235673571,False,,False
unpleasantness_z,dose,18,16.4,-0.333318990312583,0.7429692649501157,0.8394627606390603,False,,False
unpleasantness_z,dose,18,16.466666666666665,-0.3951253233954166,0.6976642496538985,0.8112374995975564,False,,False
unpleasantness_z,dose,18,16.533333333333335,-0.4583733496525877,0.6524895817726865,0.7861320262321523,False,,False
unpleasantness_z,dose,18,16.6,-0.5019316112847562,0.622154151317574,0.7556528153654746,False,,False
unpleasantness_z,dose,18,16.666666666666668,-0.5213478383770036,0.6088499712293711,0.7455305770155565,False,,False
unpleasantness_z,dose,18,16.733333333333334,-0.5480691659743846,0.5907692637847185,0.7293447701045908,False,,False
unpleasantness_z,dose,18,16.8,-0.5709106150020073,0.5755302371069454,0.7145482506901089,False,,False
unpleasantness_z,dose,18,16.866666666666667,-0.5816235976374555,0.5684532338975524,0.7125274271200729,False,,False
unpleasantness_z,dose,18,16.933333333333334,-0.5792429867662507,0.5700219416960584,0.7125274271200729,False,,False
unpleasantness_z,dose,18,17.0,-0.5886899691017728,0.5638101285545049,0.7106850359930734,False,,False
unpleasantness_z,dose,18,17.066666666666666,-0.6121922831199279,0.5485121097798489,0.6972611564998079,False,,False
unpleasantness_z,dose,18,17.133333333333333,-0.6197546322827986,0.5436375521515474,0.6951194648337036,False,,False
unpleasantness_z,dose,18,17.2,-0.6183980524885339,0.5445102474530678,0.6951194648337036,False,,False
unpleasantness_z,dose,18,17.266666666666666,-0.6191890649495735,0.5440012925044602,0.6951194648337036,False,,False
unpleasantness_z,dose,18,17.333333333333332,-0.6334408935215452,0.5348757368361838,0.694643814072966,False,,False
unpleasantness_z,dose,18,17.4,-0.6484541852070984,0.5253543676124395,0.6852448273205731,False,,False
unpleasantness_z,dose,18,17.466666666666665,-0.6745626968534866,0.5090240667589776,0.6697685088933916,False,,False
unpleasantness_z,dose,18,17.533333333333335,-0.7040638484448195,0.4909256713096705,0.6488004466647628,False,,False
unpleasantness_z,dose,18,17.6,-0.710700036208893,0.4869069648537111,0.646336679009351,False,,False
unpleasantness_z,dose,18,17.666666666666668,-0.7298576420818901,0.475414948359907,0.6367164486963041,False,,False
unpleasantness_z,dose,18,17.733333333333334,-0.7380495143546147,0.4705508075271031,0.6355341934240148,False,,False
unpleasantness_z,dose,18,17.8,-0.7349060881776198,0.4724137504451843,0.6355341934240148,False,,False
unpleasantness_z,dose,18,17.866666666666667,-0.7493266170524606,0.4639039586233455,0.6297338804841794,False,,False
unpleasantness_z,dose,18,17.933333333333334,-0.7776946588114364,0.447437646708626,0.6129282831625015,False,,False
unpleasantness_z,dose,18,18.0,-0.8003804361832919,0.434533694670857,0.5979821486296197,False,,False
unpleasantness_z,dose,18,18.066666666666663,-0.8071635595720862,0.4307212863700622,0.5979821486296197,False,,False
unpleasantness_z,dose,18,18.133333333333333,-0.8339077117790764,0.4158971673492493,0.5830334121718448,False,,False
unpleasantness_z,dose,18,18.2,-0.8610542757735069,0.401190036953358,0.5677217504056953,False,,False
unpleasantness_z,dose,18,18.266666666666666,-0.879485172617127,0.3914011068110068,0.5564944646601993,False,,False
unpleasantness_z,dose,18,18.33333333333333,-0.894918898648336,0.3833266136521454,0.5502295889743715,False,,False
unpleasantness_z,dose,18,18.4,-0.8997961035790969,0.3807982734424979,0.5492282790036028,False,,False
unpleasantness_z,dose,18,18.466666666666665,-0.9213373448196468,0.3697652200523851,0.5369729282066596,False,,False
unpleasantness_z,dose,18,18.53333333333333,-0.9305146579145964,0.3651311547965466,0.5369729282066596,False,,False
unpleasantness_z,dose,18,18.6,-0.9331641205278864,0.3638006984800025,0.5369729282066596,False,,False
unpleasantness_z,dose,18,18.666666666666668,-0.9307667127532584,0.365004440311071,0.5369729282066596,False,,False
unpleasantness_z,dose,18,18.73333333333333,-0.9314921647182708,0.364639903979861,0.5369729282066596,False,,False
unpleasantness_z,dose,18,18.8,-0.9255911321872804,0.3676123438126547,0.5369729282066596,False,,False
unpleasantness_z,dose,18,18.866666666666667,-0.9294356388854756,0.3656739440601855,0.5369729282066596,False,,False
unpleasantness_z,dose,18,18.933333333333334,-0.9322346622461588,0.3642670592185845,0.5369729282066596,False,,False
unpleasantness_z,dose,18,19.0,-0.939833706036118,0.3604661441287748,0.5369729282066596,False,,False
unpleasantness_z,dose,18,19.066666666666663,-0.9352198377427186,0.3627706776346555,0.5369729282066596,False,,False
unpleasantness_z,dose,18,19.133333333333333,-0.9374602590731362,0.3616503792225112,0.5369729282066596,False,,False
unpleasantness_z,dose,18,19.2,-0.9518549834213768,0.354508901343662,0.5369729282066596,False,,False
unpleasantness_z,dose,18,19.266666666666666,-0.9656743028814934,0.3477448005760243,0.5369729282066596,False,,False
unpleasantness_z,dose,18,19.33333333333333,-0.9712391964042302,0.3450463902567214,0.5369729282066596,False,,False
unpleasantness_z,dose,18,19.4,-0.9691490092454896,0.3460582083529672,0.5369729282066596,False,,False
unpleasantness_z,dose,18,19.466666666666665,-0.985505775309488,0.3381951834172839,0.5369729282066596,False,,False
unpleasantness_z,dose,18,19.53333333333333,-0.9774422656794156,0.3420557258406967,0.5369729282066596,False,,False
unpleasantness_z,dose,18,19.6,-0.9726391581746264,0.3443698476474882,0.5369729282066596,False,,False
unpleasantness_z,dose,18,19.666666666666668,-0.9851513135465322,0.3383642447545167,0.5369729282066596,False,,False
unpleasantness_z,dose,18,19.73333333333333,-0.9980953950334696,0.3322288757382556,0.5364084397664756,False,,False
unpleasantness_z,dose,18,19.8,-1.002196274718173,0.3303015349398662,0.5364084397664756,False,,False
unpleasantness_z,dose,18,19.866666666666667,-1.0108874846516205,0.3262429387171905,0.5348244897003124,False,,False
unpleasantness_z,dose,18,19.933333333333334,-1.014376190180107,0.3246237687300013,0.5348244897003124,False,,False
pleasantness_z,state,18,0.0,-0.5114735837192875,0.6155986820966476,0.710306171649978,False,,False
pleasantness_z,state,18,0.0666666666666666,-0.523966632959247,0.6070661549402344,0.710306171649978,False,,False
pleasantness_z,state,18,0.1333333333333333,-0.5156079504299664,0.6127686215651235,0.710306171649978,False,,False
pleasantness_z,state,18,0.2,-0.4847204788379137,0.6340611775770268,0.7205240654284396,False,,False
pleasantness_z,state,18,0.2666666666666666,-0.4427013041824763,0.6635630949377697,0.7483794303809432,False,,False
pleasantness_z,state,18,0.3333333333333333,-0.3996464266196856,0.6943933989989189,0.7773060436555063,False,,False
pleasantness_z,state,18,0.4,-0.3395066406249016,0.7383862901572488,0.8084521425079366,False,,False
pleasantness_z,state,18,0.4666666666666667,-0.2762750930226384,0.7856674302138117,0.8417865323719411,False,,False
pleasantness_z,state,18,0.5333333333333333,-0.2222810300608984,0.8267436379071007,0.8733207442680642,False,,False
pleasantness_z,state,18,0.6,-0.1576332416824541,0.8766029871726777,0.9068306763855288,False,,False
pleasantness_z,state,18,0.6666666666666666,-0.1009395200102477,0.9207794027883798,0.939570819171816,False,,False
pleasantness_z,state,18,0.7333333333333333,-0.062102956539226,0.951205166712872,0.9640592905873702,False,,False
pleasantness_z,state,18,0.8,-0.0022441188146674,0.998235577826546,0.998235577826546,False,,False
pleasantness_z,state,18,0.8666666666666667,0.0515392620380804,0.959496578592282,0.9659361529452504,False,,False
pleasantness_z,state,18,0.9333333333333332,0.1089164164729448,0.9145440759934028,0.939570819171816,False,,False
pleasantness_z,state,18,1.0,0.1622185162287828,0.8730462980719772,0.9068306763855288,False,,False
pleasantness_z,state,18,1.0666666666666669,0.2064255712577104,0.8389105767691691,0.8799761294781495,False,,False
pleasantness_z,state,18,1.1333333333333333,0.2511659009970494,0.8046966385517329,0.8560602537784393,False,,False
pleasantness_z,state,18,1.2,0.2930857222071961,0.7730041280326372,0.8341771165819826,False,,False
pleasantness_z,state,18,1.2666666666666666,0.3152979022260495,0.7563729744702248,0.8221445374676357,False,,False
pleasantness_z,state,18,1.3333333333333333,0.345246665943464,0.7341438951004432,0.8084521425079366,False,,False
pleasantness_z,state,18,1.4,0.3918873626897287,0.7000105686289657,0.7777895206988509,False,,False
pleasantness_z,state,18,1.4666666666666666,0.4916344949211321,0.6292652430405288,0.7205240654284396,False,,False
pleasantness_z,state,18,1.5333333333333334,0.553290936194189,0.5872676684616858,0.6936232304665579,False,,False
pleasantness_z,state,18,1.6,0.5985882774675617,0.557339900263184,0.6634998812656953,False,,False
pleasantness_z,state,18,1.6666666666666667,0.6217766781055967,0.542338168660253,0.6508058023923036,False,,False
pleasantness_z,state,18,1.7333333333333334,0.6424203482915436,0.5291696137458551,0.6475275734156073,False,,False
pleasantness_z,state,18,1.8,0.635519510202197,0.5335518456416384,0.6475275734156073,False,,False
pleasantness_z,state,18,1.8666666666666667,0.6410930393016866,0.5300109405615184,0.6475275734156073,False,,False
pleasantness_z,state,18,1.9333333333333331,0.6327918940619218,0.5352894606902353,0.6475275734156073,False,,False
pleasantness_z,state,18,2.0,0.7051401464766588,0.4902725749047007,0.6128407186308759,False,,False
pleasantness_z,state,18,2.066666666666667,0.7482675084491972,0.4645257748807624,0.5855366910261712,False,,False
pleasantness_z,state,18,2.1333333333333333,0.7676286869904462,0.4532386537580948,0.5852347731777775,False,,False
pleasantness_z,state,18,2.2,0.7483114042000663,0.4644999930819477,0.5855366910261712,False,,False
pleasantness_z,state,18,2.2666666666666666,0.7712797807017588,0.4511292000464219,0.5852347731777775,False,,False
pleasantness_z,state,18,2.333333333333333,0.7620334247614876,0.4564831230786664,0.5852347731777775,False,,False
pleasantness_z,state,18,2.4,0.7694224454195009,0.4522015352463526,0.5852347731777775,False,,False
pleasantness_z,state,18,2.466666666666667,0.7787392418102679,0.4468383001568879,0.5852347731777775,False,,False
pleasantness_z,state,18,2.533333333333333,0.8401199366397019,0.4125012727578908,0.552457061729318,False,,False
pleasantness_z,state,18,2.6,0.8587437493588884,0.4024284118026283,0.5438221781116599,False,,False
pleasantness_z,state,18,2.6666666666666665,0.8779839545019585,0.3921924703280818,0.534807914083748,False,,False
pleasantness_z,state,18,2.7333333333333334,0.8939609589537614,0.3838245232317783,0.5281988851813464,False,,False
pleasantness_z,state,18,2.8,0.9120035847641228,0.3745189865241342,0.5201652590612975,False,,False
pleasantness_z,state,18,2.8666666666666667,0.924256885383814,0.3682866991102479,0.5162897651078242,False,,False
pleasantness_z,state,18,2.933333333333333,0.950523853956715,0.3551651989397047,0.5025922626505256,False,,False
pleasantness_z,state,18,3.0,0.963335144704701,0.3488834121844786,0.4984048745492552,False,,False
pleasantness_z,state,18,3.066666666666667,0.9812523038236668,0.3402277899144784,0.4907131585304976,False,,False
pleasantness_z,state,18,3.1333333333333333,0.9946663238731906,0.3338465480634143,0.4861842932962344,False,,False
pleasantness_z,state,18,3.2,1.0074044841641798,0.3278651603066409,0.482154647509766,False,,False
pleasantness_z,state,18,3.2666666666666666,1.0197078561644792,0.3221602798994073,0.4784558612367435,False,,False
pleasantness_z,state,18,3.333333333333333,1.0284685424329592,0.3181413531712349,0.4772120297568524,False,,False
pleasantness_z,state,18,3.4,1.039733138678561,0.3130265671472783,0.4742826774958761,False,,False
pleasantness_z,state,18,3.466666666666667,1.052720165072439,0.3072032702769512,0.4702090871585988,False,,False
pleasantness_z,state,18,3.533333333333333,1.0834807446176329,0.2937235773257861,0.4542117175141021,False,,False
pleasantness_z,state,18,3.6,1.0917109518266654,0.2901913576711924,0.4534239963612381,False,,False
pleasantness_z,state,18,3.6666666666666665,1.1055364278350606,0.2843281052077549,0.4489391134859288,False,,False
pleasantness_z,state,18,3.733333333333333,1.130152945653625,0.274105707241785,0.4374027243219974,False,,False
pleasantness_z,state,18,3.8,1.175068537955496,0.2561639153492865,0.4131676054020751,False,,False
pleasantness_z,state,18,3.8666666666666663,1.2483634386748244,0.2288178986616333,0.3900305090823296,False,,False
pleasantness_z,state,18,3.933333333333333,1.2622691746315065,0.2238945347670946,0.3900305090823296,False,,False
pleasantness_z,state,18,4.0,1.220753482690997,0.2388416516223422,0.3980694193705704,False,,False
pleasantness_z,state,18,4.066666666666666,1.2026976230344055,0.2455773262370839,0.4003978145169846,False,,False
pleasantness_z,state,18,4.133333333333334,1.2049212551393649,0.2447400446339548,0.4003978145169846,False,,False
pleasantness_z,state,18,4.2,1.2271296012825217,0.2364972919575999,0.3980694193705704,False,,False
pleasantness_z,state,18,4.266666666666667,1.255145131455653,0.2264064180197951,0.3900305090823296,False,,False
pleasantness_z,state,18,4.333333333333333,1.2940711575495,0.2129456726599425,0.3757864811646045,False,,False
pleasantness_z,state,18,4.4,1.328949793205235,0.2014268130495166,0.3596907375884225,False,,False
pleasantness_z,state,18,4.466666666666667,1.3366847904127368,0.1989405500569117,0.3595311145606839,False,,False
pleasantness_z,state,18,4.533333333333333,1.3442913718612266,0.1965194654368907,0.3594868270187025,False,,False
pleasantness_z,state,18,4.6,1.3610449086008674,0.1912699948011911,0.3542036940762798,False,,False
pleasantness_z,state,18,4.666666666666667,1.369881518452339,0.1885467996645389,0.3535252493710105,False,,False
pleasantness_z,state,18,4.733333333333333,1.4093643398655766,0.176758241266371,0.3535252493710105,False,,False
pleasantness_z,state,18,4.8,1.415808319364592,0.1748922214361935,0.3535252493710105,False,,False
pleasantness_z,state,18,4.866666666666666,1.4087476929108131,0.1769376518967095,0.3535252493710105,False,,False
pleasantness_z,state,18,4.933333333333334,1.4097842964213831,0.1766361413998523,0.3535252493710105,False,,False
pleasantness_z,state,18,5.0,1.405424337953394,0.1779071139992007,0.3535252493710105,False,,False
pleasantness_z,state,18,5.066666666666666,1.398845893185095,0.1798388295699657,0.3535252493710105,False,,False
pleasantness_z,state,18,5.133333333333334,1.3853756163302386,0.1838472735887066,0.3535252493710105,False,,False
pleasantness_z,state,18,5.2,1.3813981132164472,0.1850445858837,0.3535252493710105,False,,False
pleasantness_z,state,18,5.266666666666667,1.3866612775908806,0.1834616022039,0.3535252493710105,False,,False
pleasantness_z,state,18,5.333333333333333,1.3843100140089477,0.184167427633121,0.3535252493710105,False,,False
pleasantness_z,state,18,5.4,1.3807618330971956,0.1852367017058021,0.3535252493710105,False,,False
pleasantness_z,state,18,5.466666666666667,1.379523901172562,0.1856109385265976,0.3535252493710105,False,,False
pleasantness_z,state,18,5.533333333333333,1.3719153077411752,0.1879244743819756,0.3535252493710105,False,,False
pleasantness_z,state,18,5.6,1.3750861561271095,0.1869575138244339,0.3535252493710105,False,,False
pleasantness_z,state,18,5.666666666666667,1.3802185906058877,0.1854008533407588,0.3535252493710105,False,,False
pleasantness_z,state,18,5.733333333333333,1.392676808085642,0.1816657410959809,0.3535252493710105,False,,False
pleasantness_z,state,18,5.8,1.4155672753222717,0.1749617323794881,0.3535252493710105,False,,False
pleasantness_z,state,18,5.866666666666666,1.443838236347602,0.1669611836861824,0.3535252493710105,False,,False
pleasantness_z,state,18,5.933333333333334,1.446060643030869,0.1663451535801055,0.3535252493710105,False,,False
pleasantness_z,state,18,6.0,1.48982826284404,0.1545886020758333,0.3535252493710105,False,,False
pleasantness_z,state,18,6.066666666666666,1.4578376825953492,0.1631116954249978,0.3535252493710105,False,,False
pleasantness_z,state,18,6.133333333333334,1.419525683866267,0.1738230705791028,0.3535252493710105,False,,False
pleasantness_z,state,18,6.2,1.4079995119529227,0.177155530249663,0.3535252493710105,False,,False
pleasantness_z,state,18,6.266666666666667,1.4190737192750782,0.1739527752835953,0.3535252493710105,False,,False
pleasantness_z,state,18,6.333333333333333,1.4976778590720885,0.152554519338319,0.3535252493710105,False,,False
pleasantness_z,state,18,6.4,1.5284679415868974,0.144789119606085,0.3535252493710105,False,,False
pleasantness_z,state,18,6.466666666666667,1.5595386746890822,0.1372903026667186,0.3535252493710105,False,,False
pleasantness_z,state,18,6.533333333333333,1.5875047227034167,0.1308225018991009,0.3535252493710105,False,,False
pleasantness_z,state,18,6.6,1.6046517078114793,0.1269856163237907,0.3535252493710105,False,,False
pleasantness_z,state,18,6.666666666666667,1.6292093315234928,0.1216570264188154,0.3535252493710105,False,,False
pleasantness_z,state,18,6.733333333333333,1.6512640003533432,0.1170350718458493,0.3535252493710105,False,,False
pleasantness_z,state,18,6.8,1.6756747631331752,0.112095336091166,0.3502979252848938,False,,False
pleasantness_z,state,18,6.866666666666666,1.692359071366857,0.1088231025413659,0.3473077740681891,False,,False
pleasantness_z,state,18,6.933333333333334,1.711123547381318,0.1052415784451258,0.3431790601471495,False,,False
pleasantness_z,state,18,7.0,1.7318526229721036,0.1014040044376322,0.3380133481254407,False,,False
pleasantness_z,state,18,7.066666666666666,1.7526522036804022,0.0976760073973161,0.3329863888544869,False,,False
pleasantness_z,state,18,7.133333333333334,1.7777354476315217,0.0933394469447361,0.3256027219002425,False,,False
pleasantness_z,state,18,7.2,1.7905213461998406,0.0911943807875239,0.3256027219002425,False,,False
pleasantness_z,state,18,7.266666666666667,1.807027543444485,0.0884891067739285,0.323740634538763,False,,False
pleasantness_z,state,18,7.333333333333333,1.8313575513760156,0.0846301016558276,0.3173628812093535,False,,False
pleasantness_z,state,18,7.4,1.8547741450487616,0.0810568339555594,0.3117570536752286,False,,False
pleasantness_z,state,18,7.466666666666667,1.8842880360661016,0.0767436504505419,0.3029354623047706,False,,False
pleasantness_z,state,18,7.533333333333333,1.9192274355498344,0.0719020147430863,0.2914946543638637,False,,False
pleasantness_z,state,18,7.6,1.9546839379424676,0.0672692164868283,0.2802884020284516,False,,False
pleasantness_z,state,18,7.666666666666667,1.990984281211906,0.0628051568485048,0.2691649579221634,False,,False
pleasantness_z,state,18,7.733333333333333,2.0318239222459527,0.058103253781646,0.2563378843307913,False,,False
pleasantness_z,state,18,7.8,2.083818728874835,0.0525789292406539,0.2389951329120633,False,,False
pleasantness_z,state,18,7.866666666666666,2.143092766996072,0.046867515145776,0.219691477245825,False,0.0760650634765625,False
pleasantness_z,state,18,7.933333333333334,2.193954401992676,0.042426010062691,0.2052871454646342,False,0.0760650634765625,False
pleasantness_z,state,18,8.0,2.2276857523903644,0.0396977606740281,0.1984888033701405,False,0.0760650634765625,False
pleasantness_z,state,18,8.066666666666666,2.2486181930083307,0.038087189728272,0.1975160680508617,False,0.0760650634765625,False
pleasantness_z,state,18,8.133333333333333,2.2658643816074706,0.0368059340575031,0.1975160680508617,False,0.0760650634765625,False
pleasantness_z,state,18,8.2,2.247800669251204,0.0381489390856392,0.1975160680508617,False,0.0760650634765625,False
pleasantness_z,state,18,8.266666666666667,2.247304780232506,0.0381864398231666,0.1975160680508617,False,0.0760650634765625,False
pleasantness_z,state,18,8.333333333333334,2.2581385843479667,0.0373748781622346,0.1975160680508617,False,0.0760650634765625,False
pleasantness_z,state,18,8.4,2.2731110298893835,0.0362795867587689,0.1975160680508617,False,0.0760650634765625,False
pleasantness_z,state,18,8.466666666666667,2.287455492433329,0.0352582469849752,0.1975160680508617,False,0.0760650634765625,False
pleasantness_z,state,18,8.533333333333333,2.2710193016546376,0.0364307940990399,0.1975160680508617,False,0.0760650634765625,False
pleasantness_z,state,18,8.6,2.2708626845320805,0.0364421391759358,0.1975160680508617,False,0.0760650634765625,False
pleasantness_z,state,18,8.666666666666666,2.2885407568830987,0.0351820723945149,0.1975160680508617,False,0.0760650634765625,False
pleasantness_z,state,18,8.733333333333333,2.30416901250978,0.0341019583716833,0.1975160680508617,False,0.0760650634765625,False
pleasantness_z,state,18,8.8,2.320104585406232,0.0330324480604902,0.1975160680508617,False,0.0760650634765625,False
pleasantness_z,state,18,8.866666666666667,2.35020055678211,0.0310973727512434,0.1975160680508617,False,0.0760650634765625,False
pleasantness_z,state,18,8.933333333333334,2.3686485001248694,0.0299641370969791,0.1975160680508617,False,0.0760650634765625,False
pleasantness_z,state,18,9.0,2.3981292243195003,0.0282331071352033,0.1975160680508617,False,0.0760650634765625,False
pleasantness_z,state,18,9.066666666666666,2.4152950909000164,0.0272688493264709,0.1975160680508617,False,0.0760650634765625,False
pleasantness_z,state,18,9.133333333333333,2.4508866074335938,0.0253673374050914,0.1975160680508617,False,0.0760650634765625,False
pleasantness_z,state,18,9.2,2.4597610460153345,0.0249130480543639,0.1975160680508617,False,0.0760650634765625,False
pleasantness_z,state,18,9.266666666666667,2.4708570773397454,0.0243558219456831,0.1975160680508617,False,0.0760650634765625,False
pleasantness_z,state,18,9.333333333333334,2.476092112706392,0.0240970284629862,0.1975160680508617,False,0.0760650634765625,False
pleasantness_z,state,18,9.4,2.477376416166364,0.0240339367110935,0.1975160680508617,False,0.0760650634765625,False
pleasantness_z,state,18,9.466666666666669,2.4874172440577063,0.0235460276818877,0.1975160680508617,False,0.0760650634765625,False
pleasantness_z,state,18,9.533333333333331,2.4624347404622773,0.0247776900743966,0.1975160680508617,False,0.0760650634765625,False
pleasantness_z,state,18,9.6,2.3931151820294456,0.0285207433380859,0.1975160680508617,False,0.0760650634765625,False
pleasantness_z,state,18,9.666666666666666,2.3813861962933585,0.0292043575629758,0.1975160680508617,False,0.0760650634765625,False
pleasantness_z,state,18,9.733333333333333,2.4059539457138506,0.0277896657805298,0.1975160680508617,False,0.0760650634765625,False
pleasantness_z,state,18,9.8,2.410906917448108,0.0275123600048627,0.1975160680508617,False,0.0760650634765625,False
pleasantness_z,state,18,9.866666666666667,2.4269142001009376,0.0266338207596751,0.1975160680508617,False,0.0760650634765625,False
pleasantness_z,state,18,9.933333333333334,2.4363018521150925,0.026130934102072,0.1975160680508617,False,0.0760650634765625,False
pleasantness_z,dose,18,0.0,0.4275654350921168,0.6743343983856119,0.9424554955359026,False,,False
pleasantness_z,dose,18,0.0666666666666666,0.2964538094352469,0.7704747517500755,0.9424554955359026,False,,False
pleasantness_z,dose,18,0.1333333333333333,0.1876351559480623,0.8533840052435141,0.977122947927834,False,,False
pleasantness_z,dose,18,0.2,0.0744885587824324,0.94149114704437,0.9963294126272106,False,,False
pleasantness_z,dose,18,0.2666666666666666,-0.0323727524491213,0.9745518414945612,0.9984712661301144,False,,False
pleasantness_z,dose,18,0.3333333333333333,-0.1482997428882521,0.8838510799772631,0.9820567555302924,False,,False
pleasantness_z,dose,18,0.4,-0.2564896625189758,0.8006509756854606,0.9424554955359026,False,,False
pleasantness_z,dose,18,0.4666666666666667,-0.3678301202686986,0.7175395989558707,0.9424554955359026,False,,False
pleasantness_z,dose,18,0.5333333333333333,-0.4920267742111897,0.6289936446355823,0.9424554955359026,False,,False
pleasantness_z,dose,18,0.6,-0.5915604274219086,0.5619297384804957,0.9424554955359026,False,,False
pleasantness_z,dose,18,0.6666666666666666,-0.6910433773992984,0.49886673152282,0.9424554955359026,False,,False
pleasantness_z,dose,18,0.7333333333333333,-0.821931653698063,0.4224944544473343,0.9424554955359026,False,,False
pleasantness_z,dose,18,0.8,-0.8970318169970501,0.3822299046435727,0.9424554955359026,False,,False
pleasantness_z,dose,18,0.8666666666666667,-0.9610076928911364,0.3500188852176351,0.9424554955359026,False,,False
pleasantness_z,dose,18,0.9333333333333332,-1.007049113503861,0.3280309958930575,0.9424554955359026,False,,False
pleasantness_z,dose,18,1.0,-1.0459470860550546,0.3102304536002453,0.9424554955359026,False,,False
pleasantness_z,dose,18,1.0666666666666669,-1.076273031984252,0.2968426997825624,0.9424554955359026,False,,False
pleasantness_z,dose,18,1.1333333333333333,-1.1041774359022334,0.2849005410431827,0.9424554955359026,False,,False
pleasantness_z,dose,18,1.2,-1.1318644024054985,0.2734052965446384,0.9424554955359026,False,,False
pleasantness_z,dose,18,1.2666666666666666,-1.1589804434469306,0.2624856429676235,0.9424554955359026,False,,False
pleasantness_z,dose,18,1.3333333333333333,-1.1812918163986652,0.2537496589261349,0.9424554955359026,False,,False
pleasantness_z,dose,18,1.4,-1.215895043562767,0.2406399606199707,0.9424554955359026,False,,False
pleasantness_z,dose,18,1.4666666666666666,-1.2640940097223157,0.2232546181136491,0.9424554955359026,False,,False
pleasantness_z,dose,18,1.5333333333333334,-1.2663726871685967,0.2224575555569056,0.9424554955359026,False,,False
pleasantness_z,dose,18,1.6,-1.2614212898388306,0.224192349327125,0.9424554955359026,False,,False
pleasantness_z,dose,18,1.6666666666666667,-1.2561092170925046,0.2260652117691176,0.9424554955359026,False,,False
pleasantness_z,dose,18,1.7333333333333334,-1.2441660789009803,0.230320381067352,0.9424554955359026,False,,False
pleasantness_z,dose,18,1.8,-1.2315152508110934,0.2348951049068252,0.9424554955359026,False,,False
pleasantness_z,dose,18,1.8666666666666667,-1.2239178026069435,0.2376759750113865,0.9424554955359026,False,,False
pleasantness_z,dose,18,1.9333333333333331,-1.232880120054637,0.2343981968745263,0.9424554955359026,False,,False
pleasantness_z,dose,18,2.0,-1.0785624630362074,0.2958493460904292,0.9424554955359026,False,,False
pleasantness_z,dose,18,2.066666666666667,-1.0128853154043622,0.3253150111761995,0.9424554955359026,False,,False
pleasantness_z,dose,18,2.1333333333333333,-0.9999471454480846,0.3313576070194483,0.9424554955359026,False,,False
pleasantness_z,dose,18,2.2,-0.9835109247206492,0.3391474021119762,0.9424554955359026,False,,False
pleasantness_z,dose,18,2.2666666666666666,-0.9553893720819284,0.3527703666783643,0.9424554955359026,False,,False
pleasantness_z,dose,18,2.333333333333333,-0.9309608165623264,0.3649068797171523,0.9424554955359026,False,,False
pleasantness_z,dose,18,2.4,-0.9075854406199956,0.3767834933063979,0.9424554955359026,False,,False
pleasantness_z,dose,18,2.466666666666667,-0.901946757983502,0.379686930012154,0.9424554955359026,False,,False
pleasantness_z,dose,18,2.533333333333333,-0.8822253060891848,0.3899593787748767,0.9424554955359026,False,,False
pleasantness_z,dose,18,2.6,-0.8687567036915373,0.3970798035512013,0.9424554955359026,False,,False
pleasantness_z,dose,18,2.6666666666666665,-0.8489255623778416,0.407718498023587,0.9424554955359026,False,,False
pleasantness_z,dose,18,2.7333333333333334,-0.8241897082521175,0.4212454618692614,0.9424554955359026,False,,False
pleasantness_z,dose,18,2.8,-0.7908358172900715,0.4399340370788155,0.9424554955359026,False,,False
pleasantness_z,dose,18,2.8666666666666667,-0.7640325986900189,0.4553222502611682,0.9424554955359026,False,,False
pleasantness_z,dose,18,2.933333333333333,-0.7548874498784913,0.4606474246568828,0.9424554955359026,False,,False
pleasantness_z,dose,18,3.0,-0.7366786135203515,0.4713627239981606,0.9424554955359026,False,,False
pleasantness_z,dose,18,3.066666666666667,-0.7232147519682915,0.4793813361134823,0.9424554955359026,False,,False
pleasantness_z,dose,18,3.1333333333333333,-0.7132082974082073,0.4853930845546804,0.9424554955359026,False,,False
pleasantness_z,dose,18,3.2,-0.7171200581644697,0.4830376646444525,0.9424554955359026,False,,False
pleasantness_z,dose,18,3.2666666666666666,-0.7244573188026012,0.4786379206720985,0.9424554955359026,False,,False
pleasantness_z,dose,18,3.333333333333333,-0.7279971586284224,0.476523837660293,0.9424554955359026,False,,False
pleasantness_z,dose,18,3.4,-0.7366974943542751,0.4713515360997978,0.9424554955359026,False,,False
pleasantness_z,dose,18,3.466666666666667,-0.7475056210881194,0.4649734012642166,0.9424554955359026,False,,False
pleasantness_z,dose,18,3.533333333333333,-0.7629185516176915,0.4559689272969379,0.9424554955359026,False,,False
pleasantness_z,dose,18,3.6,-0.7817807913841085,0.4450959996053301,0.9424554955359026,False,,False
pleasantness_z,dose,18,3.6666666666666665,-0.7956162489591725,0.4372240375355439,0.9424554955359026,False,,False
pleasantness_z,dose,18,3.733333333333333,-0.8147616991297598,0.4264760107094666,0.9424554955359026,False,,False
pleasantness_z,dose,18,3.8,-0.8262920028797383,0.4200847497592479,0.9424554955359026,False,,False
pleasantness_z,dose,18,3.8666666666666663,-0.8293203478009273,0.4184163545998563,0.9424554955359026,False,,False
pleasantness_z,dose,18,3.933333333333333,-0.8296399494628244,0.4182405259850985,0.9424554955359026,False,,False
pleasantness_z,dose,18,4.0,-0.8308891831534789,0.417553716125351,0.9424554955359026,False,,False
pleasantness_z,dose,18,4.066666666666666,-0.8460389961077116,0.4092823536705089,0.9424554955359026,False,,False
pleasantness_z,dose,18,4.133333333333334,-0.84901361019125,0.4076708574297069,0.9424554955359026,False,,False
pleasantness_z,dose,18,4.2,-0.8592507136961139,0.4021564798992327,0.9424554955359026,False,,False
pleasantness_z,dose,18,4.266666666666667,-0.8680804015063287,0.397439585187287,0.9424554955359026,False,,False
pleasantness_z,dose,18,4.333333333333333,-0.8937479398425185,0.3839353030883751,0.9424554955359026,False,,False
pleasantness_z,dose,18,4.4,-0.9094396154432692,0.375832022320378,0.9424554955359026,False,,False
pleasantness_z,dose,18,4.466666666666667,-0.920151589301933,0.3703668601368964,0.9424554955359026,False,,False
pleasantness_z,dose,18,4.533333333333333,-0.9215706338219694,0.3696469296151632,0.9424554955359026,False,,False
pleasantness_z,dose,18,4.6,-0.9191268563341458,0.3708873326567791,0.9424554955359026,False,,False
pleasantness_z,dose,18,4.666666666666667,-0.9187204058800452,0.3710939100924201,0.9424554955359026,False,,False
pleasantness_z,dose,18,4.733333333333333,-0.9313535626191056,0.3647095317374099,0.9424554955359026,False,,False
pleasantness_z,dose,18,4.8,-0.9338038689721508,0.363479937842839,0.9424554955359026,False,,False
pleasantness_z,dose,18,4.866666666666666,-0.9296707241617012,0.3655556401077329,0.9424554955359026,False,,False
pleasantness_z,dose,18,4.933333333333334,-0.9286815385726817,0.3660536121379871,0.9424554955359026,False,,False
pleasantness_z,dose,18,5.0,-0.927724733769774,0.3665357219506022,0.9424554955359026,False,,False
pleasantness_z,dose,18,5.066666666666666,-0.9271020764158736,0.3668496950511014,0.9424554955359026,False,,False
pleasantness_z,dose,18,5.133333333333334,-0.9207215988509608,0.3700775605035191,0.9424554955359026,False,,False
pleasantness_z,dose,18,5.2,-0.9164759616181448,0.372236044765497,0.9424554955359026,False,,False
pleasantness_z,dose,18,5.266666666666667,-0.9092086591749728,0.3759504494300819,0.9424554955359026,False,,False
pleasantness_z,dose,18,5.333333333333333,-0.901090552561538,0.3801291105809147,0.9424554955359026,False,,False
pleasantness_z,dose,18,5.4,-0.8991167789843362,0.3811497643269576,0.9424554955359026,False,,False
pleasantness_z,dose,18,5.466666666666667,-0.8945172335355466,0.383535335136211,0.9424554955359026,False,,False
pleasantness_z,dose,18,5.533333333333333,-0.8885098895711991,0.386666043043204,0.9424554955359026,False,,False
pleasantness_z,dose,18,5.6,-0.8831249710065734,0.3894867863214773,0.9424554955359026,False,,False
pleasantness_z,dose,18,5.666666666666667,-0.8752016098147273,0.3936619719488732,0.9424554955359026,False,,False
pleasantness_z,dose,18,5.733333333333333,-0.8684402637593587,0.3972481177206225,0.9424554955359026,False,,False
pleasantness_z,dose,18,5.8,-0.8670342909138217,0.3979965207511861,0.9424554955359026,False,,False
pleasantness_z,dose,18,5.866666666666666,-0.8622467276923933,0.4005518943288689,0.9424554955359026,False,,False
pleasantness_z,dose,18,5.933333333333334,-0.8552199580645824,0.4043218670071146,0.9424554955359026,False,,False
pleasantness_z,dose,18,6.0,-0.8498607222316013,0.4072126899240824,0.9424554955359026,False,,False
pleasantness_z,dose,18,6.066666666666666,-0.8379633631950514,0.4136781223928932,0.9424554955359026,False,,False
pleasantness_z,dose,18,6.133333333333334,-0.8277889704740603,0.419259498751229,0.9424554955359026,False,,False
pleasantness_z,dose,18,6.2,-0.8134685268754035,0.4271966557734257,0.9424554955359026,False,,False
pleasantness_z,dose,18,6.266666666666667,-0.8120265951466253,0.4280011114165521,0.9424554955359026,False,,False
pleasantness_z,dose,18,6.333333333333333,-0.8121980663127251,0.4279053970872768,0.9424554955359026,False,,False
pleasantness_z,dose,18,6.4,-0.7963760477125674,0.4367942786554266,0.9424554955359026,False,,False
pleasantness_z,dose,18,6.466666666666667,-0.787871092267748,0.4416199907814588,0.9424554955359026,False,,False
pleasantness_z,dose,18,6.533333333333333,-0.7800475431564526,0.4460883437125443,0.9424554955359026,False,,False
pleasantness_z,dose,18,6.6,-0.7652211601234813,0.4546329404533763,0.9424554955359026,False,,False
pleasantness_z,dose,18,6.666666666666667,-0.7578991002955912,0.458889573918406,0.9424554955359026,False,,False
pleasantness_z,dose,18,6.733333333333333,-0.7481218940601141,0.4646113064791904,0.9424554955359026,False,,False
pleasantness_z,dose,18,6.8,-0.7372025821326644,0.4710523040001452,0.9424554955359026,False,,False
pleasantness_z,dose,18,6.866666666666666,-0.7401136086934039,0.4693299361378204,0.9424554955359026,False,,False
pleasantness_z,dose,18,6.933333333333334,-0.7426794160897795,0.4678149766311091,0.9424554955359026,False,,False
pleasantness_z,dose,18,7.0,-0.7472369956678792,0.4651312872270531,0.9424554955359026,False,,False
pleasantness_z,dose,18,7.066666666666666,-0.7484918589728623,0.464394013613983,0.9424554955359026,False,,False
pleasantness_z,dose,18,7.133333333333334,-0.7464390160523884,0.4656004954310362,0.9424554955359026,False,,False
pleasantness_z,dose,18,7.2,-0.7531923437107951,0.4616386334166968,0.9424554955359026,False,,False
pleasantness_z,dose,18,7.266666666666667,-0.7549505147436637,0.460610572695382,0.9424554955359026,False,,False
pleasantness_z,dose,18,7.333333333333333,-0.7623041323655958,0.4563258234915074,0.9424554955359026,False,,False
pleasantness_z,dose,18,7.4,-0.7600420168969209,0.4576412878927481,0.9424554955359026,False,,False
pleasantness_z,dose,18,7.466666666666667,-0.7532402791039658,0.4616105854924495,0.9424554955359026,False,,False
pleasantness_z,dose,18,7.533333333333333,-0.7444518901328799,0.4667701612763708,0.9424554955359026,False,,False
pleasantness_z,dose,18,7.6,-0.7387848576371326,0.4701156472924196,0.9424554955359026,False,,False
pleasantness_z,dose,18,7.666666666666667,-0.733804167859504,0.4730678475644455,0.9424554955359026,False,,False
pleasantness_z,dose,18,7.733333333333333,-0.7235215086318958,0.4791977427932237,0.9424554955359026,False,,False
pleasantness_z,dose,18,7.8,-0.7196915433913759,0.4814929685812874,0.9424554955359026,False,,False
pleasantness_z,dose,18,7.866666666666666,-0.7128283323052647,0.4856222367376062,0.9424554955359026,False,,False
pleasantness_z,dose,18,7.933333333333334,-0.7108788052983975,0.4867989754234,0.9424554955359026,False,,False
pleasantness_z,dose,18,8.0,-0.7106254818643339,0.4869520052268469,0.9424554955359026,False,,False
pleasantness_z,dose,18,8.066666666666666,-0.7092270148955466,0.4877973129724421,0.9424554955359026,False,,False
pleasantness_z,dose,18,8.133333333333333,-0.7077594411802112,0.4886853201393365,0.9424554955359026,False,,False
pleasantness_z,dose,18,8.2,-0.7093127925878242,0.4877454395365718,0.9424554955359026,False,,False
pleasantness_z,dose,18,8.266666666666667,-0.7089442634495652,0.4879683278345006,0.9424554955359026,False,,False
pleasantness_z,dose,18,8.333333333333334,-0.7122108041503414,0.4859947963511065,0.9424554955359026,False,,False
pleasantness_z,dose,18,8.4,-0.710241795672817,0.4871838396361511,0.9424554955359026,False,,False
pleasantness_z,dose,18,8.466666666666667,-0.7109727594683795,0.4867422259814966,0.9424554955359026,False,,False
pleasantness_z,dose,18,8.533333333333333,-0.7643720288398286,0.4551253313040178,0.9424554955359026,False,,False
pleasantness_z,dose,18,8.6,-0.7834456670591322,0.4441440943052167,0.9424554955359026,False,,False
pleasantness_z,dose,18,8.666666666666666,-0.7657062807951065,0.4543517775558139,0.9424554955359026,False,,False
pleasantness_z,dose,18,8.733333333333333,-0.7551174806341476,0.4605130148364022,0.9424554955359026,False,,False
pleasantness_z,dose,18,8.8,-0.7385889511723764,0.4702315568080182,0.9424554955359026,False,,False
pleasantness_z,dose,18,8.866666666666667,-0.7180857787301415,0.4824572106377695,0.9424554955359026,False,,False
pleasantness_z,dose,18,8.933333333333334,-0.6939315663562701,0.4970988501353217,0.9424554955359026,False,,False
pleasantness_z,dose,18,9.0,-0.6730458244271255,0.5099648485478584,0.9424554955359026,False,,False
pleasantness_z,dose,18,9.066666666666666,-0.657917397595581,0.5194017290206826,0.9424554955359026,False,,False
pleasantness_z,dose,18,9.133333333333333,-0.64104942903068,0.5300385958947966,0.9424554955359026,False,,False
pleasantness_z,dose,18,9.2,-0.6255891936154538,0.5398928146262467,0.9424554955359026,False,,False
pleasantness_z,dose,18,9.266666666666667,-0.6100794960712905,0.5498781706675794,0.9424554955359026,False,,False
pleasantness_z,dose,18,9.333333333333334,-0.5913844773352785,0.5620449053687063,0.9424554955359026,False,,False
pleasantness_z,dose,18,9.4,-0.5750494647369014,0.5727907340316587,0.9424554955359026,False,,False
pleasantness_z,dose,18,9.466666666666669,-0.575653488570584,0.5723914957328516,0.9424554955359026,False,,False
pleasantness_z,dose,18,9.533333333333331,-0.5217718855423641,0.6085609549876438,0.9424554955359026,False,,False
pleasantness_z,dose,18,9.6,-0.4161713828116137,0.6824913213903632,0.9424554955359026,False,,False
pleasantness_z,dose,18,9.666666666666666,-0.3825619135646037,0.7067854488649314,0.9424554955359026,False,,False
pleasantness_z,dose,18,9.733333333333333,-0.3933528212641263,0.6989482668739049,0.9424554955359026,False,,False
pleasantness_z,dose,18,9.8,-0.3839563033735758,0.7057708045847604,0.9424554955359026,False,,False
pleasantness_z,dose,18,9.866666666666667,-0.382013683691357,0.7071845305876333,0.9424554955359026,False,,False
pleasantness_z,dose,18,9.933333333333334,-0.378452645501655,0.7097789055247761,0.9424554955359026,False,,False
pleasantness_z,dose,18,10.0,-0.3743262180683439,0.7127897847600649,0.9424554955359026,False,,False
pleasantness_z,dose,18,10.066666666666666,-0.3716600204264252,0.7147377984638225,0.9424554955359026,False,,False
pleasantness_z,dose,18,10.133333333333333,-0.3649033638363955,0.7196834948171301,0.9424554955359026,False,,False
pleasantness_z,dose,18,10.2,-0.3565048693022535,0.7258488323600425,0.9424554955359026,False,,False
pleasantness_z,dose,18,10.266666666666667,-0.3537364636285676,0.7278853971241406,0.9424554955359026,False,,False
pleasantness_z,dose,18,10.333333333333334,-0.3491698781570854,0.7312493610818465,0.9424554955359026,False,,False
pleasantness_z,dose,18,10.4,-0.3498856207687489,0.7307217364745661,0.9424554955359026,False,,False
pleasantness_z,dose,18,10.466666666666669,-0.3579291907503925,0.7248018585961126,0.9424554955359026,False,,False
pleasantness_z,dose,18,10.533333333333331,-0.3641102242624329,0.7202648974125877,0.9424554955359026,False,,False
pleasantness_z,dose,18,10.6,-0.3691580724331788,0.7165676509353766,0.9424554955359026,False,,False
pleasantness_z,dose,18,10.666666666666666,-0.3705359405887225,0.7155596976001642,0.9424554955359026,False,,False
pleasantness_z,dose,18,10.733333333333333,-0.3703303309451908,0.7157100731775786,0.9424554955359026,False,,False
pleasantness_z,dose,18,10.8,-0.3591490152965872,0.7239056497652065,0.9424554955359026,False,,False
pleasantness_z,dose,18,10.866666666666667,-0.3500062124358755,0.730632853474513,0.9424554955359026,False,,False
pleasantness_z,dose,18,10.933333333333334,-0.338165448899285,0.7393788106107736,0.9424554955359026,False,,False
pleasantness_z,dose,18,11.0,-0.3451198235007702,0.7342375481283823,0.9424554955359026,False,,False
pleasantness_z,dose,18,11.066666666666666,-0.3424977265764413,0.7361745144962429,0.9424554955359026,False,,False
pleasantness_z,dose,18,11.133333333333333,-0.3371524055108859,0.7401288058802913,0.9424554955359026,False,,False
pleasantness_z,dose,18,11.2,-0.3373333129376994,0.7399948533185133,0.9424554955359026,False,,False
pleasantness_z,dose,18,11.266666666666667,-0.3337110770840136,0.7426785629997552,0.9424554955359026,False,,False
pleasantness_z,dose,18,11.333333333333334,-0.327380371825741,0.7473771537962444,0.9424554955359026,False,,False
pleasantness_z,dose,18,11.4,-0.3170426346907588,0.7550716983886889,0.9424554955359026,False,,False
pleasantness_z,dose,18,11.466666666666669,-0.3114532412366927,0.7592430982959512,0.9424554955359026,False,,False
pleasantness_z,dose,18,11.533333333333331,-0.2975768561571701,0.769631952512049,0.9424554955359026,False,,False
pleasantness_z,dose,18,11.6,-0.282567208262665,0.7809201725715198,0.9424554955359026,False,,False
pleasantness_z,dose,18,11.666666666666666,-0.277079831470145,0.7850597840287774,0.9424554955359026,False,,False
pleasantness_z,dose,18,11.733333333333333,-0.2730801366746865,0.788081296313282,0.9424554955359026,False,,False
pleasantness_z,dose,18,11.8,-0.2751123803485225,0.7865456289253916,0.9424554955359026,False,,False
pleasantness_z,dose,18,11.866666666666667,-0.2780378776949215,0.7843365636203603,0.9424554955359026,False,,False
pleasantness_z,dose,18,11.933333333333334,-0.2784460117801534,0.7840285285312182,0.9424554955359026,False,,False
pleasantness_z,dose,18,12.0,-0.2794482293599355,0.7832722715485315,0.9424554955359026,False,,False
pleasantness_z,dose,18,12.066666666666666,-0.2793730867114504,0.7833289652301316,0.9424554955359026,False,,False
pleasantness_z,dose,18,12.133333333333333,-0.2797230837877674,0.7830649098651309,0.9424554955359026,False,,False
pleasantness_z,dose,18,12.2,-0.2792317103487399,0.7834356343739876,0.9424554955359026,False,,False
pleasantness_z,dose,18,12.266666666666667,-0.278120026707421,0.7842745595174269,0.9424554955359026,False,,False
pleasantness_z,dose,18,12.333333333333334,-0.2726668314656922,0.7883937210632643,0.9424554955359026,False,,False
pleasantness_z,dose,18,12.4,-0.2693061361669952,0.7909355038476765,0.9424554955359026,False,,False
pleasantness_z,dose,18,12.466666666666669,-0.2594847723087577,0.7983774671212267,0.9424554955359026,False,,False
pleasantness_z,dose,18,12.533333333333331,-0.2462149180274823,0.808464144674637,0.9437324646007436,False,,False
pleasantness_z,dose,18,12.6,-0.2210920641444236,0.827654480426279,0.9589178452646424,False,,False
pleasantness_z,dose,18,12.666666666666666,-0.1834552659700079,0.8566111176834011,0.977122947927834,False,,False
pleasantness_z,dose,18,12.733333333333333,-0.1531250719812125,0.8801025191128469,0.9820567555302924,False,,False
pleasantness_z,dose,18,12.8,-0.1580281310542018,0.8762965727261167,0.9820567555302924,False,,False
pleasantness_z,dose,18,12.866666666666667,-0.1617831502670554,0.8733838822380054,0.9820567555302924,False,,False
pleasantness_z,dose,18,12.933333333333334,-0.15240299814423,0.8806632786935761,0.9820567555302924,False,,False
pleasantness_z,dose,18,13.0,-0.1286109220937204,0.8991748079299984,0.98625253723024,False,,False
pleasantness_z,dose,18,13.066666666666666,-0.1022131032353771,0.919783509507195,0.9957154613171164,False,,False
pleasantness_z,dose,18,13.133333333333333,-0.0857672531114197,0.9326534821003656,0.9957154613171164,False,,False
pleasantness_z,dose,18,13.2,-0.0701944328428775,0.9448580330761684,0.9963294126272106,False,,False
pleasantness_z,dose,18,13.266666666666667,-0.0521203962509324,0.9590403149220582,0.9984712661301144,False,,False
pleasantness_z,dose,18,13.333333333333334,-0.0335434109551764,0.9736319480901784,0.9984712661301144,False,,False
pleasantness_z,dose,18,13.4,-0.0247391946933156,0.9805510705459886,0.9984712661301144,False,,False
pleasantness_z,dose,18,13.466666666666669,-0.0166437100639096,0.9869146314856896,0.9984712661301144,False,,False
pleasantness_z,dose,18,13.533333333333331,-0.0054865425619212,0.995686264707781,0.9984712661301144,False,,False
pleasantness_z,dose,18,13.6,-0.0060864639042472,0.9952145888446288,0.9984712661301144,False,,False
pleasantness_z,dose,18,13.666666666666666,-0.0080886565495604,0.9936404201142268,0.9984712661301144,False,,False
pleasantness_z,dose,18,13.733333333333333,-0.0156702005420055,0.9876799411751418,0.9984712661301144,False,,False
pleasantness_z,dose,18,13.8,-0.0212374431852357,0.983303528116336,0.9984712661301144,False,,False
pleasantness_z,dose,18,13.866666666666667,-0.0335614266038655,0.97361779184348,0.9984712661301144,False,,False
pleasantness_z,dose,18,13.933333333333334,-0.0461310435496063,0.963743384598902,0.9984712661301144,False,,False
pleasantness_z,dose,18,14.0,-0.0637694482092213,0.9498976431058678,0.9963294126272106,False,,False
pleasantness_z,dose,18,14.066666666666666,-0.0708738007607819,0.944325289318686,0.9963294126272106,False,,False
pleasantness_z,dose,18,14.133333333333333,-0.0918385911972371,0.9278998229331352,0.9957154613171164,False,,False
pleasantness_z,dose,18,14.2,-0.1265551056008004,0.9007773173369528,0.98625253723024,False,,False
pleasantness_z,dose,18,14.266666666666667,-0.1416884046772437,0.8889916929221422,0.9841236453012644,False,,False
pleasantness_z,dose,18,14.333333333333334,-0.2757621529431602,0.7860548180809135,0.9424554955359026,False,,False
pleasantness_z,dose,18,14.4,-0.3809691968337615,0.7079451033470164,0.9424554955359026,False,,False
pleasantness_z,dose,18,14.466666666666669,-0.3897210277616793,0.7015821037026642,0.9424554955359026,False,,False
pleasantness_z,dose,18,14.533333333333331,-0.4110226783181974,0.6861906284434441,0.9424554955359026,False,,False
pleasantness_z,dose,18,14.6,-0.4236533612034028,0.6771303883213785,0.9424554955359026,False,,False
pleasantness_z,dose,18,14.666666666666666,-0.4346331052078221,0.6692955128547777,0.9424554955359026,False,,False
pleasantness_z,dose,18,14.733333333333333,-0.4350925522696837,0.6689685086938111,0.9424554955359026,False,,False
pleasantness_z,dose,18,14.8,-0.4447711656052238,0.6620959040063068,0.9424554955359026,False,,False
pleasantness_z,dose,18,14.866666666666667,-0.4531662369924933,0.6561597211747763,0.9424554955359026,False,,False
pleasantness_z,dose,18,14.933333333333334,-0.4491088289726133,0.659025804291641,0.9424554955359026,False,,False
pleasantness_z,dose,18,15.0,-0.4520185161060844,0.6569698944121996,0.9424554955359026,False,,False
pleasantness_z,dose,18,15.066666666666666,-0.4384416333542111,0.6665869247607834,0.9424554955359026,False,,False
pleasantness_z,dose,18,15.133333333333333,-0.4196188424764014,0.6800189801905706,0.9424554955359026,False,,False
pleasantness_z,dose,18,15.2,-0.3679626702823339,0.7174425611853094,0.9424554955359026,False,,False
pleasantness_z,dose,18,15.266666666666667,-0.32153088315883,0.7517277115163843,0.9424554955359026,False,,False
pleasantness_z,dose,18,15.333333333333334,-0.3015409323695531,0.766659458499523,0.9424554955359026,False,,False
pleasantness_z,dose,18,15.4,-0.292131665863874,0.7737210876483871,0.9424554955359026,False,,False
pleasantness_z,dose,18,15.466666666666669,-0.2757298614939174,0.7860792074941125,0.9424554955359026,False,,False
pleasantness_z,dose,18,15.533333333333331,-0.2688028236843069,0.7913163819943403,0.9424554955359026,False,,False
pleasantness_z,dose,18,15.6,-0.2659363718590462,0.793486582153233,0.9424554955359026,False,,False
pleasantness_z,dose,18,15.666666666666666,-0.2559152987699885,0.8010871712055172,0.9424554955359026,False,,False
pleasantness_z,dose,18,15.733333333333333,-0.2601649076524771,0.797861453196444,0.9424554955359026,False,,False
pleasantness_z,dose,18,15.8,-0.2675370782687722,0.7922744657738549,0.9424554955359026,False,,False
pleasantness_z,dose,18,15.866666666666667,-0.2903100839070753,0.7750905645413443,0.9424554955359026,False,,False
pleasantness_z,dose,18,15.933333333333334,-0.3013023789678778,0.7668382343453481,0.9424554955359026,False,,False
pleasantness_z,dose,18,16.0,-0.3220017668449925,0.7513771708724312,0.9424554955359026,False,,False
pleasantness_z,dose,18,16.066666666666666,-0.352166405234441,0.7290413362164317,0.9424554955359026,False,,False
pleasantness_z,dose,18,16.133333333333333,-0.3716390171727587,0.7147531522162638,0.9424554955359026,False,,False
pleasantness_z,dose,18,16.2,-0.3814711277359889,0.7075795684005873,0.9424554955359026,False,,False
pleasantness_z,dose,18,16.266666666666666,-0.391928769988094,0.6999805439367333,0.9424554955359026,False,,False
pleasantness_z,dose,18,16.333333333333332,-0.3976024014528955,0.6958714118123934,0.9424554955359026,False,,False
pleasantness_z,dose,18,16.4,-0.3952233046407959,0.6975932985954189,0.9424554955359026,False,,False
pleasantness_z,dose,18,16.466666666666665,-0.3854673546152185,0.704671913895707,0.9424554955359026,False,,False
pleasantness_z,dose,18,16.533333333333335,-0.3727590927311309,0.7139345328204604,0.9424554955359026,False,,False
pleasantness_z,dose,18,16.6,-0.3614108990798501,0.7222449293076577,0.9424554955359026,False,,False
pleasantness_z,dose,18,16.666666666666668,-0.3516870681759972,0.7293943771418973,0.9424554955359026,False,,False
pleasantness_z,dose,18,16.733333333333334,-0.3521468982243844,0.7290557022808029,0.9424554955359026,False,,False
pleasantness_z,dose,18,16.8,-0.3287477550756754,0.7463614201698465,0.9424554955359026,False,,False
pleasantness_z,dose,18,16.866666666666667,-0.311945437704248,0.7588754599120905,0.9424554955359026,False,,False
pleasantness_z,dose,18,16.933333333333334,-0.2959240232103194,0.7708724366700247,0.9424554955359026,False,,False
pleasantness_z,dose,18,17.0,-0.2812209752923171,0.7819351335154524,0.9424554955359026,False,,False
pleasantness_z,dose,18,17.066666666666666,-0.2708129785422176,0.7897955373428425,0.9424554955359026,False,,False
pleasantness_z,dose,18,17.133333333333333,-0.2473519957072655,0.8075984404477219,0.9437324646007436,False,,False
pleasantness_z,dose,18,17.2,-0.2166468042932395,0.8310621325626901,0.9589178452646424,False,,False
pleasantness_z,dose,18,17.266666666666666,-0.1897285131808409,0.8517688156558239,0.977122947927834,False,,False
pleasantness_z,dose,18,17.333333333333332,-0.1698437478850291,0.8671378139029968,0.981665449701506,False,,False
pleasantness_z,dose,18,17.4,-0.1333429688256181,0.8954878909302885,0.98625253723024,False,,False
pleasantness_z,dose,18,17.466666666666665,-0.0975021562436373,0.9234679610716868,0.9957154613171164,False,,False
pleasantness_z,dose,18,17.533333333333335,-0.059617976878309,0.9531551380800316,0.9963294126272106,False,,False
pleasantness_z,dose,18,17.6,0.0019443530757638,0.9984712661301144,0.9984712661301144,False,,False
pleasantness_z,dose,18,17.666666666666668,0.0606193352161837,0.952369331533934,0.9963294126272106,False,,False
pleasantness_z,dose,18,17.733333333333334,0.086115825699502,0.932380488502806,0.9957154613171164,False,,False
pleasantness_z,dose,18,17.8,0.0951064964563745,0.9253423092038032,0.9957154613171164,False,,False
pleasantness_z,dose,18,17.866666666666667,0.1217910611400865,0.9044925746407928,0.9867191723354104,False,,False
pleasantness_z,dose,18,17.933333333333334,0.1698980398916165,0.867095773783021,0.981665449701506,False,,False
pleasantness_z,dose,18,18.0,0.217283513925859,0.8305738286983444,0.9589178452646424,False,,False
pleasantness_z,dose,18,18.066666666666663,0.2580446654692165,0.7994703828272048,0.9424554955359026,False,,False
pleasantness_z,dose,18,18.133333333333333,0.3061165552160139,0.763233043850368,0.9424554955359026,False,,False
pleasantness_z,dose,18,18.2,0.3663010679350688,0.7186593529773254,0.9424554955359026,False,,False
pleasantness_z,dose,18,18.266666666666666,0.4290542376390134,0.673271623477773,0.9424554955359026,False,,False
pleasantness_z,dose,18,18.33333333333333,0.4831519482187913,0.6351515414424707,0.9424554955359026,False,,False
pleasantness_z,dose,18,18.4,0.5319365334288934,0.6016531003123495,0.9424554955359026,False,,False
pleasantness_z,dose,18,18.466666666666665,0.5792097967920476,0.570043828189069,0.9424554955359026,False,,False
pleasantness_z,dose,18,18.53333333333333,0.6151039554919666,0.5466325133456809,0.9424554955359026,False,,False
pleasantness_z,dose,18,18.6,0.6492875095857626,0.5248286576543467,0.9424554955359026,False,,False
pleasantness_z,dose,18,18.666666666666668,0.6803414600031981,0.5054491100239747,0.9424554955359026,False,,False
pleasantness_z,dose,18,18.73333333333333,0.7153627231149294,0.4840949849444484,0.9424554955359026,False,,False
pleasantness_z,dose,18,18.8,0.7396686290324987,0.4695929713283297,0.9424554955359026,False,,False
pleasantness_z,dose,18,18.866666666666667,0.7713989368246582,0.4510604586787685,0.9424554955359026,False,,False
pleasantness_z,dose,18,18.933333333333334,0.7961775679278116,0.436906517583535,0.9424554955359026,False,,False
pleasantness_z,dose,18,19.0,0.8222845702362636,0.4222990906969152,0.9424554955359026,False,,False
pleasantness_z,dose,18,19.066666666666663,0.841547856820145,0.4117232433472819,0.9424554955359026,False,,False
pleasantness_z,dose,18,19.133333333333333,0.8645394231151624,0.3993268238837983,0.9424554955359026,False,,False
pleasantness_z,dose,18,19.2,0.8788324481249941,0.3917450590374713,0.9424554955359026,False,,False
pleasantness_z,dose,18,19.266666666666666,0.8976993831902906,0.3818838412259839,0.9424554955359026,False,,False
pleasantness_z,dose,18,19.33333333333333,0.9139007756173384,0.3735494077580013,0.9424554955359026,False,,False
pleasantness_z,dose,18,19.4,0.9382136880608684,0.3612741669238772,0.9424554955359026,False,,False
pleasantness_z,dose,18,19.466666666666665,0.9595390624018224,0.3507366867316896,0.9424554955359026,False,,False
pleasantness_z,dose,18,19.53333333333333,0.9771875240836088,0.3421781866381134,0.9424554955359026,False,,False
pleasantness_z,dose,18,19.6,0.9986098915886212,0.3319866377906281,0.9424554955359026,False,,False
pleasantness_z,dose,18,19.666666666666668,1.0348681301240716,0.3152282848421464,0.9424554955359026,False,,False
pleasantness_z,dose,18,19.73333333333333,1.0789526851844553,0.2956802761033734,0.9424554955359026,False,,False
pleasantness_z,dose,18,19.8,1.1147651781271215,0.2804632009028621,0.9424554955359026,False,,False
pleasantness_z,dose,18,19.866666666666667,1.1521092961887336,0.2652211524068098,0.9424554955359026,False,,False
pleasantness_z,dose,18,19.933333333333334,1.1897658210397717,0.2504900711859776,0.9424554955359026,False,,False
bliss_z,state,18,0.0,0.3627362067567532,0.7212725238279745,0.7627730676669471,False,,False
bliss_z,state,18,0.0666666666666666,0.3359198420041531,0.7410416837234337,0.7627730676669471,False,,False
bliss_z,state,18,0.1333333333333333,0.3223517573136492,0.7511166631779667,0.7627730676669471,False,,False
bliss_z,state,18,0.2,0.3170370923265526,0.7550758308600923,0.7627730676669471,False,,False
bliss_z,state,18,0.2666666666666666,0.311730448475735,0.7590360354193132,0.7627730676669471,False,,False
bliss_z,state,18,0.3333333333333333,0.3067313178247583,0.7627730676669471,0.7627730676669471,False,,False
bliss_z,state,18,0.4,0.3118195051770615,0.75896951757236,0.7627730676669471,False,,False
bliss_z,state,18,0.4666666666666667,0.3188003290069768,0.753761520871203,0.7627730676669471,False,,False
bliss_z,state,18,0.5333333333333333,0.3294368906566567,0.7458496913360141,0.7627730676669471,False,,False
bliss_z,state,18,0.6,0.3447778614374661,0.7344900543531325,0.7627730676669471,False,,False
bliss_z,state,18,0.6666666666666666,0.3636830676339208,0.7205780931892437,0.7627730676669471,False,,False
bliss_z,state,18,0.7333333333333333,0.3965796376152359,0.69661143498903,0.7517389586212554,False,,False
bliss_z,state,18,0.8,0.4253489940593566,0.6759179074472943,0.7346933776601026,False,,False
bliss_z,state,18,0.8666666666666667,0.4600824721103397,0.6512869284510808,0.7130878778661469,False,,False
bliss_z,state,18,0.9333333333333332,0.4854335040120745,0.6335658042246715,0.6987858134830935,False,,False
bliss_z,state,18,1.0,0.5126193205557819,0.6148137739981712,0.6831264155535236,False,,False
bliss_z,state,18,1.0666666666666669,0.5398491408692685,0.5963025490630006,0.6675028534287321,False,,False
bliss_z,state,18,1.1333333333333333,0.5629392663439816,0.5808254155074132,0.6550662580910674,False,,False
bliss_z,state,18,1.2,0.5854833554618716,0.5659146304274015,0.6430848073038654,False,,False
bliss_z,state,18,1.2666666666666666,0.6215471398444947,0.5424855868725,0.6211667025257633,False,,False
bliss_z,state,18,1.3333333333333333,0.648043085316345,0.525613821730021,0.6064774866115628,False,,False
bliss_z,state,18,1.4,0.6645941178994609,0.5152248095480203,0.599098615753512,False,,False
bliss_z,state,18,1.4666666666666666,0.6885095929351633,0.5004206750767569,0.5864304786055745,False,,False
bliss_z,state,18,1.5333333333333334,0.7157053650245734,0.4838887232673803,0.571522114095331,False,,False
bliss_z,state,18,1.6,0.7519745147089019,0.4623515566645896,0.5504185198387972,False,,False
bliss_z,state,18,1.6666666666666667,0.7916433468348255,0.4394755168068632,0.5273706201682359,False,,False
bliss_z,state,18,1.7333333333333334,0.8477310661555701,0.4083651691177002,0.493990123932702,False,,False
bliss_z,state,18,1.8,0.919838925470118,0.3705256128990133,0.4518605035353821,False,,False
bliss_z,state,18,1.8666666666666667,0.9886026662259336,0.3367206296989531,0.4140007742200244,False,,False
bliss_z,state,18,1.9333333333333331,1.0718502505732097,0.2987685665607932,0.370374256067099,False,,False
bliss_z,state,18,2.0,1.124939679018598,0.2762474605566575,0.3453093256958219,False,,False
bliss_z,state,18,2.066666666666667,1.159277485644005,0.2623678664757931,0.3307157980787308,False,,False
bliss_z,state,18,2.1333333333333333,1.2143735283091093,0.241205269043734,0.3066168674284754,False,,False
bliss_z,state,18,2.2,1.2749866749765513,0.2194645085885605,0.2813647546007187,False,,False
bliss_z,state,18,2.2666666666666666,1.3066806765893977,0.208722780749818,0.2772814208532018,False,,False
bliss_z,state,18,2.333333333333333,1.2874030088969703,0.2152058442031153,0.2807032750475417,False,,False
bliss_z,state,18,2.4,1.2798957209978348,0.2177729397172726,0.2813647546007187,False,,False
bliss_z,state,18,2.466666666666667,1.292757858073026,0.2133893331721305,0.2807032750475417,False,,False
bliss_z,state,18,2.533333333333333,1.306191577535052,0.2088853370427453,0.2772814208532018,False,,False
bliss_z,state,18,2.6,1.3339263077624235,0.1998243919324772,0.2700329620709151,False,,False
bliss_z,state,18,2.6666666666666665,1.3684298457573687,0.1889920137610141,0.2577163824013828,False,,False
bliss_z,state,18,2.7333333333333334,1.414296946762832,0.1753284340126301,0.2412776614852708,False,,False
bliss_z,state,18,2.8,1.456501845091244,0.16347584225045,0.2270497809034028,False,,False
bliss_z,state,18,2.8666666666666667,1.5066705295088898,0.1502515607697228,0.2106330291164338,False,,False
bliss_z,state,18,2.933333333333333,1.5585384286080657,0.1375265288736599,0.1993752912478974,False,,False
bliss_z,state,18,3.0,1.6103847624217151,0.1257242280729046,0.1993752912478974,False,,False
bliss_z,state,18,3.066666666666667,1.655532820025836,0.1161580230104842,0.1993752912478974,False,,False
bliss_z,state,18,3.1333333333333333,1.7016052111467534,0.1070453860540289,0.1993752912478974,False,,False
bliss_z,state,18,3.2,1.7354079656876331,0.1007581426207481,0.1993752912478974,False,,False
bliss_z,state,18,3.2666666666666666,1.7649245462186032,0.0955328140279202,0.1993752912478974,False,,False
bliss_z,state,18,3.333333333333333,1.7971952592557707,0.0900919541089167,0.1993752912478974,False,,False
bliss_z,state,18,3.4,1.8298937377023683,0.0848580176947257,0.1993752912478974,False,,False
bliss_z,state,18,3.466666666666667,1.847405729328543,0.0821665742997829,0.1993752912478974,False,,False
bliss_z,state,18,3.533333333333333,1.8673991650118955,0.0791862000390466,0.1993752912478974,False,,False
bliss_z,state,18,3.6,1.8880131826243705,0.0762139914441476,0.1993752912478974,False,,False
bliss_z,state,18,3.6666666666666665,1.9071057335087955,0.0735500061204896,0.1993752912478974,False,,False
bliss_z,state,18,3.733333333333333,1.92652483148411,0.0709258675041861,0.1993752912478974,False,,False
bliss_z,state,18,3.8,1.935426179460028,0.0697512023357024,0.1993752912478974,False,,False
bliss_z,state,18,3.8666666666666663,1.953887835481992,0.0673702309915369,0.1993752912478974,False,,False
bliss_z,state,18,3.933333333333333,1.9738229720034604,0.0648812722726915,0.1993752912478974,False,,False
bliss_z,state,18,4.0,1.9805356296726,0.064061959153521,0.1993752912478974,False,,False
bliss_z,state,18,4.066666666666666,1.9894188167907216,0.0629920317170615,0.1993752912478974,False,,False
bliss_z,state,18,4.133333333333334,1.996452386556708,0.0621563222027981,0.1993752912478974,False,,False
bliss_z,state,18,4.2,2.0062632382645007,0.0610073130546401,0.1993752912478974,False,,False
bliss_z,state,18,4.266666666666667,2.000445687347318,0.0616863081682747,0.1993752912478974,False,,False
bliss_z,state,18,4.333333333333333,1.9815713068315008,0.0639363814972375,0.1993752912478974,False,,False
bliss_z,state,18,4.4,1.9897191147951905,0.0629561453475661,0.1993752912478974,False,,False
bliss_z,state,18,4.466666666666667,2.0159053669780667,0.0598967729022404,0.1993752912478974,False,,False
bliss_z,state,18,4.533333333333333,2.1044365737443664,0.0505239395179966,0.1993752912478974,False,,False
bliss_z,state,18,4.6,2.0822355613402044,0.0527398297348625,0.1993752912478974,False,,False
bliss_z,state,18,4.666666666666667,2.033884617397307,0.0578746654647233,0.1993752912478974,False,,False
bliss_z,state,18,4.733333333333333,1.9971901677059103,0.0620692425530779,0.1993752912478974,False,,False
bliss_z,state,18,4.8,1.98958362950136,0.0629723339023273,0.1993752912478974,False,,False
bliss_z,state,18,4.866666666666666,1.9851743636144796,0.0635012281004608,0.1993752912478974,False,,False
bliss_z,state,18,4.933333333333334,1.9832556615299453,0.0637326234238505,0.1993752912478974,False,,False
bliss_z,state,18,5.0,1.9716402639771555,0.0651497045677859,0.1993752912478974,False,,False
bliss_z,state,18,5.066666666666666,1.9689719194641695,0.0654792162831217,0.1993752912478974,False,,False
bliss_z,state,18,5.133333333333334,1.964070581628185,0.0660883803718722,0.1993752912478974,False,,False
bliss_z,state,18,5.2,1.9497355146459647,0.0678993108464658,0.1993752912478974,False,,False
bliss_z,state,18,5.266666666666667,1.9454119680919244,0.068454160984584,0.1993752912478974,False,,False
bliss_z,state,18,5.333333333333333,1.943476320579876,0.0687038799622086,0.1993752912478974,False,,False
bliss_z,state,18,5.4,1.945208906521208,0.0684803198628479,0.1993752912478974,False,,False
bliss_z,state,18,5.466666666666667,1.9598358399500144,0.0666187872334919,0.1993752912478974,False,,False
bliss_z,state,18,5.533333333333333,1.9597500497712028,0.06662957192227,0.1993752912478974,False,,False
bliss_z,state,18,5.6,1.961383520786949,0.0664244969511998,0.1993752912478974,False,,False
bliss_z,state,18,5.666666666666667,1.9640857199988764,0.0660864910893583,0.1993752912478974,False,,False
bliss_z,state,18,5.733333333333333,1.9660562777820676,0.0658409771631092,0.1993752912478974,False,,False
bliss_z,state,18,5.8,1.9668791702960435,0.0657386946918276,0.1993752912478974,False,,False
bliss_z,state,18,5.866666666666666,1.96088611329316,0.0664868841864415,0.1993752912478974,False,,False
bliss_z,state,18,5.933333333333334,1.95500102660349,0.0672290201021792,0.1993752912478974,False,,False
bliss_z,state,18,6.0,1.9538750085022825,0.0673718596721706,0.1993752912478974,False,,False
bliss_z,state,18,6.066666666666666,1.9437573896750868,0.0686675685396928,0.1993752912478974,False,,False
bliss_z,state,18,6.133333333333334,1.934306131180742,0.0698980465365755,0.1993752912478974,False,,False
bliss_z,state,18,6.2,1.916508937962904,0.0722687127333438,0.1993752912478974,False,,False
bliss_z,state,18,6.266666666666667,1.9030828117400944,0.0741043294969692,0.1993752912478974,False,,False
bliss_z,state,18,6.333333333333333,1.8995482707672309,0.0745944249262123,0.1993752912478974,False,,False
bliss_z,state,18,6.4,1.9001291137846248,0.074513688328517,0.1993752912478974,False,,False
bliss_z,state,18,6.466666666666667,1.8869261146466376,0.0763682193380001,0.1993752912478974,False,,False
bliss_z,state,18,6.533333333333333,1.884601036076749,0.0766990211473368,0.1993752912478974,False,,False
bliss_z,state,18,6.6,1.8805931085605596,0.0772722395037639,0.1993752912478974,False,,False
bliss_z,state,18,6.666666666666667,1.888375399856296,0.0761626633369124,0.1993752912478974,False,,False
bliss_z,state,18,6.733333333333333,1.9139831384882904,0.072610911730152,0.1993752912478974,False,,False
bliss_z,state,18,6.8,1.908250538761388,0.0733929385684267,0.1993752912478974,False,,False
bliss_z,state,18,6.866666666666666,1.902970395791416,0.0741198727190584,0.1993752912478974,False,,False
bliss_z,state,18,6.933333333333334,1.895657595021036,0.0751372348981201,0.1993752912478974,False,,False
bliss_z,state,18,7.0,1.8864162352131,0.0764406540203149,0.1993752912478974,False,,False
bliss_z,state,18,7.066666666666666,1.8580158343622108,0.0805728229553159,0.1993752912478974,False,,False
bliss_z,state,18,7.133333333333334,1.8124192633414749,0.0876208285878229,0.1993752912478974,False,,False
bliss_z,state,18,7.2,1.783194814904676,0.0924181985801476,0.1993752912478974,False,,False
bliss_z,state,18,7.266666666666667,1.7253525477152325,0.1025940948172546,0.1993752912478974,False,,False
bliss_z,state,18,7.333333333333333,1.6968799268704888,0.1079507410898164,0.1993752912478974,False,,False
bliss_z,state,18,7.4,1.678963669773906,0.1114436803977077,0.1993752912478974,False,,False
bliss_z,state,18,7.466666666666667,1.662485149003146,0.1147416818386853,0.1993752912478974,False,,False
bliss_z,state,18,7.533333333333333,1.644940544562604,0.1183446635096621,0.1993752912478974,False,,False
bliss_z,state,18,7.6,1.6241329251394687,0.122742640470502,0.1993752912478974,False,,False
bliss_z,state,18,7.666666666666667,1.6106249284568563,0.1256716196016386,0.1993752912478974,False,,False
bliss_z,state,18,7.733333333333333,1.592375252261919,0.129722806433577,0.1993752912478974,False,,False
bliss_z,state,18,7.8,1.5777125457065797,0.1330572863074962,0.1993752912478974,False,,False
bliss_z,state,18,7.866666666666666,1.5671390641582104,0.1355064522829171,0.1993752912478974,False,,False
bliss_z,state,18,7.933333333333334,1.5556948656986156,0.1381999537529986,0.1993752912478974,False,,False
bliss_z,state,18,8.0,1.545384598745024,0.1406649346120275,0.1993752912478974,False,,False
bliss_z,state,18,8.066666666666666,1.5444430204189463,0.1408918724818475,0.1993752912478974,False,,False
bliss_z,state,18,8.133333333333333,1.5471522336377854,0.1402397289824708,0.1993752912478974,False,,False
bliss_z,state,18,8.2,1.5499152433343952,0.1395772439690829,0.1993752912478974,False,,False
bliss_z,state,18,8.266666666666667,1.552859021348439,0.1388743062794127,0.1993752912478974,False,,False
bliss_z,state,18,8.333333333333334,1.5565199656718534,0.1380042653966689,0.1993752912478974,False,,False
bliss_z,state,18,8.4,1.5587958139278364,0.1374657100635353,0.1993752912478974,False,,False
bliss_z,state,18,8.466666666666667,1.5590481489226038,0.1374061065593705,0.1993752912478974,False,,False
bliss_z,state,18,8.533333333333333,1.5685591517005035,0.1351753223669282,0.1993752912478974,False,,False
bliss_z,state,18,8.6,1.5771087510109505,0.1331961332130015,0.1993752912478974,False,,False
bliss_z,state,18,8.666666666666666,1.5963592981053136,0.1288290902815604,0.1993752912478974,False,,False
bliss_z,state,18,8.733333333333333,1.6321125826515517,0.1210398370886276,0.1993752912478974,False,,False
bliss_z,state,18,8.8,1.6631520021110588,0.1146066105750503,0.1993752912478974,False,,False
bliss_z,state,18,8.866666666666667,1.7054464659934498,0.1063142463480584,0.1993752912478974,False,,False
bliss_z,state,18,8.933333333333334,1.7336000261532478,0.1010861244314115,0.1993752912478974,False,,False
bliss_z,state,18,9.0,1.678571368261137,0.1115212385680085,0.1993752912478974,False,,False
bliss_z,state,18,9.066666666666666,1.6979718168467952,0.1077409523500615,0.1993752912478974,False,,False
bliss_z,state,18,9.133333333333333,1.7156847030480091,0.1043865531565225,0.1993752912478974,False,,False
bliss_z,state,18,9.2,1.723091110804894,0.1030109678712937,0.1993752912478974,False,,False
bliss_z,state,18,9.266666666666667,1.740271093605228,0.0998804947288146,0.1993752912478974,False,,False
bliss_z,state,18,9.333333333333334,1.7598828292839404,0.0964082665045546,0.1993752912478974,False,,False
bliss_z,state,18,9.4,1.7741336082453516,0.0939516307089954,0.1993752912478974,False,,False
bliss_z,state,18,9.466666666666669,1.7914038206570606,0.0910479349149448,0.1993752912478974,False,,False
bliss_z,state,18,9.533333333333331,1.8011558563485095,0.0894432643235057,0.1993752912478974,False,,False
bliss_z,state,18,9.6,1.8109202066553416,0.0878614809319564,0.1993752912478974,False,,False
bliss_z,state,18,9.666666666666666,1.8160423421683225,0.0870415852458405,0.1993752912478974,False,,False
bliss_z,state,18,9.733333333333333,1.8146755504210927,0.0872597057764995,0.1993752912478974,False,,False
bliss_z,state,18,9.8,1.8165391855847963,0.0869624149965037,0.1993752912478974,False,,False
bliss_z,state,18,9.866666666666667,1.81474281592006,0.0872489599264392,0.1993752912478974,False,,False
bliss_z,state,18,9.933333333333334,1.809810375098623,0.0880400226471577,0.1993752912478974,False,,False
bliss_z,dose,18,0.0,0.5798911691198573,0.5695945978541156,0.8487431381258321,False,,False
bliss_z,dose,18,0.0666666666666666,0.5304906698685777,0.6026333486678211,0.8487431381258321,False,,False
bliss_z,dose,18,0.1333333333333333,0.5165277338641772,0.6121398636301314,0.8487431381258321,False,,False
bliss_z,dose,18,0.2,0.5086808575470183,0.6175138990811704,0.8487431381258321,False,,False
bliss_z,dose,18,0.2666666666666666,0.4927100930563512,0.6285206728434535,0.8487431381258321,False,,False
bliss_z,dose,18,0.3333333333333333,0.4787621419783501,0.6382076977799981,0.8487431381258321,False,,False
bliss_z,dose,18,0.4,0.4543865723868596,0.6552987729886253,0.8487431381258321,False,,False
bliss_z,dose,18,0.4666666666666667,0.4300545510212885,0.672557953484565,0.8487431381258321,False,,False
bliss_z,dose,18,0.5333333333333333,0.4066339720785503,0.6893503723122812,0.8487431381258321,False,,False
bliss_z,dose,18,0.6,0.3768860539064694,0.7109214025658469,0.8487431381258321,False,,False
bliss_z,dose,18,0.6666666666666666,0.3465004003179638,0.733218443266279,0.849606457197713,False,,False
bliss_z,dose,18,0.7333333333333333,0.2999003855421752,0.7678891844807778,0.865920852940795,False,,False
bliss_z,dose,18,0.8,0.2674751073552643,0.7923213823671559,0.8706828377661053,False,,False
bliss_z,dose,18,0.8666666666666667,0.2383628970456378,0.8144491344401672,0.8789019436404683,False,,False
bliss_z,dose,18,0.9333333333333332,0.2180580710745473,0.8299799033183712,0.8924515089444852,False,,False
bliss_z,dose,18,1.0,0.1950293534517974,0.8476818478468225,0.9017891998370452,False,,False
bliss_z,dose,18,1.0666666666666669,0.1726497114198171,0.8649656019023388,0.914018964024079,False,,False
bliss_z,dose,18,1.1333333333333333,0.1544006334131846,0.8791120837107161,0.922145542353898,False,,False
bliss_z,dose,18,1.2,0.1341883034767284,0.8948295151564466,0.9321140782879652,False,,False
bliss_z,dose,18,1.2666666666666666,0.1032651031985922,0.9189609892238332,0.9497174287847596,False,,False
bliss_z,dose,18,1.3333333333333333,0.0815781567983707,0.9359349464277013,0.9615769997544876,False,,False
bliss_z,dose,18,1.4,0.0651677270621629,0.9488006716693148,0.9681639506829742,False,,False
bliss_z,dose,18,1.4666666666666666,0.0473935516521968,0.962751894340221,0.9767279746383992,False,,False
bliss_z,dose,18,1.5333333333333334,0.0271839461896167,0.9786295869195896,0.9851975707244188,False,,False
bliss_z,dose,18,1.6,0.0071173034114952,0.9944041167630264,0.9944041167630264,False,,False
bliss_z,dose,18,1.6666666666666667,-0.019909076626512,0.9843477135517636,0.987639846373007,False,,False
bliss_z,dose,18,1.7333333333333334,-0.0461800016782519,0.963704934976554,0.9767279746383992,False,,False
bliss_z,dose,18,1.8,-0.0768622808521306,0.9396304728864336,0.9620789824775772,False,,False
bliss_z,dose,18,1.8666666666666667,-0.1003685725348655,0.9212259059212168,0.9497174287847596,False,,False
bliss_z,dose,18,1.9333333333333331,-0.121209103962179,0.9049465741585409,0.9393909074310112,False,,False
bliss_z,dose,18,2.0,-0.1393292202089343,0.8908273105363519,0.9311783733829462,False,,False
bliss_z,dose,18,2.066666666666667,-0.1571603617721614,0.87696994491545,0.922145542353898,False,,False
bliss_z,dose,18,2.1333333333333333,-0.1978171312841614,0.8455342433827856,0.9017891998370452,False,,False
bliss_z,dose,18,2.2,-0.2473497082034258,0.8076001817614581,0.8789019436404683,False,,False
bliss_z,dose,18,2.2666666666666666,-0.2756698441357643,0.7861245386209985,0.8706828377661053,False,,False
bliss_z,dose,18,2.333333333333333,-0.2970153258408766,0.7700533203349962,0.865920852940795,False,,False
bliss_z,dose,18,2.4,-0.3174815787723065,0.7547444392605898,0.8609252158866043,False,,False
bliss_z,dose,18,2.466666666666667,-0.3363856462333357,0.7406966466882606,0.8546499769479929,False,,False
bliss_z,dose,18,2.533333333333333,-0.3586655400896419,0.7242608112007101,0.8487431381258321,False,,False
bliss_z,dose,18,2.6,-0.3731513474118171,0.7136479340252845,0.8487431381258321,False,,False
bliss_z,dose,18,2.6666666666666665,-0.3813346308601235,0.7076789660049677,0.8487431381258321,False,,False
bliss_z,dose,18,2.7333333333333334,-0.3832777383000826,0.706264499405153,0.8487431381258321,False,,False
bliss_z,dose,18,2.8,-0.3830536866253616,0.7064275393999279,0.8487431381258321,False,,False
bliss_z,dose,18,2.8666666666666667,-0.3791441523266279,0.7092748236754326,0.8487431381258321,False,,False
bliss_z,dose,18,2.933333333333333,-0.37020510346106,0.7158016659973678,0.8487431381258321,False,,False
bliss_z,dose,18,3.0,-0.3635329279939168,0.7206881893129924,0.8487431381258321,False,,False
bliss_z,dose,18,3.066666666666667,-0.3589655693907287,0.7240404017107461,0.8487431381258321,False,,False
bliss_z,dose,18,3.1333333333333333,-0.3610164468037777,0.7225344416487218,0.8487431381258321,False,,False
bliss_z,dose,18,3.2,-0.3614978323080409,0.7221811295929866,0.8487431381258321,False,,False
bliss_z,dose,18,3.2666666666666666,-0.3647749817990111,0.7197775919336695,0.8487431381258321,False,,False
bliss_z,dose,18,3.333333333333333,-0.3697205842844781,0.7161560908878736,0.8487431381258321,False,,False
bliss_z,dose,18,3.4,-0.3762677312730653,0.7113725332291786,0.8487431381258321,False,,False
bliss_z,dose,18,3.466666666666667,-0.3807137337616434,0.708131174433408,0.8487431381258321,False,,False
bliss_z,dose,18,3.533333333333333,-0.3925663330448803,0.6995183075304314,0.8487431381258321,False,,False
bliss_z,dose,18,3.6,-0.4028280999869661,0.6920952857566999,0.8487431381258321,False,,False
bliss_z,dose,18,3.6666666666666665,-0.4135417101685477,0.6843796904961771,0.8487431381258321,False,,False
bliss_z,dose,18,3.733333333333333,-0.4218242154994191,0.6784393625353494,0.8487431381258321,False,,False
bliss_z,dose,18,3.8,-0.4298595474279215,0.6726970528886369,0.8487431381258321,False,,False
bliss_z,dose,18,3.8666666666666663,-0.4376679410452203,0.6671367852851732,0.8487431381258321,False,,False
bliss_z,dose,18,3.933333333333333,-0.4445498878116775,0.6622526861604866,0.8487431381258321,False,,False
bliss_z,dose,18,4.0,-0.446180942345414,0.6610974130774195,0.8487431381258321,False,,False
bliss_z,dose,18,4.066666666666666,-0.4490004483549605,0.6591024376718925,0.8487431381258321,False,,False
bliss_z,dose,18,4.133333333333334,-0.4559121087921074,0.6542232074011404,0.8487431381258321,False,,False
bliss_z,dose,18,4.2,-0.4638778735346014,0.648619768443486,0.8487431381258321,False,,False
bliss_z,dose,18,4.266666666666667,-0.4685978488407945,0.6453097251104539,0.8487431381258321,False,,False
bliss_z,dose,18,4.333333333333333,-0.4763166809370953,0.6399131292723503,0.8487431381258321,False,,False
bliss_z,dose,18,4.4,-0.4794937755522537,0.637697871216751,0.8487431381258321,False,,False
bliss_z,dose,18,4.466666666666667,-0.4835530397044172,0.6348726405004371,0.8487431381258321,False,,False
bliss_z,dose,18,4.533333333333333,-0.4888822307515401,0.631172336195352,0.8487431381258321,False,,False
bliss_z,dose,18,4.6,-0.4930931102828,0.6282556330570436,0.8487431381258321,False,,False
bliss_z,dose,18,4.666666666666667,-0.4935415844365177,0.6279453648741171,0.8487431381258321,False,,False
bliss_z,dose,18,4.733333333333333,-0.4944906589756955,0.6272890023887548,0.8487431381258321,False,,False
bliss_z,dose,18,4.8,-0.501147398703376,0.6226943827952273,0.8487431381258321,False,,False
bliss_z,dose,18,4.866666666666666,-0.5038791250974435,0.620813500245016,0.8487431381258321,False,,False
bliss_z,dose,18,4.933333333333334,-0.5045530241212646,0.6203499134666299,0.8487431381258321,False,,False
bliss_z,dose,18,5.0,-0.5049777990139073,0.6200577879469933,0.8487431381258321,False,,False
bliss_z,dose,18,5.066666666666666,-0.5049955578993862,0.6200455762573843,0.8487431381258321,False,,False
bliss_z,dose,18,5.133333333333334,-0.5041264802860947,0.6206433212500513,0.8487431381258321,False,,False
bliss_z,dose,18,5.2,-0.5049689103215147,0.6200639001951138,0.8487431381258321,False,,False
bliss_z,dose,18,5.266666666666667,-0.5049036885134185,0.620108750397787,0.8487431381258321,False,,False
bliss_z,dose,18,5.333333333333333,-0.5027673861422481,0.6215786435985796,0.8487431381258321,False,,False
bliss_z,dose,18,5.4,-0.502797801093632,0.6215577048672923,0.8487431381258321,False,,False
bliss_z,dose,18,5.466666666666667,-0.5061826842769157,0.619229521917039,0.8487431381258321,False,,False
bliss_z,dose,18,5.533333333333333,-0.5117366430492571,0.6154184260025778,0.8487431381258321,False,,False
bliss_z,dose,18,5.6,-0.512813937102846,0.614680496076494,0.8487431381258321,False,,False
bliss_z,dose,18,5.666666666666667,-0.5144866642038827,0.6135355460365898,0.8487431381258321,False,,False
bliss_z,dose,18,5.733333333333333,-0.5166728328927535,0.6120407033044085,0.8487431381258321,False,,False
bliss_z,dose,18,5.8,-0.5156980626281319,0.6127070077106607,0.8487431381258321,False,,False
bliss_z,dose,18,5.866666666666666,-0.5148490037562071,0.6132876666980839,0.8487431381258321,False,,False
bliss_z,dose,18,5.933333333333334,-0.5130152586250186,0.6145426410260342,0.8487431381258321,False,,False
bliss_z,dose,18,6.0,-0.5110432429251409,0.6158936189636207,0.8487431381258321,False,,False
bliss_z,dose,18,6.066666666666666,-0.5102325429332716,0.616449421209474,0.8487431381258321,False,,False
bliss_z,dose,18,6.133333333333334,-0.5093214113104281,0.6170743638865217,0.8487431381258321,False,,False
bliss_z,dose,18,6.2,-0.5092879202565289,0.6170973410751764,0.8487431381258321,False,,False
bliss_z,dose,18,6.266666666666667,-0.5109711270820222,0.6159430506456042,0.8487431381258321,False,,False
bliss_z,dose,18,6.333333333333333,-0.5205986618455452,0.6093607474177947,0.8487431381258321,False,,False
bliss_z,dose,18,6.4,-0.5315613827562021,0.6019073648909592,0.8487431381258321,False,,False
bliss_z,dose,18,6.466666666666667,-0.5323266092069961,0.6013887760316854,0.8487431381258321,False,,False
bliss_z,dose,18,6.533333333333333,-0.5330271395387008,0.600914224146453,0.8487431381258321,False,,False
bliss_z,dose,18,6.6,-0.5358279809110658,0.5990187287944052,0.8487431381258321,False,,False
bliss_z,dose,18,6.666666666666667,-0.5385188255070581,0.597200462277647,0.8487431381258321,False,,False
bliss_z,dose,18,6.733333333333333,-0.5374004227832867,0.5979558607709613,0.8487431381258321,False,,False
bliss_z,dose,18,6.8,-0.5395050695155772,0.5965347200951268,0.8487431381258321,False,,False
bliss_z,dose,18,6.866666666666666,-0.5375158099272674,0.5978779033851758,0.8487431381258321,False,,False
bliss_z,dose,18,6.933333333333334,-0.5362723119798104,0.5987182953698675,0.8487431381258321,False,,False
bliss_z,dose,18,7.0,-0.5354411175918289,0.5992803661942708,0.8487431381258321,False,,False
bliss_z,dose,18,7.066666666666666,-0.5348977171961053,0.5996479656297672,0.8487431381258321,False,,False
bliss_z,dose,18,7.133333333333334,-0.5351436065363161,0.5994816126492919,0.8487431381258321,False,,False
bliss_z,dose,18,7.2,-0.5336670970762947,0.6004808666222655,0.8487431381258321,False,,False
bliss_z,dose,18,7.266666666666667,-0.5308293413473839,0.6024036701308657,0.8487431381258321,False,,False
bliss_z,dose,18,7.333333333333333,-0.5293371066971104,0.6034159888368932,0.8487431381258321,False,,False
bliss_z,dose,18,7.4,-0.527254236197372,0.6048303825681227,0.8487431381258321,False,,False
bliss_z,dose,18,7.466666666666667,-0.5266258936723486,0.6052573828442662,0.8487431381258321,False,,False
bliss_z,dose,18,7.533333333333333,-0.5233289233266853,0.607500302371229,0.8487431381258321,False,,False
bliss_z,dose,18,7.6,-0.5200463347464863,0.6097374479105713,0.8487431381258321,False,,False
bliss_z,dose,18,7.666666666666667,-0.5197516005661431,0.6099385099353898,0.8487431381258321,False,,False
bliss_z,dose,18,7.733333333333333,-0.5216540052631368,0.6086412915235881,0.8487431381258321,False,,False
bliss_z,dose,18,7.8,-0.5235389888006104,0.6073572748535487,0.8487431381258321,False,,False
bliss_z,dose,18,7.866666666666666,-0.5241813873009048,0.6069199859756039,0.8487431381258321,False,,False
bliss_z,dose,18,7.933333333333334,-0.5264214834680329,0.6053963248333976,0.8487431381258321,False,,False
bliss_z,dose,18,8.0,-0.530914630599433,0.6023458358683583,0.8487431381258321,False,,False
bliss_z,dose,18,8.066666666666666,-0.5381094350935124,0.5974769203813262,0.8487431381258321,False,,False
bliss_z,dose,18,8.133333333333333,-0.5440184488001172,0.5934927739547738,0.8487431381258321,False,,False
bliss_z,dose,18,8.2,-0.5531839596927824,0.5873392991701331,0.8487431381258321,False,,False
bliss_z,dose,18,8.266666666666667,-0.5620425900565023,0.5814226094907112,0.8487431381258321,False,,False
bliss_z,dose,18,8.333333333333334,-0.5694775039635852,0.5764803836827542,0.8487431381258321,False,,False
bliss_z,dose,18,8.4,-0.5727414276591755,0.5743175906258166,0.8487431381258321,False,,False
bliss_z,dose,18,8.466666666666667,-0.5791635504988834,0.5700743251501007,0.8487431381258321,False,,False
bliss_z,dose,18,8.533333333333333,-0.5821319490003191,0.5681185466267406,0.8487431381258321,False,,False
bliss_z,dose,18,8.6,-0.5801510328498625,0.5694233176320659,0.8487431381258321,False,,False
bliss_z,dose,18,8.666666666666666,-0.5758954118973135,0.5722316334307352,0.8487431381258321,False,,False
bliss_z,dose,18,8.733333333333333,-0.575136930100211,0.5727329136115442,0.8487431381258321,False,,False
bliss_z,dose,18,8.8,-0.5751478522150263,0.5727256935796757,0.8487431381258321,False,,False
bliss_z,dose,18,8.866666666666667,-0.5711400252878318,0.5753782139802474,0.8487431381258321,False,,False
bliss_z,dose,18,8.933333333333334,-0.5700789941750762,0.5760814999806952,0.8487431381258321,False,,False
bliss_z,dose,18,9.0,-0.5660071336050093,0.5787845612701267,0.8487431381258321,False,,False
bliss_z,dose,18,9.066666666666666,-0.5599996396315173,0.5827843999485595,0.8487431381258321,False,,False
bliss_z,dose,18,9.133333333333333,-0.552375973090393,0.5878804636555638,0.8487431381258321,False,,False
bliss_z,dose,18,9.2,-0.5362599932012182,0.5987266236792251,0.8487431381258321,False,,False
bliss_z,dose,18,9.266666666666667,-0.5301938927052708,0.6028346508645135,0.8487431381258321,False,,False
bliss_z,dose,18,9.333333333333334,-0.5236983802915246,0.6072487607241328,0.8487431381258321,False,,False
bliss_z,dose,18,9.4,-0.5118080060152151,0.6153695303336602,0.8487431381258321,False,,False
bliss_z,dose,18,9.466666666666669,-0.5001715160876617,0.6233669620868239,0.8487431381258321,False,,False
bliss_z,dose,18,9.533333333333331,-0.4876406146144362,0.632033552530091,0.8487431381258321,False,,False
bliss_z,dose,18,9.6,-0.47327346636221,0.6420383255853578,0.8487431381258321,False,,False
bliss_z,dose,18,9.666666666666666,-0.4590057190529226,0.6520444891564184,0.8487431381258321,False,,False
bliss_z,dose,18,9.733333333333333,-0.4412195854033918,0.6646142545758748,0.8487431381258321,False,,False
bliss_z,dose,18,9.8,-0.4280706798395282,0.6739736521601303,0.8487431381258321,False,,False
bliss_z,dose,18,9.866666666666667,-0.4070822382419118,0.6890273611445028,0.8487431381258321,False,,False
bliss_z,dose,18,9.933333333333334,-0.3913894649523407,0.7003716374281923,0.8487431381258321,False,,False
bliss_z,dose,18,10.0,-0.3718423303777384,0.7146045319320393,0.8487431381258321,False,,False
bliss_z,dose,18,10.066666666666666,-0.3481286575445794,0.7320171660726754,0.849606457197713,False,,False
bliss_z,dose,18,10.133333333333333,-0.327427677522219,0.7473420056929801,0.8583830922169279,False,,False
bliss_z,dose,18,10.2,-0.3058722793570585,0.7634158406562928,0.865920852940795,False,,False
bliss_z,dose,18,10.266666666666667,-0.2806844494646779,0.7823397476282831,0.8706828377661053,False,,False
bliss_z,dose,18,10.333333333333334,-0.2527776832619525,0.8034711960064856,0.8789019436404683,False,,False
bliss_z,dose,18,10.4,-0.2387218882237651,0.8141752422707743,0.8789019436404683,False,,False
bliss_z,dose,18,10.466666666666669,-0.2431921006885647,0.8107667811346949,0.8789019436404683,False,,False
bliss_z,dose,18,10.533333333333331,-0.19762089320202,0.8456853774648904,0.9017891998370452,False,,False
bliss_z,dose,18,10.6,-0.0374602781358793,0.9705543931067956,0.9803579728351468,False,,False
bliss_z,dose,18,10.666666666666666,0.1722547564940041,0.8652712859427947,0.914018964024079,False,,False
bliss_z,dose,18,10.733333333333333,0.2734487168215604,0.787802711385728,0.8706828377661053,False,,False
bliss_z,dose,18,10.8,0.2735351399403477,0.7877373942487895,0.8706828377661053,False,,False
bliss_z,dose,18,10.866666666666667,0.2701491834897612,0.7902976557535804,0.8706828377661053,False,,False
bliss_z,dose,18,10.933333333333334,0.2961942808337766,0.7706695591173076,0.865920852940795,False,,False
bliss_z,dose,18,11.0,0.3243168469152423,0.7496545672027837,0.8583830922169279,False,,False
bliss_z,dose,18,11.066666666666666,0.3461276126536656,0.7334935747140255,0.849606457197713,False,,False
bliss_z,dose,18,11.133333333333333,0.3658494604459534,0.7189901998816866,0.8487431381258321,False,,False
bliss_z,dose,18,11.2,0.3835332533386896,0.7060785817966839,0.8487431381258321,False,,False
bliss_z,dose,18,11.266666666666667,0.4043480105925852,0.6909985472326822,0.8487431381258321,False,,False
bliss_z,dose,18,11.333333333333334,0.4299151968239022,0.6726573559754779,0.8487431381258321,False,,False
bliss_z,dose,18,11.4,0.4511340705603238,0.6575945223942868,0.8487431381258321,False,,False
bliss_z,dose,18,11.466666666666669,0.477427203957169,0.6391384076202533,0.8487431381258321,False,,False
bliss_z,dose,18,11.533333333333331,0.5060026607690887,0.6193532407941599,0.8487431381258321,False,,False
bliss_z,dose,18,11.6,0.5341669791563144,0.6001424706332867,0.8487431381258321,False,,False
bliss_z,dose,18,11.666666666666666,0.561343696472229,0.5818882955525552,0.8487431381258321,False,,False
bliss_z,dose,18,11.733333333333333,0.5840088137651138,0.5668837513420534,0.8487431381258321,False,,False
bliss_z,dose,18,11.8,0.611652525332269,0.5488609261677483,0.8487431381258321,False,,False
bliss_z,dose,18,11.866666666666667,0.6559506639353503,0.5206357315115459,0.8487431381258321,False,,False
bliss_z,dose,18,11.933333333333334,0.7045134423752069,0.4906527962646491,0.8487431381258321,False,,False
bliss_z,dose,18,12.0,0.7453313090703177,0.4662522969018902,0.8487431381258321,False,,False
bliss_z,dose,18,12.066666666666666,0.7745271679326918,0.4492580901662781,0.8487431381258321,False,,False
bliss_z,dose,18,12.133333333333333,0.793412041967863,0.4384722863215646,0.8487431381258321,False,,False
bliss_z,dose,18,12.2,0.8008769979856976,0.4342538864687721,0.8487431381258321,False,,False
bliss_z,dose,18,12.266666666666667,0.8126358518259014,0.4276610890735495,0.8487431381258321,False,,False
bliss_z,dose,18,12.333333333333334,0.8297080722532995,0.4182030544159877,0.8487431381258321,False,,False
bliss_z,dose,18,12.4,0.8479493247722504,0.4082469595299388,0.8487431381258321,False,,False
bliss_z,dose,18,12.466666666666669,0.8676683581059234,0.3976588905147037,0.8487431381258321,False,,False
bliss_z,dose,18,12.533333333333331,0.8832246415537793,0.3894344529314166,0.8487431381258321,False,,False
bliss_z,dose,18,12.6,0.8966202116220374,0.3824433835280895,0.8487431381258321,False,,False
bliss_z,dose,18,12.666666666666666,0.9123823513625192,0.3743252785639915,0.8487431381258321,False,,False
bliss_z,dose,18,12.733333333333333,0.9232537115628888,0.3687942759308759,0.8487431381258321,False,,False
bliss_z,dose,18,12.8,0.9326613341807714,0.3640529236963603,0.8487431381258321,False,,False
bliss_z,dose,18,12.866666666666667,0.9423292056578364,0.3592238749102982,0.8487431381258321,False,,False
bliss_z,dose,18,12.933333333333334,0.9574303206615142,0.3517691242943095,0.8487431381258321,False,,False
bliss_z,dose,18,13.0,0.9731045696020384,0.3441451384024018,0.8487431381258321,False,,False
bliss_z,dose,18,13.066666666666666,0.9945321005882596,0.3339099806695191,0.8487431381258321,False,,False
bliss_z,dose,18,13.133333333333333,1.0120331549684276,0.3257105829224044,0.8487431381258321,False,,False
bliss_z,dose,18,13.2,1.0303735656179356,0.3172721903079528,0.8487431381258321,False,,False
bliss_z,dose,18,13.266666666666667,1.0488602083133356,0.3089258305261952,0.8487431381258321,False,,False
bliss_z,dose,18,13.333333333333334,1.0605135146914608,0.3037465344075107,0.8487431381258321,False,,False
bliss_z,dose,18,13.4,1.0671038726059747,0.3008454377726798,0.8487431381258321,False,,False
bliss_z,dose,18,13.466666666666669,1.0762080912710126,0.2968709121191142,0.8487431381258321,False,,False
bliss_z,dose,18,13.533333333333331,1.0823959463837918,0.2941914840330742,0.8487431381258321,False,,False
bliss_z,dose,18,13.6,1.0890083342523842,0.2913478092768818,0.8487431381258321,False,,False
bliss_z,dose,18,13.666666666666666,1.0906903873325442,0.2906276615096416,0.8487431381258321,False,,False
bliss_z,dose,18,13.733333333333333,1.099937253338967,0.2866920549889248,0.8487431381258321,False,,False
bliss_z,dose,18,13.8,1.1110277076739978,0.2820237049122786,0.8487431381258321,False,,False
bliss_z,dose,18,13.866666666666667,1.122241640258363,0.2773607624190182,0.8487431381258321,False,,False
bliss_z,dose,18,13.933333333333334,1.1287875739670787,0.2746654408764163,0.8487431381258321,False,,False
bliss_z,dose,18,14.0,1.1303983572130274,0.2740051909885423,0.8487431381258321,False,,False
bliss_z,dose,18,14.066666666666666,1.1291438684447554,0.2745192960997193,0.8487431381258321,False,,False
bliss_z,dose,18,14.133333333333333,1.1264101461110434,0.275642096278251,0.8487431381258321,False,,False
bliss_z,dose,18,14.2,1.1313871998336926,0.2736004566437764,0.8487431381258321,False,,False
bliss_z,dose,18,14.266666666666667,1.1419240949135203,0.2693153359964509,0.8487431381258321,False,,False
bliss_z,dose,18,14.333333333333334,1.1598465599247405,0.2621423410705903,0.8487431381258321,False,,False
bliss_z,dose,18,14.4,1.1682645441254302,0.2588233112784407,0.8487431381258321,False,,False
bliss_z,dose,18,14.466666666666669,1.15601436376494,0.2636638695476183,0.8487431381258321,False,,False
bliss_z,dose,18,14.533333333333331,1.1359675354981194,0.2717315304477333,0.8487431381258321,False,,False
bliss_z,dose,18,14.6,1.1282373756587996,0.2748912348313037,0.8487431381258321,False,,False
bliss_z,dose,18,14.666666666666666,1.1317214385063716,0.2734637531727186,0.8487431381258321,False,,False
bliss_z,dose,18,14.733333333333333,1.138422005286572,0.2707339558580842,0.8487431381258321,False,,False
bliss_z,dose,18,14.8,1.1407308495319168,0.2697980678431817,0.8487431381258321,False,,False
bliss_z,dose,18,14.866666666666667,1.1415520544326054,0.2694657769877234,0.8487431381258321,False,,False
bliss_z,dose,18,14.933333333333334,1.1407148610842648,0.2698045404190097,0.8487431381258321,False,,False
bliss_z,dose,18,15.0,1.141604985140414,0.2694443697077782,0.8487431381258321,False,,False
bliss_z,dose,18,15.066666666666666,1.1459735129023352,0.2676819462849448,0.8487431381258321,False,,False
bliss_z,dose,18,15.133333333333333,1.1484688136518777,0.2666791338030996,0.8487431381258321,False,,False
bliss_z,dose,18,15.2,1.155790152073464,0.263753095406368,0.8487431381258321,False,,False
bliss_z,dose,18,15.266666666666667,1.163359533759713,0.2607533730818724,0.8487431381258321,False,,False
bliss_z,dose,18,15.333333333333334,1.1692457849411466,0.2584385032268282,0.8487431381258321,False,,False
bliss_z,dose,18,15.4,1.177397180324099,0.2552585135781137,0.8487431381258321,False,,False
bliss_z,dose,18,15.466666666666669,1.188486777020239,0.2509800136285899,0.8487431381258321,False,,False
bliss_z,dose,18,15.533333333333331,1.1897225879077955,0.2505066199001705,0.8487431381258321,False,,False
bliss_z,dose,18,15.6,1.195917427309206,0.2481438421565429,0.8487431381258321,False,,False
bliss_z,dose,18,15.666666666666666,1.1960632879387298,0.2480884148120677,0.8487431381258321,False,,False
bliss_z,dose,18,15.733333333333333,1.1975321530950966,0.2475307692370932,0.8487431381258321,False,,False
bliss_z,dose,18,15.8,1.2067483881627068,0.2440536957601106,0.8487431381258321,False,,False
bliss_z,dose,18,15.866666666666667,1.2111007009004255,0.2424247183113264,0.8487431381258321,False,,False
bliss_z,dose,18,15.933333333333334,1.2158056973098954,0.2406731284626153,0.8487431381258321,False,,False
bliss_z,dose,18,16.0,1.2175984148442422,0.2400082923956991,0.8487431381258321,False,,False
bliss_z,dose,18,16.066666666666666,1.2175358681779869,0.240031464286319,0.8487431381258321,False,,False
bliss_z,dose,18,16.133333333333333,1.217181898626119,0.2401626330579005,0.8487431381258321,False,,False
bliss_z,dose,18,16.2,1.2189779876250844,0.2394976339519557,0.8487431381258321,False,,False
bliss_z,dose,18,16.266666666666666,1.2121087177101424,0.2420486304644768,0.8487431381258321,False,,False
bliss_z,dose,18,16.333333333333332,1.213376619105908,0.2415762160201995,0.8487431381258321,False,,False
bliss_z,dose,18,16.4,1.2064576860281069,0.2441627971879154,0.8487431381258321,False,,False
bliss_z,dose,18,16.466666666666665,1.1974022085226748,0.2475800632955253,0.8487431381258321,False,,False
bliss_z,dose,18,16.533333333333335,1.190518083252082,0.2502022545442228,0.8487431381258321,False,,False
bliss_z,dose,18,16.6,1.1809817468762869,0.2538695371834206,0.8487431381258321,False,,False
bliss_z,dose,18,16.666666666666668,1.172074309778933,0.257331674744446,0.8487431381258321,False,,False
bliss_z,dose,18,16.733333333333334,1.1649720439119295,0.260117675921963,0.8487431381258321,False,,False
bliss_z,dose,18,16.8,1.1534212275507698,0.2646972049606131,0.8487431381258321,False,,False
bliss_z,dose,18,16.866666666666667,1.1413505651058151,0.2695472789102965,0.8487431381258321,False,,False
bliss_z,dose,18,16.933333333333334,1.1302036590472675,0.2740849336779579,0.8487431381258321,False,,False
bliss_z,dose,18,17.0,1.1158036530140043,0.280030743923944,0.8487431381258321,False,,False
bliss_z,dose,18,17.066666666666666,1.0993980837167048,0.2869204518623957,0.8487431381258321,False,,False
bliss_z,dose,18,17.133333333333333,1.0883807266715284,0.2916168455239694,0.8487431381258321,False,,False
bliss_z,dose,18,17.2,1.0782900304060627,0.2959674236948209,0.8487431381258321,False,,False
bliss_z,dose,18,17.266666666666666,1.0679870607246134,0.3004581892987059,0.8487431381258321,False,,False
bliss_z,dose,18,17.333333333333332,1.053093619358079,0.3070369795179592,0.8487431381258321,False,,False
bliss_z,dose,18,17.4,1.0334184177208163,0.3158865097269243,0.8487431381258321,False,,False
bliss_z,dose,18,17.466666666666665,1.0156009605086105,0.3240566856240045,0.8487431381258321,False,,False
bliss_z,dose,18,17.533333333333335,0.9894709022762176,0.3363080378506018,0.8487431381258321,False,,False
bliss_z,dose,18,17.6,0.9694008871718822,0.3459361701620171,0.8487431381258321,False,,False
bliss_z,dose,18,17.666666666666668,0.946237373073794,0.3572842739966575,0.8487431381258321,False,,False
bliss_z,dose,18,17.733333333333334,0.921279203866207,0.3697947047258234,0.8487431381258321,False,,False
bliss_z,dose,18,17.8,0.9004322871128199,0.3804693011108739,0.8487431381258321,False,,False
bliss_z,dose,18,17.866666666666667,0.8846086647153393,0.3887082346000411,0.8487431381258321,False,,False
bliss_z,dose,18,17.933333333333334,0.8668166655750605,0.3981124460231844,0.8487431381258321,False,,False
bliss_z,dose,18,18.0,0.8514273451629029,0.406366251456562,0.8487431381258321,False,,False
bliss_z,dose,18,18.066666666666663,0.8426584428472567,0.4111187760610864,0.8487431381258321,False,,False
bliss_z,dose,18,18.133333333333333,0.8439765837991909,0.4104020870655084,0.8487431381258321,False,,False
bliss_z,dose,18,18.2,0.8461543981076959,0.4092197577272162,0.8487431381258321,False,,False
bliss_z,dose,18,18.266666666666666,0.8308319669549281,0.4175851568888759,0.8487431381258321,False,,False
bliss_z,dose,18,18.33333333333333,0.7921345190225618,0.4391967725473322,0.8487431381258321,False,,False
bliss_z,dose,18,18.4,0.7491234062961448,0.4640232270768875,0.8487431381258321,False,,False
bliss_z,dose,18,18.466666666666665,0.7191120743506134,0.4818408007500395,0.8487431381258321,False,,False
bliss_z,dose,18,18.53333333333333,0.7004972752181293,0.4930935025807147,0.8487431381258321,False,,False
bliss_z,dose,18,18.6,0.6875762335675834,0.5009937993065552,0.8487431381258321,False,,False
bliss_z,dose,18,18.666666666666668,0.6732234134291925,0.5098546545540156,0.8487431381258321,False,,False
bliss_z,dose,18,18.73333333333333,0.6570087483776719,0.5199716450244745,0.8487431381258321,False,,False
bliss_z,dose,18,18.8,0.6408913967612995,0.5301388183193905,0.8487431381258321,False,,False
bliss_z,dose,18,18.866666666666667,0.6322702735376483,0.5356221105185645,0.8487431381258321,False,,False
bliss_z,dose,18,18.933333333333334,0.6232098772343041,0.5414182063356815,0.8487431381258321,False,,False
bliss_z,dose,18,19.0,0.6184015170079276,0.5445080177421249,0.8487431381258321,False,,False
bliss_z,dose,18,19.066666666666663,0.609343910710656,0.5503542054015619,0.8487431381258321,False,,False
bliss_z,dose,18,19.133333333333333,0.5965969026516194,0.5586384303249815,0.8487431381258321,False,,False
bliss_z,dose,18,19.2,0.5859748510817846,0.565591794945783,0.8487431381258321,False,,False
bliss_z,dose,18,19.266666666666666,0.5789378749649288,0.5702231582821955,0.8487431381258321,False,,False
bliss_z,dose,18,19.33333333333333,0.5791357912770368,0.5700926312820622,0.8487431381258321,False,,False
bliss_z,dose,18,19.4,0.576394973641009,0.5719015975365205,0.8487431381258321,False,,False
bliss_z,dose,18,19.466666666666665,0.5750351815201163,0.5728001764744618,0.8487431381258321,False,,False
bliss_z,dose,18,19.53333333333333,0.5694012423751672,0.5765309673926402,0.8487431381258321,False,,False
bliss_z,dose,18,19.6,0.5657450205929749,0.5789587845736989,0.8487431381258321,False,,False
bliss_z,dose,18,19.666666666666668,0.5583677705515181,0.5838733361984301,0.8487431381258321,False,,False
bliss_z,dose,18,19.73333333333333,0.548567645581501,0.5904345433286609,0.8487431381258321,False,,False
bliss_z,dose,18,19.8,0.5386584533696539,0.5971061871957389,0.8487431381258321,False,,False
bliss_z,dose,18,19.866666666666667,0.5359808050465409,0.598915388702636,0.8487431381258321,False,,False
bliss_z,dose,18,19.933333333333334,0.537582253535091,0.5978330153130298,0.8487431381258321,False,,False
PC1,state,18,0.0,5.918600488444724,1.6841788322838506e-05,1.6841788322838506e-05,True,7.62939453125e-06,True
PC1,state,18,0.0666666666666666,6.252416494938154,8.7573308780998e-06,8.816104910838724e-06,True,7.62939453125e-06,True
PC1,state,18,0.1333333333333333,6.454781205594204,5.934232252350055e-06,6.0144245800845154e-06,True,7.62939453125e-06,True
PC1,state,18,0.2,6.67581526631394,3.904166176972928e-06,3.983843037727478e-06,True,7.62939453125e-06,True
PC1,state,18,0.2666666666666666,6.926576482354925,2.447599955932496e-06,2.5146574889717427e-06,True,7.62939453125e-06,True
PC1,state,18,0.3333333333333333,7.169922805775987,1.568567893771078e-06,1.6226564418321495e-06,True,7.62939453125e-06,True
PC1,state,18,0.4,7.414680965237069,1.0107731333913876e-06,1.0528886806160288e-06,True,7.62939453125e-06,True
PC1,state,18,0.4666666666666667,7.684999399949561,6.279408172919756e-07,6.586791789775968e-07,True,7.62939453125e-06,True
PC1,state,18,0.5333333333333333,8.003120143145875,3.630604534645934e-07,3.917918562567555e-07,True,7.62939453125e-06,True
PC1,state,18,0.6,8.259146954116613,2.358340413248025e-07,2.6203782369422495e-07,True,7.62939453125e-06,True
PC1,state,18,0.6666666666666666,8.529454574393172,1.508993319181029e-07,1.7822755738358605e-07,True,7.62939453125e-06,True
PC1,state,18,0.7333333333333333,8.805575448136423,9.652606152496997e-08,1.1879016796436413e-07,True,7.62939453125e-06,True
PC1,state,18,0.8,9.120738917551138,5.8618213806427545e-08,7.51515561620866e-08,True,7.62939453125e-06,True
PC1,state,18,0.8666666666666667,9.56743488170754,2.9485727700288432e-08,4.357373952239695e-08,True,7.62939453125e-06,True
PC1,state,18,0.9333333333333332,9.860832018689544,1.9006101073424165e-08,3.351910412608881e-08,True,7.62939453125e-06,True
PC1,state,18,1.0,10.143257556813111,1.2563948974065371e-08,2.5127897948130742e-08,True,7.62939453125e-06,True
PC1,state,18,1.0666666666666669,10.429591142293049,8.328741537484963e-09,1.8372223979746244e-08,True,7.62939453125e-06,True
PC1,state,18,1.1333333333333333,10.688886963019591,5.781181157058652e-09,1.4450802695756792e-08,True,7.62939453125e-06,True
PC1,state,18,1.2,10.93772269605772,4.097897317734245e-09,1.1820857647310322e-08,True,7.62939453125e-06,True
PC1,state,18,1.2666666666666666,11.20601763325354,2.846474298663356e-09,9.281981408684858e-09,True,7.62939453125e-06,True
PC1,state,18,1.3333333333333333,11.419220010604686,2.1410637151222562e-09,7.299080847007689e-09,True,7.62939453125e-06,True
PC1,state,18,1.4,11.62923243457912,1.6238901776517559e-09,5.664733177854962e-09,True,7.62939453125e-06,True
PC1,state,18,1.4666666666666666,11.808223193039248,1.286955264992571e-09,4.671438391252763e-09,True,7.62939453125e-06,True
PC1,state,18,1.5333333333333334,12.020403451247596,9.804125067416875e-10,3.870049368717187e-09,True,7.62939453125e-06,True
PC1,state,18,1.6,12.16677253778192,8.144636251950179e-10,3.4905583936929343e-09,True,7.62939453125e-06,True
PC1,state,18,1.6666666666666667,12.302308265189543,6.870502257353222e-10,3.220547933134323e-09,True,7.62939453125e-06,True
PC1,state,18,1.7333333333333334,12.42148903341105,5.923291337447255e-10,2.961645668723628e-09,True,7.62939453125e-06,True
PC1,state,18,1.8,12.56766376919242,4.945705828207778e-10,2.649485265111309e-09,True,7.62939453125e-06,True
PC1,state,18,1.8666666666666667,12.732518516411684,4.043624955124172e-10,2.426174973074503e-09,True,7.62939453125e-06,True
PC1,state,18,1.9333333333333331,12.870868659591164,3.42049388335116e-10,2.230756880446409e-09,True,7.62939453125e-06,True
PC1,state,18,2.0,13.015561794691818,2.875811014755904e-10,1.9607802373335702e-09,True,7.62939453125e-06,True
PC1,state,18,2.066666666666667,13.141908641969192,2.4748445124300087e-10,1.767746080307149e-09,True,7.62939453125e-06,True
PC1,state,18,2.1333333333333333,13.250078773721611,2.178360419863212e-10,1.633770314897409e-09,True,7.62939453125e-06,True
PC1,state,18,2.2,13.38609759635178,1.857705164696968e-10,1.633770314897409e-09,True,7.62939453125e-06,True
PC1,state,18,2.2666666666666666,13.372480876386144,1.8874398417309182e-10,1.633770314897409e-09,True,7.62939453125e-06,True
PC1,state,18,2.333333333333333,13.287565290504595,2.0845503596413094e-10,1.633770314897409e-09,True,7.62939453125e-06,True
PC1,state,18,2.4,13.352151578133627,1.9327693851389628e-10,1.633770314897409e-09,True,7.62939453125e-06,True
PC1,state,18,2.466666666666667,13.426067828982127,1.7732390756615974e-10,1.633770314897409e-09,True,7.62939453125e-06,True
PC1,state,18,2.533333333333333,13.474886652306637,1.6755294479469614e-10,1.633770314897409e-09,True,7.62939453125e-06,True
PC1,state,18,2.6,13.52225906776707,1.586125381322692e-10,1.633770314897409e-09,True,7.62939453125e-06,True
PC1,state,18,2.6666666666666665,13.548968293801494,1.537947085759814e-10,1.633770314897409e-09,True,7.62939453125e-06,True
PC1,state,18,2.7333333333333334,13.573906698276827,1.4943538463685936e-10,1.633770314897409e-09,True,7.62939453125e-06,True
PC1,state,18,2.8,13.594860631013228,1.4587323998260656e-10,1.633770314897409e-09,True,7.62939453125e-06,True
PC1,state,18,2.8666666666666667,13.585415689333486,1.474676641431856e-10,1.633770314897409e-09,True,7.62939453125e-06,True
PC1,state,18,2.933333333333333,13.549924386328705,1.536251332842731e-10,1.633770314897409e-09,True,7.62939453125e-06,True
PC1,state,18,3.0,13.515577446014676,1.5984247041827334e-10,1.633770314897409e-09,True,7.62939453125e-06,True
PC1,state,18,3.066666666666667,13.511076063612345,1.606767337732249e-10,1.633770314897409e-09,True,7.62939453125e-06,True
PC1,state,18,3.1333333333333333,13.52566707928761,1.5798904604529659e-10,1.633770314897409e-09,True,7.62939453125e-06,True
PC1,state,18,3.2,13.49349614655289,1.6397911467872974e-10,1.633770314897409e-09,True,7.62939453125e-06,True
PC1,state,18,3.2666666666666666,13.477836806216729,1.6698095735594394e-10,1.633770314897409e-09,True,7.62939453125e-06,True
PC1,state,18,3.333333333333333,13.506427319721778,1.6154312585789342e-10,1.633770314897409e-09,True,7.62939453125e-06,True
PC1,state,18,3.4,13.320660345626244,2.0052658538924208e-10,1.633770314897409e-09,True,7.62939453125e-06,True
PC1,state,18,3.466666666666667,12.807480503473045,3.692406447934957e-10,2.307754029959348e-09,True,7.62939453125e-06,True
PC1,state,18,3.533333333333333,12.61239343268496,4.681729001928409e-10,2.619917280073272e-09,True,7.62939453125e-06,True
PC1,state,18,3.6,12.606464177447767,4.71585110413189e-10,2.619917280073272e-09,True,7.62939453125e-06,True
PC1,state,18,3.6666666666666665,12.510949101677197,5.303138673967054e-10,2.743002762396752e-09,True,7.62939453125e-06,True
PC1,state,18,3.733333333333333,12.390088101087889,6.158693895464907e-10,2.9800131752249556e-09,True,7.62939453125e-06,True
PC1,state,18,3.8,12.272967549368603,7.127327391635952e-10,3.2396942689254326e-09,True,7.62939453125e-06,True
PC1,state,18,3.8666666666666663,12.18733203800478,7.936366106115919e-10,3.4905583936929343e-09,True,7.62939453125e-06,True
PC1,state,18,3.933333333333333,12.13212802992334,8.508707504205048e-10,3.545294793418771e-09,True,7.62939453125e-06,True
PC1,state,18,4.0,12.05187745781601,9.419429040453699e-10,3.818687448832581e-09,True,7.62939453125e-06,True
PC1,state,18,4.066666666666666,11.941986722428672,1.083628583147053e-09,4.145321762740898e-09,True,7.62939453125e-06,True
PC1,state,18,4.133333333333334,11.926438491550224,1.1054191367309063e-09,4.145321762740898e-09,True,7.62939453125e-06,True
PC1,state,18,4.2,11.795666491645564,1.3080027495507734e-09,4.671438391252763e-09,True,7.62939453125e-06,True
PC1,state,18,4.266666666666667,11.36065203880579,2.3143232616751995e-09,7.714410872250665e-09,True,7.62939453125e-06,True
PC1,state,18,4.333333333333333,11.10971239534944,3.241704546659674e-09,1.0345865574445773e-08,True,7.62939453125e-06,True
PC1,state,18,4.4,11.08544181627936,3.3501443814971322e-09,1.0469201192178536e-08,True,7.62939453125e-06,True
PC1,state,18,4.466666666666667,11.03746494442364,3.575876988134152e-09,1.0946562208573937e-08,True,7.62939453125e-06,True
PC1,state,18,4.533333333333333,10.96461476775296,3.9497080090773214e-09,1.1820857647310322e-08,True,7.62939453125e-06,True
PC1,state,18,4.6,10.939440908214804,4.088256498159987e-09,1.1820857647310322e-08,True,7.62939453125e-06,True
PC1,state,18,4.666666666666667,10.861041857448726,4.5534290785827535e-09,1.2887063429951191e-08,True,7.62939453125e-06,True
PC1,state,18,4.733333333333333,10.75283370503959,5.2888167432861924e-09,1.4166473419516585e-08,True,7.62939453125e-06,True
PC1,state,18,4.8,10.70735867149119,5.634194481224128e-09,1.4450802695756792e-08,True,7.62939453125e-06,True
PC1,state,18,4.866666666666666,10.678043778802992,5.869336509992617e-09,1.4450802695756792e-08,True,7.62939453125e-06,True
PC1,state,18,4.933333333333334,10.66814180312542,5.951073981658953e-09,1.4450802695756792e-08,True,7.62939453125e-06,True
PC1,state,18,5.0,10.762310711795887,5.2196834971880125e-09,1.4166473419516585e-08,True,7.62939453125e-06,True
PC1,state,18,5.066666666666666,10.76287660297564,5.215585572042282e-09,1.4166473419516585e-08,True,7.62939453125e-06,True
PC1,state,18,5.133333333333334,10.698651728905771,5.702983650412049e-09,1.4450802695756792e-08,True,7.62939453125e-06,True
PC1,state,18,5.2,10.66551009004422,5.972998447579474e-09,1.4450802695756792e-08,True,7.62939453125e-06,True
PC1,state,18,5.266666666666667,10.61442368640777,6.415835313453924e-09,1.5275798365366486e-08,True,7.62939453125e-06,True
PC1,state,18,5.333333333333333,10.57853664686446,6.747457042829857e-09,1.5814352444132476e-08,True,7.62939453125e-06,True
PC1,state,18,5.4,10.537129841155782,7.152583186065546e-09,1.6505961198612798e-08,True,7.62939453125e-06,True
PC1,state,18,5.466666666666667,10.488164543508423,7.664867749883433e-09,1.7420153977007803e-08,True,7.62939453125e-06,True
PC1,state,18,5.533333333333333,10.431456725302231,8.306691167899756e-09,1.8372223979746244e-08,True,7.62939453125e-06,True
PC1,state,18,5.6,10.373405739526548,9.022472853364508e-09,1.9614071420357625e-08,True,7.62939453125e-06,True
PC1,state,18,5.666666666666667,10.333572664787022,9.5508938421115e-09,2.046620109023893e-08,True,7.62939453125e-06,True
PC1,state,18,5.733333333333333,10.306420126789403,9.929652996655926e-09,2.0978140133780125e-08,True,7.62939453125e-06,True
PC1,state,18,5.8,10.2680200731117,1.0492449390148064e-08,2.1859269562808468e-08,True,7.62939453125e-06,True
PC1,state,18,5.866666666666666,10.218845799700867,1.1262486360552349e-08,2.3142095261408936e-08,True,7.62939453125e-06,True
PC1,state,18,5.933333333333334,10.173459952240908,1.2025938870745571e-08,2.4376903116376152e-08,True,7.62939453125e-06,True
PC1,state,18,6.0,10.104220282931816,1.3297038375333685e-08,2.6244154688158593e-08,True,7.62939453125e-06,True
PC1,state,18,6.066666666666666,10.03175947688334,1.4779361648572809e-08,2.8790964250466512e-08,True,7.62939453125e-06,True
PC1,state,18,6.133333333333334,9.97976794451996,1.5949205780726035e-08,3.06715495783193e-08,True,7.62939453125e-06,True
PC1,state,18,6.2,9.964449662716346,1.6312115850377703e-08,3.069627629507472e-08,True,7.62939453125e-06,True
PC1,state,18,6.266666666666667,9.96198351460897,1.6371347357373186e-08,3.069627629507472e-08,True,7.62939453125e-06,True
PC1,state,18,6.333333333333333,9.933715759758908,1.7066628663401985e-08,3.160486789518886e-08,True,7.62939453125e-06,True
PC1,state,18,6.4,9.905421629429664,1.7793655998871332e-08,3.2549370729642685e-08,True,7.62939453125e-06,True
PC1,state,18,6.466666666666667,9.891478221303002,1.816382308431218e-08,3.2826186296949726e-08,True,7.62939453125e-06,True
PC1,state,18,6.533333333333333,9.865321423781696,1.8880195397367687e-08,3.351910412608881e-08,True,7.62939453125e-06,True
PC1,state,18,6.6,9.851478848639744,1.9271249607428784e-08,3.351910412608881e-08,True,7.62939453125e-06,True
PC1,state,18,6.666666666666667,9.834420984475676,1.9764857923339445e-08,3.351910412608881e-08,True,7.62939453125e-06,True
PC1,state,18,6.733333333333333,9.820249086534332,2.0185040233536623e-08,3.351910412608881e-08,True,7.62939453125e-06,True
PC1,state,18,6.8,9.815268609158736,2.0334923169827216e-08,3.351910412608881e-08,True,7.62939453125e-06,True
PC1,state,18,6.866666666666666,9.817504002443297,2.0267507117122738e-08,3.351910412608881e-08,True,7.62939453125e-06,True
PC1,state,18,6.933333333333334,9.815471844076775,2.032878420258843e-08,3.351910412608881e-08,True,7.62939453125e-06,True
PC1,state,18,7.0,9.6451937601398,2.6221940237937265e-08,4.0549392120521546e-08,True,7.62939453125e-06,True
PC1,state,18,7.066666666666666,9.595460819153615,2.826284183675597e-08,4.2822487631448455e-08,True,7.62939453125e-06,True
PC1,state,18,7.133333333333334,9.562738415710124,2.96960233994216e-08,4.357373952239695e-08,True,7.62939453125e-06,True
PC1,state,18,7.2,9.529174168653896,3.124549204965614e-08,4.506561353315789e-08,True,7.62939453125e-06,True
PC1,state,18,7.266666666666667,9.487395171126453,3.3293485287918183e-08,4.7113422577242725e-08,True,7.62939453125e-06,True
PC1,state,18,7.333333333333333,9.454823710676298,3.4987573000862374e-08,4.859385139008663e-08,True,7.62939453125e-06,True
PC1,state,18,7.4,9.41302137969249,3.7295226554375854e-08,5.1323706267489705e-08,True,7.62939453125e-06,True
PC1,state,18,7.466666666666667,9.38395861941018,3.8993261925026945e-08,5.2693597195982357e-08,True,7.62939453125e-06,True
PC1,state,18,7.533333333333333,9.358325360138174,4.055820754815573e-08,5.431902796628e-08,True,7.62939453125e-06,True
PC1,state,18,7.6,9.572099444668686,2.927840596719983e-08,4.357373952239695e-08,True,7.62939453125e-06,True
PC1,state,18,7.666666666666667,9.779365533128724,2.1450546349455263e-08,3.4909882951843416e-08,True,7.62939453125e-06,True
PC1,state,18,7.733333333333333,9.773335607033305,2.1644127430142917e-08,3.4909882951843416e-08,True,7.62939453125e-06,True
PC1,state,18,7.8,9.74166838880045,2.2691279857575537e-08,3.6209489134429056e-08,True,7.62939453125e-06,True
PC1,state,18,7.866666666666666,9.703586131533058,2.4021368104813186e-08,3.792847595496818e-08,True,7.62939453125e-06,True
PC1,state,18,7.933333333333334,9.65426550845599,2.5866642162660413e-08,4.041662837915689e-08,True,7.62939453125e-06,True
PC1,state,18,8.0,9.618622639182242,2.729236805755219e-08,4.177403274115131e-08,True,7.62939453125e-06,True
PC1,state,18,8.066666666666666,9.557760615787128,2.9920634472045906e-08,4.357373952239695e-08,True,7.62939453125e-06,True
PC1,state,18,8.133333333333333,9.505255556998332,3.2401263922691433e-08,4.628751988955918e-08,True,7.62939453125e-06,True
PC1,state,18,8.2,9.463107341335787,3.4548333269950164e-08,4.8432242901799296e-08,True,7.62939453125e-06,True
PC1,state,18,8.266666666666667,9.404425501077316,3.7789226794370124e-08,5.153076381050471e-08,True,7.62939453125e-06,True
PC1,state,18,8.333333333333334,9.317544954621445,4.3185040851190376e-08,5.7325275466181904e-08,True,7.62939453125e-06,True
PC1,state,18,8.4,9.250731183226208,4.78812602726895e-08,6.300165825353881e-08,True,7.62939453125e-06,True
PC1,state,18,8.466666666666667,9.192203545937844,5.2435013514261846e-08,6.839349588816761e-08,True,7.62939453125e-06,True
PC1,state,18,8.533333333333333,9.120758352151244,5.861643212762955e-08,7.51515561620866e-08,True,7.62939453125e-06,True
PC1,state,18,8.6,9.04625223705348,6.58819932138007e-08,8.374829645822123e-08,True,7.62939453125e-06,True
PC1,state,18,8.666666666666666,8.946598641152596,7.710566573497064e-08,9.719201563231593e-08,True,7.62939453125e-06,True
PC1,state,18,8.733333333333333,8.874314072951545,8.64893965162917e-08,1.0811174564536463e-07,True,7.62939453125e-06,True
PC1,state,18,8.8,8.804993858688853,9.661600327768283e-08,1.1879016796436413e-07,True,7.62939453125e-06,True
PC1,state,18,8.866666666666667,8.733963331171314,1.0828852996248373e-07,1.3205918288107772e-07,True,7.62939453125e-06,True
PC1,state,18,8.933333333333334,8.679774004120157,1.1818168090365373e-07,1.4296171077054885e-07,True,7.62939453125e-06,True
PC1,state,18,9.0,8.635255196990153,1.2701601668482498e-07,1.5241922002179e-07,True,7.62939453125e-06,True
PC1,state,18,9.066666666666666,8.570471725661724,1.411258075201379e-07,1.680069137144499e-07,True,7.62939453125e-06,True
PC1,state,18,9.133333333333333,8.521837768285085,1.5279090681677874e-07,1.7905184392591257e-07,True,7.62939453125e-06,True
PC1,state,18,9.2,8.475030173600528,1.6497314557192557e-07,1.9182923903712282e-07,True,7.62939453125e-06,True
PC1,state,18,9.266666666666667,8.426257245895494,1.787530771756833e-07,2.062535505873269e-07,True,7.62939453125e-06,True
PC1,state,18,9.333333333333334,8.378050701037994,1.9356007337861578e-07,2.2163367180757533e-07,True,7.62939453125e-06,True
PC1,state,18,9.4,8.344269562025614,2.0469669427375814e-07,2.3260987985654333e-07,True,7.62939453125e-06,True
PC1,state,18,9.466666666666669,8.313010721433562,2.155992746839646e-07,2.4315707671123826e-07,True,7.62939453125e-06,True
PC1,state,18,9.533333333333331,8.276081673594017,2.292665089553963e-07,2.566416145023093e-07,True,7.62939453125e-06,True
PC1,state,18,9.6,8.238592472634524,2.4407052520405885e-07,2.69195432210359e-07,True,7.62939453125e-06,True
PC1,state,18,9.666666666666666,8.170599981235492,2.735258264209603e-07,2.994808318477667e-07,True,7.62939453125e-06,True
PC1,state,18,9.733333333333333,8.095731633346361,3.1029962960624604e-07,3.372822060937457e-07,True,7.62939453125e-06,True
PC1,state,18,9.8,7.976105629435545,3.801564932779478e-07,4.073105285120869e-07,True,7.62939453125e-06,True
PC1,state,18,9.866666666666667,7.834818563537806,4.843353719530004e-07,5.152503956946813e-07,True,7.62939453125e-06,True
PC1,state,18,9.933333333333334,7.729287419986659,5.813648381459828e-07,6.141177867739255e-07,True,7.62939453125e-06,True
PC1,dose,18,0.0,1.2650016617406177,0.2229368624455826,0.2675242349346991,False,,False
PC1,dose,18,0.0666666666666666,1.3799541864588591,0.1854807907780163,0.2252803126858497,False,,False
PC1,dose,18,0.1333333333333333,1.448935074738745,0.1655511520243863,0.2069389400304829,False,,False
PC1,dose,18,0.2,1.524169714705103,0.1458529474888583,0.1997694697683307,False,,False
PC1,dose,18,0.2666666666666666,1.617045607148448,0.1242720819057743,0.1856373083955288,False,,False
PC1,dose,18,0.3333333333333333,1.7032990898800116,0.1067224418721454,0.1694007013843578,False,,False
PC1,dose,18,0.4,1.79690744048631,0.0901392551480886,0.1492200588160227,False,,False
PC1,dose,18,0.4666666666666667,1.875920188173448,0.0779453645465449,0.1328614168407016,False,,False
PC1,dose,18,0.5333333333333333,1.9412847795184336,0.068987595976661,0.1203272022848738,False,,False
PC1,dose,18,0.6,2.034119918080924,0.0578486159372442,0.104545691452851,False,,False
PC1,dose,18,0.6666666666666666,2.1181191272312807,0.0492009316385003,0.0916787546059013,False,0.0212860107421875,True
PC1,dose,18,0.7333333333333333,2.2093706697918494,0.0411583418310276,0.078646513052919,False,0.0212860107421875,True
PC1,dose,18,0.8,2.32785014728052,0.032523973195849,0.0722635046315464,False,0.0212860107421875,True
PC1,dose,18,0.8666666666666667,2.488304491835017,0.0235033669810875,0.0691275499443751,False,0.0212860107421875,True
PC1,dose,18,0.9333333333333332,2.588632618075938,0.0191241870955483,0.0568045161253909,False,0.0212860107421875,True
PC1,dose,18,1.0,2.7194483723958025,0.0145708105569523,0.0441539713847039,True,0.0212860107421875,True
PC1,dose,18,1.0666666666666669,2.856033967228747,0.0109339728516802,0.0348956580372774,True,0.0212860107421875,True
PC1,dose,18,1.1333333333333333,2.957981491947818,0.0088086384558526,0.0334170729193455,True,0.0212860107421875,True
PC1,dose,18,1.2,3.017837649475933,0.0077539852741946,0.0330181150818507,True,0.0212860107421875,True
PC1,dose,18,1.2666666666666666,3.098790060129059,0.006521424666709,0.0330181150818507,True,0.0212860107421875,True
PC1,dose,18,1.3333333333333333,3.190452640211568,0.0053564514343941,0.0330181150818507,True,0.0212860107421875,True
PC1,dose,18,1.4,3.250486203982915,0.0047069245778905,0.0330181150818507,True,0.0212860107421875,True
PC1,dose,18,1.4666666666666666,3.271069669588864,0.0045025893574043,0.0330181150818507,True,0.0212860107421875,True
PC1,dose,18,1.5333333333333334,3.2440000643857685,0.0047731859490109,0.0330181150818507,True,0.0212860107421875,True
PC1,dose,18,1.6,3.250442734774284,0.0047073656234673,0.0330181150818507,True,0.0212860107421875,True
PC1,dose,18,1.6666666666666667,3.25430824453545,0.0046683042066291,0.0330181150818507,True,0.0212860107421875,True
PC1,dose,18,1.7333333333333334,3.2658590036142274,0.0045534748795712,0.0330181150818507,True,0.0212860107421875,True
PC1,dose,18,1.8,3.268618523181936,0.0045264562038303,0.0330181150818507,True,0.0212860107421875,True
PC1,dose,18,1.8666666666666667,3.2722909795823285,0.0044907437788541,0.0330181150818507,True,0.0212860107421875,True
PC1,dose,18,1.9333333333333331,3.2856440001191443,0.0043632189297294,0.0330181150818507,True,0.0212860107421875,True
PC1,dose,18,2.0,3.2949587078959106,0.0042763819371288,0.0330181150818507,True,0.0212860107421875,True
PC1,dose,18,2.066666666666667,3.2966686049159835,0.0042606275122913,0.0330181150818507,True,0.0212860107421875,True
PC1,dose,18,2.1333333333333333,3.2836940507128904,0.004381616378241,0.0330181150818507,True,0.0212860107421875,True
PC1,dose,18,2.2,3.267798083183474,0.0045344726530116,0.0330181150818507,True,0.0212860107421875,True
PC1,dose,18,2.2666666666666666,3.254772940930053,0.0046636299436436,0.0330181150818507,True,0.0212860107421875,True
PC1,dose,18,2.333333333333333,3.2430172790058336,0.0047833057212488,0.0330181150818507,True,0.0212860107421875,True
PC1,dose,18,2.4,3.2269852175086933,0.0049514016864936,0.0330181150818507,True,0.0212860107421875,True
PC1,dose,18,2.466666666666667,3.2170374724892903,0.0050586116154446,0.0330181150818507,True,0.0212860107421875,True
PC1,dose,18,2.533333333333333,3.2096602104699232,0.0051395897744444,0.0330181150818507,True,0.0212860107421875,True
PC1,dose,18,2.6,3.201826250102953,0.0052269762462835,0.0330181150818507,True,0.0212860107421875,True
PC1,dose,18,2.6666666666666665,3.1928909216934533,0.005328431745938,0.0330181150818507,True,0.0212860107421875,True
PC1,dose,18,2.7333333333333334,3.1816175493960404,0.0054591981436123,0.0330181150818507,True,0.0212860107421875,True
PC1,dose,18,2.8,3.1690193080386617,0.0056090629189765,0.0330181150818507,True,0.0212860107421875,True
PC1,dose,18,2.8666666666666667,3.164841695277582,0.0056596444726316,0.0330181150818507,True,0.0212860107421875,True
PC1,dose,18,2.933333333333333,3.151461307221631,0.0058246821701007,0.0330181150818507,True,0.0212860107421875,True
PC1,dose,18,3.0,3.133748446784471,0.0060504351645986,0.0330181150818507,True,0.0212860107421875,True
PC1,dose,18,3.066666666666667,3.119895268846777,0.0062329516162698,0.0330181150818507,True,0.0212860107421875,True
PC1,dose,18,3.1333333333333333,3.112698490293502,0.0063298872157113,0.0330181150818507,True,0.0212860107421875,True
PC1,dose,18,3.2,3.1158453459057776,0.0062873209650108,0.0330181150818507,True,0.0212860107421875,True
PC1,dose,18,3.2666666666666666,3.1037221591646875,0.0064528627246767,0.0330181150818507,True,0.0212860107421875,True
PC1,dose,18,3.333333333333333,3.084636330908213,0.0067221598643544,0.0330181150818507,True,0.0212860107421875,True
PC1,dose,18,3.4,3.1294562142864817,0.0061064183760582,0.0330181150818507,True,0.0212860107421875,True
PC1,dose,18,3.466666666666667,3.2434838056184145,0.0047784992512445,0.0330181150818507,True,0.0212860107421875,True
PC1,dose,18,3.533333333333333,3.2469963834886006,0.004742462669887,0.0330181150818507,True,0.0212860107421875,True
PC1,dose,18,3.6,3.203372647660653,0.0052096115435274,0.0330181150818507,True,0.0212860107421875,True
PC1,dose,18,3.6666666666666665,3.174656650783873,0.0055415100534699,0.0330181150818507,True,0.0212860107421875,True
PC1,dose,18,3.733333333333333,3.13994861566529,0.0059704540210342,0.0330181150818507,True,0.0212860107421875,True
PC1,dose,18,3.8,3.100702062418958,0.0064947613965905,0.0330181150818507,True,0.0212860107421875,True
PC1,dose,18,3.8666666666666663,3.063532561244231,0.0070327307253162,0.0330181150818507,True,0.0212860107421875,True
PC1,dose,18,3.933333333333333,3.034119579759624,0.0074890746321134,0.0330181150818507,True,0.0212860107421875,True
PC1,dose,18,4.0,3.0146615095754563,0.0078067165633402,0.0330181150818507,True,0.0212860107421875,True
PC1,dose,18,4.066666666666666,2.9948005784486784,0.0081444683868565,0.0330181150818507,True,0.0212860107421875,True
PC1,dose,18,4.133333333333334,2.9569469295250266,0.0088280417724673,0.0334170729193455,True,0.0212860107421875,True
PC1,dose,18,4.2,2.952536894926073,0.0089112194451588,0.0334170729193455,True,0.0212860107421875,True
PC1,dose,18,4.266666666666667,3.015976470219906,0.0077848428945706,0.0330181150818507,True,0.0212860107421875,True
PC1,dose,18,4.333333333333333,3.031177878319853,0.007536274279932,0.0330181150818507,True,0.0212860107421875,True
PC1,dose,18,4.4,3.0119834763496365,0.0078514496326063,0.0330181150818507,True,0.0212860107421875,True
PC1,dose,18,4.466666666666667,3.004690417797537,0.0079745410474987,0.0330181150818507,True,0.0212860107421875,True
PC1,dose,18,4.533333333333333,3.008123868976524,0.0079163591546402,0.0330181150818507,True,0.0212860107421875,True
PC1,dose,18,4.6,3.0116795816572672,0.0078565415563342,0.0330181150818507,True,0.0212860107421875,True
PC1,dose,18,4.666666666666667,3.0165276667611205,0.0077756918162812,0.0330181150818507,True,0.0212860107421875,True
PC1,dose,18,4.733333333333333,3.023863278786798,0.0076548985783701,0.0330181150818507,True,0.0212860107421875,True
PC1,dose,18,4.8,3.032385832499726,0.0075168576194105,0.0330181150818507,True,0.0212860107421875,True
PC1,dose,18,4.866666666666666,3.032165884860506,0.0075203894206227,0.0330181150818507,True,0.0212860107421875,True
PC1,dose,18,4.933333333333334,3.03224429782154,0.0075191301216877,0.0330181150818507,True,0.0212860107421875,True
PC1,dose,18,5.0,3.065847232153383,0.0069979940487179,0.0330181150818507,True,0.0212860107421875,True
PC1,dose,18,5.066666666666666,3.0770900437929005,0.0068316421543494,0.0330181150818507,True,0.0212860107421875,True
PC1,dose,18,5.133333333333334,3.067821057821466,0.0069685049798992,0.0330181150818507,True,0.0212860107421875,True
PC1,dose,18,5.2,3.0672492320669327,0.0069770355730125,0.0330181150818507,True,0.0212860107421875,True
PC1,dose,18,5.266666666666667,3.067333300136031,0.0069757807918166,0.0330181150818507,True,0.0212860107421875,True
PC1,dose,18,5.333333333333333,3.052271630724332,0.0072041430675144,0.0330181150818507,True,0.0212860107421875,True
PC1,dose,18,5.4,3.042847439870068,0.0073507271468189,0.0330181150818507,True,0.0212860107421875,True
PC1,dose,18,5.466666666666667,3.0415768172596374,0.0073707118499617,0.0330181150818507,True,0.0212860107421875,True
PC1,dose,18,5.533333333333333,3.0359765404297594,0.0074594283024514,0.0330181150818507,True,0.0212860107421875,True
PC1,dose,18,5.6,3.029704934781514,0.0075600165966904,0.0330181150818507,True,0.0212860107421875,True
PC1,dose,18,5.666666666666667,3.030504082567891,0.0075471261256223,0.0330181150818507,True,0.0212860107421875,True
PC1,dose,18,5.733333333333333,3.02832453636641,0.007582333407547,0.0330181150818507,True,0.0212860107421875,True
PC1,dose,18,5.8,3.0285178747347845,0.0075792038531733,0.0330181150818507,True,0.0212860107421875,True
PC1,dose,18,5.866666666666666,3.0271460435185453,0.0076014368638547,0.0330181150818507,True,0.0212860107421875,True
PC1,dose,18,5.933333333333334,3.0193335033077893,0.00772927107438,0.0330181150818507,True,0.0212860107421875,True
PC1,dose,18,6.0,3.0139915482615494,0.007817884039947,0.0330181150818507,True,0.0212860107421875,True
PC1,dose,18,6.066666666666666,3.006802546666951,0.0079387006249132,0.0330181150818507,True,0.0212860107421875,True
PC1,dose,18,6.133333333333334,3.0004863926224097,0.0080463483786667,0.0330181150818507,True,0.0212860107421875,True
PC1,dose,18,6.2,2.995198625791438,0.0081375615192943,0.0330181150818507,True,0.0212860107421875,True
PC1,dose,18,6.266666666666667,2.9760140838436704,0.008477021994573,0.0334170729193455,True,0.0212860107421875,True
PC1,dose,18,6.333333333333333,2.978977563334236,0.0084236989641435,0.0334170729193455,True,0.0212860107421875,True
PC1,dose,18,6.4,2.962729974263235,0.0087201108343459,0.0334170729193455,True,0.0212860107421875,True
PC1,dose,18,6.466666666666667,2.927584388819976,0.0093963868526138,0.0345630352487753,True,0.0212860107421875,True
PC1,dose,18,6.533333333333333,2.91786039733924,0.009592319951555,0.0345630352487753,True,0.0212860107421875,True
PC1,dose,18,6.6,2.9095643900131427,0.0097626086687448,0.0345630352487753,True,0.0212860107421875,True
PC1,dose,18,6.666666666666667,2.901489964630464,0.0099311626003238,0.0345630352487753,True,0.0212860107421875,True
PC1,dose,18,6.733333333333333,2.8916742934530326,0.0101398667183233,0.0345630352487753,True,0.0212860107421875,True
PC1,dose,18,6.8,2.881552782342677,0.0103595220560214,0.0345630352487753,True,0.0212860107421875,True
PC1,dose,18,6.866666666666666,2.871839983960112,0.0105746361632507,0.0345630352487753,True,0.0212860107421875,True
PC1,dose,18,6.933333333333334,2.8675777688628465,0.0106703927683934,0.0345630352487753,True,0.0212860107421875,True
PC1,dose,18,7.0,2.7950493770807725,0.0124342456023493,0.0388570175073416,True,0.0212860107421875,True
PC1,dose,18,7.066666666666666,2.789254330119959,0.0125867225997416,0.0389280080404381,True,0.0212860107421875,True
PC1,dose,18,7.133333333333334,2.7825491867687977,0.0127653942531851,0.0390777375097506,True,0.0212860107421875,True
PC1,dose,18,7.2,2.8183762945197537,0.0118382945994151,0.0373840882086793,True,0.0212860107421875,True
PC1,dose,18,7.266666666666667,2.8656251460548217,0.0107145409271203,0.0345630352487753,True,0.0212860107421875,True
PC1,dose,18,7.333333333333333,2.873300347704983,0.010542018771157,0.0345630352487753,True,0.0212860107421875,True
PC1,dose,18,7.4,2.891996457318069,0.0101329497946106,0.0345630352487753,True,0.0212860107421875,True
PC1,dose,18,7.466666666666667,2.903168218496264,0.0098958983242639,0.0345630352487753,True,0.0212860107421875,True
PC1,dose,18,7.533333333333333,2.908610799061329,0.0097823695147598,0.0345630352487753,True,0.0212860107421875,True
PC1,dose,18,7.6,2.667144932392464,0.0162507162557777,0.0487521487673331,True,0.0212860107421875,True
PC1,dose,18,7.666666666666667,2.356086193278403,0.0307315433707164,0.0722635046315464,False,0.0212860107421875,True
PC1,dose,18,7.733333333333333,2.2479729543242946,0.0381359183128856,0.0755283463524212,False,0.0212860107421875,True
PC1,dose,18,7.8,2.240315868564835,0.0387186067623085,0.0759188367888402,False,0.0212860107421875,True
PC1,dose,18,7.866666666666666,2.234955964531984,0.0391313744537341,0.0762299502345469,False,0.0212860107421875,True
PC1,dose,18,7.933333333333334,2.229141716693254,0.0395837304416573,0.0766136718225626,False,0.0212860107421875,True
PC1,dose,18,8.0,2.249192938706483,0.0380438333513196,0.0755283463524212,False,0.0212860107421875,True
PC1,dose,18,8.066666666666666,2.290280361244716,0.0350602888023875,0.0722635046315464,False,0.0212860107421875,True
PC1,dose,18,8.133333333333333,2.303738709529374,0.0341312801525176,0.0722635046315464,False,0.0212860107421875,True
PC1,dose,18,8.2,2.300885830889752,0.0343262757588885,0.0722635046315464,False,0.0212860107421875,True
PC1,dose,18,8.266666666666667,2.301478661146739,0.0342856704014162,0.0722635046315464,False,0.0212860107421875,True
PC1,dose,18,8.333333333333334,2.3114313763436733,0.0336106092780446,0.0722635046315464,False,0.0212860107421875,True
PC1,dose,18,8.4,2.316859306574724,0.0332476865380976,0.0722635046315464,False,0.0212860107421875,True
PC1,dose,18,8.466666666666667,2.313936248349284,0.0334426721627977,0.0722635046315464,False,0.0212860107421875,True
PC1,dose,18,8.533333333333333,2.31030283253528,0.0336865279549321,0.0722635046315464,False,0.0212860107421875,True
PC1,dose,18,8.6,2.312782714259732,0.0335199125927622,0.0722635046315464,False,0.0212860107421875,True
PC1,dose,18,8.666666666666666,2.3264495872012634,0.0326153721562451,0.0722635046315464,False,0.0212860107421875,True
PC1,dose,18,8.733333333333333,2.3328271161097303,0.0322011112503391,0.0722635046315464,False,0.0212860107421875,True
PC1,dose,18,8.8,2.3366418006821617,0.0319556752926527,0.0722635046315464,False,0.0212860107421875,True
PC1,dose,18,8.866666666666667,2.3409549738131155,0.0316802705175723,0.0722635046315464,False,0.0212860107421875,True
PC1,dose,18,8.933333333333334,2.3452533479128594,0.0314080168993004,0.0722635046315464,False,0.0212860107421875,True
PC1,dose,18,9.0,2.355425816682847,0.0307723886452111,0.0722635046315464,False,0.0212860107421875,True
PC1,dose,18,9.066666666666666,2.3629788787650683,0.0303082359970745,0.0722635046315464,False,0.0212860107421875,True
PC1,dose,18,9.133333333333333,2.3621033922163184,0.0303616991246025,0.0722635046315464,False,0.0212860107421875,True
PC1,dose,18,9.2,2.358483107542541,0.0305837161754905,0.0722635046315464,False,0.0212860107421875,True
PC1,dose,18,9.266666666666667,2.3570264333978037,0.0306734755800416,0.0722635046315464,False,0.0212860107421875,True
PC1,dose,18,9.333333333333334,2.3591436043748573,0.0305430977387297,0.0722635046315464,False,0.0212860107421875,True
PC1,dose,18,9.4,2.358504083354568,0.0305824254540431,0.0722635046315464,False,0.0212860107421875,True
PC1,dose,18,9.466666666666669,2.346805019189498,0.0313102739888517,0.0722635046315464,False,0.0212860107421875,True
PC1,dose,18,9.533333333333331,2.33928643429546,0.0317865462489901,0.0722635046315464,False,0.0212860107421875,True
PC1,dose,18,9.6,2.3384961066736825,0.0318370013581928,0.0722635046315464,False,0.0212860107421875,True
PC1,dose,18,9.666666666666666,2.3585728437509363,0.0305781947226647,0.0722635046315464,False,0.0212860107421875,True
PC1,dose,18,9.733333333333333,2.357925266647662,0.0306180609441061,0.0722635046315464,False,0.0212860107421875,True
PC1,dose,18,9.8,2.3462205995087007,0.0313470543600882,0.0722635046315464,False,0.0212860107421875,True
PC1,dose,18,9.866666666666667,2.3338449748496406,0.032135450935292,0.0722635046315464,False,0.0212860107421875,True
PC1,dose,18,9.933333333333334,2.328492441527808,0.0324821377504718,0.0722635046315464,False,0.0212860107421875,True
PC1,dose,18,10.0,2.324094043586143,0.032769632654458,0.0722635046315464,False,0.0212860107421875,True
PC1,dose,18,10.066666666666666,2.3168678026903,0.0332471213429836,0.0722635046315464,False,0.0212860107421875,True
PC1,dose,18,10.133333333333333,2.3074804713689865,0.0338770916678128,0.0722635046315464,False,0.0212860107421875,True
PC1,dose,18,10.2,2.305075766185948,0.0340402469478781,0.0722635046315464,False,0.0212860107421875,True
PC1,dose,18,10.266666666666667,2.2987742081288154,0.0344712732238893,0.0722635046315464,False,0.0212860107421875,True
PC1,dose,18,10.333333333333334,2.295658124462259,0.0346862844684744,0.0722635046315464,False,0.0212860107421875,True
PC1,dose,18,10.4,2.29296864327526,0.0348728621281605,0.0722635046315464,False,0.0212860107421875,True
PC1,dose,18,10.466666666666669,2.287218311847578,0.0352749150612687,0.0722635046315464,False,0.0212860107421875,True
PC1,dose,18,10.533333333333331,2.287064549857861,0.0352857247339087,0.0722635046315464,False,0.0212860107421875,True
PC1,dose,18,10.6,2.2848298950118053,0.0354431718039452,0.0722635046315464,False,0.0212860107421875,True
PC1,dose,18,10.666666666666666,2.287482696242357,0.0352563356811239,0.0722635046315464,False,0.0212860107421875,True
PC1,dose,18,10.733333333333333,2.2851076986613497,0.0354235631220764,0.0722635046315464,False,0.0212860107421875,True
PC1,dose,18,10.8,2.2841063310925818,0.0354942916843134,0.0722635046315464,False,0.0212860107421875,True
PC1,dose,18,10.866666666666667,2.281908407701495,0.0356499956182295,0.0722635046315464,False,0.0212860107421875,True
PC1,dose,18,10.933333333333334,2.2847550250806985,0.0354484581991551,0.0722635046315464,False,0.0212860107421875,True
PC1,dose,18,11.0,2.274525410873043,0.0361776739750062,0.0728409543120932,False,0.0212860107421875,True
PC1,dose,18,11.066666666666666,2.246231845419797,0.0382676954852267,0.0755283463524212,False,0.0212860107421875,True
PC1,dose,18,11.133333333333333,2.210893500672106,0.0410350351404694,0.078646513052919,False,0.0212860107421875,True
PC1,dose,18,11.2,2.1862920366795087,0.0430693748173927,0.0817772939570748,False,0.0212860107421875,True
PC1,dose,18,11.266666666666667,2.1614819799104774,0.0452146191671013,0.0853106022020779,False,0.0212860107421875,True
PC1,dose,18,11.333333333333334,2.140885218124052,0.0470696192181235,0.0882555360339817,False,0.0212860107421875,True
PC1,dose,18,11.4,2.113386109427257,0.0496549584835976,0.091953626821477,False,0.0212860107421875,True
PC1,dose,18,11.466666666666669,2.090320319465487,0.0519228360925224,0.0955635020107776,False,,False
PC1,dose,18,11.533333333333331,2.069612185447061,0.0540388869574292,0.0988516224831023,False,,False
PC1,dose,18,11.6,2.0441288324278064,0.0567503383967749,0.1031824334486816,False,,False
PC1,dose,18,11.666666666666666,2.02256029059889,0.0591409720828228,0.1062412672146518,False,,False
PC1,dose,18,11.733333333333333,1.9987474029052323,0.0618858043545772,0.1105103649188879,False,,False
PC1,dose,18,11.8,1.9828755207589124,0.0637785583181582,0.1132163757127069,False,,False
PC1,dose,18,11.866666666666667,1.9629837279931532,0.0662241474423741,0.1168661425453662,False,,False
PC1,dose,18,11.933333333333334,1.9429754529607213,0.06876862984861,0.1203272022848738,False,,False
PC1,dose,18,12.0,1.9242297091210685,0.0712315947130237,0.1235229966121798,False,,False
PC1,dose,18,12.066666666666666,1.90591341639362,0.0737139105994278,0.1270929493093584,False,,False
PC1,dose,18,12.133333333333333,1.8901661918618395,0.0759093496756088,0.1301303137296152,False,,False
PC1,dose,18,12.2,1.8669718223588665,0.0792488883042698,0.1343201496682539,False,,False
PC1,dose,18,12.266666666666667,1.8440872068717005,0.0826707386849535,0.1393327056487981,False,,False
PC1,dose,18,12.333333333333334,1.824707397105648,0.0856698900072919,0.1435808212412714,False,,False
PC1,dose,18,12.4,1.8076892293572375,0.0883821441829397,0.1473035736382329,False,,False
PC1,dose,18,12.466666666666669,1.794554053515633,0.0905268356817204,0.1492200588160227,False,,False
PC1,dose,18,12.533333333333331,1.7862089253415978,0.091912994440063,0.1506770400656771,False,,False
PC1,dose,18,12.6,1.778520898959976,0.0932064123509818,0.1519669766592095,False,,False
PC1,dose,18,12.666666666666666,1.7632072929302929,0.0958302190749564,0.1554003552566861,False,,False
PC1,dose,18,12.733333333333333,1.7342090201587392,0.1009755422951668,0.1628637778954304,False,,False
PC1,dose,18,12.8,1.7079847643026902,0.1058334802140142,0.1688832131074695,False,,False
PC1,dose,18,12.866666666666667,1.6913061926267308,0.1090271402115781,0.1710620127604459,False,,False
PC1,dose,18,12.933333333333334,1.6801027839740428,0.1112187398508181,0.1728788702344322,False,,False
PC1,dose,18,13.0,1.6661828936442946,0.1139944194776543,0.176280030120084,False,,False
PC1,dose,18,13.066666666666666,1.6479174902165146,0.1177265839006141,0.1792790617775849,False,,False
PC1,dose,18,13.133333333333333,1.6314264171261943,0.1211854646220076,0.1836143403363752,False,,False
PC1,dose,18,13.2,1.6165621638572931,0.1243769966250043,0.1856373083955288,False,,False
PC1,dose,18,13.266666666666667,1.599573575387787,0.1281118559718095,0.1887787869042634,False,,False
PC1,dose,18,13.333333333333334,1.5836144691021252,0.1317065158076747,0.1927412426453776,False,,False
PC1,dose,18,13.4,1.5627500903087284,0.1365341726863148,0.1969242875283387,False,,False
PC1,dose,18,13.466666666666669,1.5471758683430887,0.14023405094669,0.1992541869336835,False,,False
PC1,dose,18,13.533333333333331,1.5420481106547763,0.1414704727229153,0.1992541869336835,False,,False
PC1,dose,18,13.6,1.5383721830630772,0.1423624310742974,0.1995735015060245,False,,False
PC1,dose,18,13.666666666666666,1.5278929928558616,0.144931045307126,0.1997694697683307,False,,False
PC1,dose,18,13.733333333333333,1.5111482566537895,0.1491156625472089,0.1997694697683307,False,,False
PC1,dose,18,13.8,1.5047797542055596,0.1507333623581298,0.1997694697683307,False,,False
PC1,dose,18,13.866666666666667,1.4929624580987748,0.153773753524406,0.1997694697683307,False,,False
PC1,dose,18,13.933333333333334,1.4886278920441542,0.1549016275731105,0.1997694697683307,False,,False
PC1,dose,18,14.0,1.4802014629786455,0.1571138134663821,0.1997694697683307,False,,False
PC1,dose,18,14.066666666666666,1.4763138010830084,0.1581432033126283,0.1997694697683307,False,,False
PC1,dose,18,14.133333333333333,1.476421311106509,0.158114661738489,0.1997694697683307,False,,False
PC1,dose,18,14.2,1.4800574450821038,0.1571518481238492,0.1997694697683307,False,,False
PC1,dose,18,14.266666666666667,1.486208438874289,0.1555341522946663,0.1997694697683307,False,,False
PC1,dose,18,14.333333333333334,1.4907442073648471,0.1543500999454995,0.1997694697683307,False,,False
PC1,dose,18,14.4,1.4917573211465096,0.1540866509393423,0.1997694697683307,False,,False
PC1,dose,18,14.466666666666669,1.4851393011986171,0.1558143399562127,0.1997694697683307,False,,False
PC1,dose,18,14.533333333333331,1.4847925120707792,0.1559053121832264,0.1997694697683307,False,,False
PC1,dose,18,14.6,1.4823960971077323,0.1565351580165767,0.1997694697683307,False,,False
PC1,dose,18,14.666666666666666,1.4750321576776997,0.1584837793495423,0.1997694697683307,False,,False
PC1,dose,18,14.733333333333333,1.487343367548055,0.1552371790035742,0.1997694697683307,False,,False
PC1,dose,18,14.8,1.5078447572300115,0.1499529922695614,0.1997694697683307,False,,False
PC1,dose,18,14.866666666666667,1.532472141213591,0.1438039009679381,0.1997276402332474,False,,False
PC1,dose,18,14.933333333333334,1.552023248284632,0.1390735759079146,0.1986765370113066,False,,False
PC1,dose,18,15.0,1.565452956642363,0.1359004978926899,0.1969242875283387,False,,False
PC1,dose,18,15.066666666666666,1.5984168598656092,0.1283695750948991,0.1887787869042634,False,,False
PC1,dose,18,15.133333333333333,1.6281634052756295,0.1218800313476846,0.1837387407251528,False,,False
PC1,dose,18,15.2,1.6583078130892104,0.1155909107661325,0.1769248634175498,False,,False
PC1,dose,18,15.266666666666667,1.6889769921257003,0.1094796881666854,0.1710620127604459,False,,False
PC1,dose,18,15.333333333333334,1.7080001986629283,0.1058305626264989,0.1688832131074695,False,,False
PC1,dose,18,15.4,1.689472622581401,0.1093832552154072,0.1710620127604459,False,,False
PC1,dose,18,15.466666666666669,1.6597143925118698,0.1153043616530765,0.1769248634175498,False,,False
PC1,dose,18,15.533333333333331,1.6109464919237382,0.1256012102544095,0.1865364508728855,False,,False
PC1,dose,18,15.6,1.5729840514236364,0.1341479093191373,0.1953610329890349,False,,False
PC1,dose,18,15.666666666666666,1.554747783724026,0.1384248596639201,0.1986765370113066,False,,False
PC1,dose,18,15.733333333333333,1.5422053202229125,0.1414324306192803,0.1992541869336835,False,,False
PC1,dose,18,15.8,1.5330197857188217,0.143669591478371,0.1997276402332474,False,,False
PC1,dose,18,15.866666666666667,1.5091227037463573,0.1496286119583585,0.1997694697683307,False,,False
PC1,dose,18,15.933333333333334,1.4921929158761935,0.153973493893654,0.1997694697683307,False,,False
PC1,dose,18,16.0,1.4750388052262378,0.1584820113108387,0.1997694697683307,False,,False
PC1,dose,18,16.066666666666666,1.453570689951636,0.1642772102021922,0.206205703182668,False,,False
PC1,dose,18,16.133333333333333,1.4440206390230683,0.1669105531011033,0.2077724727399626,False,,False
PC1,dose,18,16.2,1.43990616115616,0.1680556941714716,0.2077971881971377,False,,False
PC1,dose,18,16.266666666666666,1.4389750808134787,0.1683157224396815,0.2077971881971377,False,,False
PC1,dose,18,16.333333333333332,1.4272882834592826,0.1716076290433975,0.2109929865287674,False,,False
PC1,dose,18,16.4,1.4184802989465355,0.1741231945498928,0.2132120749590524,False,,False
PC1,dose,18,16.466666666666665,1.3939509966954575,0.1812871780948071,0.2210819245058623,False,,False
PC1,dose,18,16.533333333333335,1.3518269253392414,0.1941442379025805,0.2348519006886054,False,,False
PC1,dose,18,16.6,1.2940823349858508,0.2129418998013969,0.2565565057848156,False,,False
PC1,dose,18,16.666666666666668,1.2467743155037398,0.2293858426135413,0.2741663457532366,False,,False
PC1,dose,18,16.733333333333334,1.2117640773535965,0.2421771643149086,0.2883061479939389,False,,False
PC1,dose,18,16.8,1.1804357542351636,0.2540807318498973,0.3012815002172695,False,,False
PC1,dose,18,16.866666666666667,1.1495916148483654,0.2662288220383443,0.3144434905964696,False,,False
PC1,dose,18,16.933333333333334,1.1230869686199256,0.2770115935431769,0.3258959924037375,False,,False
PC1,dose,18,17.0,1.0921463611185849,0.2900053611632915,0.3398500326132323,False,,False
PC1,dose,18,17.066666666666666,1.0517365042040745,0.3076415833286663,0.3591146887105055,False,,False
PC1,dose,18,17.133333333333333,1.0215800930324477,0.3212983777409,0.373602764815,False,,False
PC1,dose,18,17.2,0.9922629777131136,0.3349836283920692,0.3880119247784586,False,,False
PC1,dose,18,17.266666666666666,0.9549142267950508,0.3530037438170932,0.407312012096646,False,,False
PC1,dose,18,17.333333333333332,0.9248584198644488,0.3679825675736616,0.4229684684754731,False,,False
PC1,dose,18,17.4,0.8919058344933599,0.3848941734109132,0.4407185191728013,False,,False
PC1,dose,18,17.466666666666665,0.8489726941141332,0.4076929957035001,0.4650490445287074,False,,False
PC1,dose,18,17.533333333333335,0.8064689436592206,0.4311107157886857,0.4898985406689611,False,,False
PC1,dose,18,17.6,0.7701786788273283,0.4517647333498106,0.5114317736035593,False,,False
PC1,dose,18,17.666666666666668,0.734213909620903,0.4728245624516066,0.5332607847198572,False,,False
PC1,dose,18,17.733333333333334,0.69594561986098,0.495868189857757,0.5571552695030978,False,,False
PC1,dose,18,17.8,0.663025407571701,0.5162044744516315,0.5778408296100354,False,,False
PC1,dose,18,17.866666666666667,0.6164832703533809,0.5457433279830732,0.6086356817655092,False,,False
PC1,dose,18,17.933333333333334,0.576239919813359,0.5720040234223369,0.6355600260248188,False,,False
PC1,dose,18,18.0,0.5468026389548315,0.5916201427320408,0.6549300473048422,False,,False
PC1,dose,18,18.066666666666663,0.5199802673974894,0.6097825150010354,0.6725542444864361,False,,False
PC1,dose,18,18.133333333333333,0.4964506796729813,0.625934506072468,0.6878401165631516,False,,False
PC1,dose,18,18.2,0.4713626325956102,0.643374372903965,0.7044244958802537,False,,False
PC1,dose,18,18.266666666666666,0.4453670658672595,0.661673770577891,0.7218259315395175,False,,False
PC1,dose,18,18.33333333333333,0.4175409333568675,0.6815087031783491,0.7407703295416839,False,,False
PC1,dose,18,18.4,0.3870479057110466,0.7035231991357089,0.7619384828184573,False,,False
PC1,dose,18,18.466666666666665,0.3537883002515844,0.7278472444416322,0.7854466666636319,False,,False
PC1,dose,18,18.53333333333333,0.3357690462454696,0.7411533954427256,0.7969391348846512,False,,False
PC1,dose,18,18.6,0.3129903286905068,0.7580951921574413,0.8122448487401156,False,,False
PC1,dose,18,18.666666666666668,0.2847730562700838,0.7792580051193213,0.8319480481700939,False,,False
PC1,dose,18,18.73333333333333,0.2541374023231035,0.8024378071604735,0.8536572416600783,False,,False
PC1,dose,18,18.8,0.2280235189409516,0.8223480348270925,0.8717470333856104,False,,False
PC1,dose,18,18.866666666666667,0.2095181406691539,0.8365340409501081,0.8825470636190621,False,,False
PC1,dose,18,18.933333333333334,0.2070641603106046,0.838419710438109,0.8825470636190621,False,,False
PC1,dose,18,19.0,0.1818453214877793,0.8578547872401104,0.8998476789231927,False,,False
PC1,dose,18,19.066666666666663,0.1502572919218348,0.8823300092421167,0.922296176908136,False,,False
PC1,dose,18,19.133333333333333,0.109824539496211,0.913834575999218,0.9519110166658522,False,,False
PC1,dose,18,19.2,0.0734011127211766,0.942343673336078,0.9782114256083854,False,,False
PC1,dose,18,19.266666666666666,0.045128583519492,0.9645306939479292,0.99561437863375,False,,False
PC1,dose,18,19.33333333333333,0.0231497023609155,0.9818004190905212,0.99561437863375,False,,False
PC1,dose,18,19.4,0.0067545051075057,0.994689357290516,0.99561437863375,False,,False
PC1,dose,18,19.466666666666665,-0.0055779738328953,0.99561437863375,0.99561437863375,False,,False
PC1,dose,18,19.53333333333333,-0.0113705916185954,0.9910601506744918,0.99561437863375,False,,False
PC1,dose,18,19.6,-0.0190640692221565,0.985011961529358,0.99561437863375,False,,False
PC1,dose,18,19.666666666666668,-0.0268756284060891,0.9788719060159824,0.99561437863375,False,,False
PC1,dose,18,19.73333333333333,-0.0381796511129632,0.9699892189399376,0.99561437863375,False,,False
PC1,dose,18,19.8,-0.0405849406368877,0.968099628371785,0.99561437863375,False,,False
PC1,dose,18,19.866666666666667,-0.024923312246549,0.9804063565700266,0.99561437863375,False,,False
PC1,dose,18,19.933333333333334,0.0122045656048527,0.9904044923340144,0.99561437863375,False,,False
PC2,state,18,0.0,-0.1872618185656782,0.8536721350273453,0.9081618457737716,False,,False
PC2,state,18,0.0666666666666666,-0.2020818375829434,0.8422512919712003,0.9081618457737716,False,,False
PC2,state,18,0.1333333333333333,-0.1900534446284701,0.8515181660891571,0.9081618457737716,False,,False
PC2,state,18,0.2,-0.1682377221344815,0.8683815982575651,0.9108897883820614,False,,False
PC2,state,18,0.2666666666666666,-0.1414633090356013,0.8891668059191175,0.926215422832414,False,,False
PC2,state,18,0.3333333333333333,-0.114074372650698,0.9105152636198236,0.9354608872806408,False,,False
PC2,state,18,0.4,-0.0721634152750975,0.9433140799605808,0.9560615675276156,False,,False
PC2,state,18,0.4666666666666667,-0.0278187192203441,0.9781307005773132,0.9846953361516576,False,,False
PC2,state,18,0.5333333333333333,0.0189412812802691,0.985108484291605,0.9851084842916052,False,,False
PC2,state,18,0.6,0.0742232462636675,0.94169913769279,0.9560615675276156,False,,False
PC2,state,18,0.6666666666666666,0.1262519173730157,0.9010136901194414,0.932083127709767,False,,False
PC2,state,18,0.7333333333333333,0.1704069655215236,0.8667017155610682,0.9108897883820614,False,,False
PC2,state,18,0.8,0.2304403895867265,0.8204998420115696,0.8918476543604017,False,,False
PC2,state,18,0.8666666666666667,0.2937538152312441,0.7725021914143605,0.845805319066818,False,,False
PC2,state,18,0.9333333333333332,0.3336060538246446,0.7427564256848302,0.8192166459759157,False,,False
PC2,state,18,1.0,0.3708871863766276,0.7153028367673434,0.7947809297414927,False,,False
PC2,state,18,1.0666666666666669,0.4029230443258236,0.6920267550796845,0.7746568153877066,False,,False
PC2,state,18,1.1333333333333333,0.438134156765264,0.6668054239752282,0.752036192453265,False,,False
PC2,state,18,1.2,0.4642944411280089,0.6483273301687486,0.736735602464487,False,,False
PC2,state,18,1.2666666666666666,0.4867455091097348,0.632654758256469,0.7244138453318347,False,,False
PC2,state,18,1.3333333333333333,0.5064695037248662,0.6190324331753848,0.714268192125444,False,,False
PC2,state,18,1.4,0.5299476659327037,0.6030016900739719,0.7011647558999673,False,,False
PC2,state,18,1.4666666666666666,0.5982256454250912,0.5575762449752817,0.6534096620804082,False,,False
PC2,state,18,1.5333333333333334,0.6507020170004798,0.52393697603172,0.6188232000374645,False,,False
PC2,state,18,1.6,0.6975413560709057,0.4948943966033342,0.5891599959563503,False,,False
PC2,state,18,1.6666666666666667,0.7336807011196056,0.473141170947295,0.567769405136754,False,,False
PC2,state,18,1.7333333333333334,0.7727481973963831,0.4502825190438009,0.5446965956175012,False,,False
PC2,state,18,1.8,0.8017143246811885,0.4337823173527836,0.52900282603998,False,,False
PC2,state,18,1.8666666666666667,0.8356516675074188,0.4149420263677018,0.5101746225832399,False,,False
PC2,state,18,1.9333333333333331,0.8655330557983443,0.3987966539872842,0.4943760173396085,False,,False
PC2,state,18,2.0,0.919091307669665,0.3709053970715357,0.4636317463394196,False,,False
PC2,state,18,2.066666666666667,0.954236371514431,0.3533368702670576,0.4453826095803247,False,,False
PC2,state,18,2.1333333333333333,0.9828280298427712,0.3394738044562487,0.4344066167441888,False,,False
PC2,state,18,2.2,0.9890197875246912,0.3365223664648826,0.4344066167441888,False,,False
PC2,state,18,2.2666666666666666,1.011858498031389,0.3257917005273594,0.4324668591071143,False,,False
PC2,state,18,2.333333333333333,0.9874845334353648,0.3372524968219726,0.4344066167441888,False,,False
PC2,state,18,2.4,0.9781134740622932,0.3417332051720952,0.4344066167441888,False,,False
PC2,state,18,2.466666666666667,0.9883668286742,0.3368327626191333,0.4344066167441888,False,,False
PC2,state,18,2.533333333333333,1.0284492101157623,0.3181501822087225,0.4260939940295391,False,,False
PC2,state,18,2.6,1.048216910901136,0.3092135865281007,0.4178561980109469,False,,False
PC2,state,18,2.6666666666666665,1.0726503602493087,0.2984194926879318,0.4069356718471797,False,,False
PC2,state,18,2.7333333333333334,1.099531749868231,0.2868638172553669,0.3947667209936242,False,,False
PC2,state,18,2.8,1.1223945739470835,0.2772975678714509,0.3851355109325706,False,,False
PC2,state,18,2.8666666666666667,1.140434798934658,0.2699179363283921,0.3783896303669048,False,,False
PC2,state,18,2.933333333333333,1.1664918540799185,0.2595195946512609,0.3672447094121616,False,,False
PC2,state,18,3.0,1.190807986660723,0.2500914042933921,0.3572734347048459,False,,False
PC2,state,18,3.066666666666667,1.219159659654912,0.2394304490579142,0.3453323784489148,False,,False
PC2,state,18,3.1333333333333333,1.2455282430705854,0.2298319463736277,0.3347067180198462,False,,False
PC2,state,18,3.2,1.263651423831866,0.2234096889857475,0.3285436602731582,False,,False
PC2,state,18,3.2666666666666666,1.2776151649954763,0.2185575037197103,0.3245903520589757,False,,False
PC2,state,18,3.333333333333333,1.2931587580829147,0.2132538235801395,0.3198807353702093,False,,False
PC2,state,18,3.4,1.322069387282792,0.2036590833485244,0.3085743687098854,False,,False
PC2,state,18,3.466666666666667,1.3558833228599556,0.1928751888918846,0.2952171258549255,False,,False
PC2,state,18,3.533333333333333,1.389469808616698,0.1826213739903478,0.2824041865830121,False,,False
PC2,state,18,3.6,1.4065742575764604,0.1775711822778062,0.2774549723090722,False,,False
PC2,state,18,3.6666666666666665,1.4293424905836152,0.1710252285447659,0.2700398345443672,False,,False
PC2,state,18,3.733333333333333,1.4629384849442326,0.1617273540233248,0.2580755649308374,False,,False
PC2,state,18,3.8,1.5039060467691454,0.1509564309446765,0.2434781144268976,False,,False
PC2,state,18,3.8666666666666663,1.5606580060977988,0.1370263567102108,0.2234125381144741,False,,False
PC2,state,18,3.933333333333333,1.5834322022382703,0.1317480572213952,0.2223935043079238,False,,False
PC2,state,18,4.0,1.5706880686312163,0.1346801870765992,0.2223935043079238,False,,False
PC2,state,18,4.066666666666666,1.569661609576576,0.1349187259468071,0.2223935043079238,False,,False
PC2,state,18,4.133333333333334,1.5779402151831896,0.1330049637897346,0.2223935043079238,False,,False
PC2,state,18,4.2,1.603896728265054,0.1271525242786238,0.2192284901355583,False,,False
PC2,state,18,4.266666666666667,1.6316765155921604,0.1211323679799063,0.2112773860114645,False,,False
PC2,state,18,4.333333333333333,1.6587129427707763,0.1155083150451521,0.2038382030208567,False,,False
PC2,state,18,4.4,1.693715710667136,0.1085606843072541,0.1938583648343824,False,,False
PC2,state,18,4.466666666666667,1.7176237253202573,0.1040248925296018,0.1879967937281961,False,,False
PC2,state,18,4.533333333333333,1.7774448067144546,0.093388715854713,0.174197377999477,False,,False
PC2,state,18,4.6,1.785735783488249,0.0919921388878282,0.174197377999477,False,,False
PC2,state,18,4.666666666666667,1.7666900061698956,0.0952278999730474,0.174197377999477,False,,False
PC2,state,18,4.733333333333333,1.772318550742721,0.0942614527084456,0.174197377999477,False,,False
PC2,state,18,4.8,1.779323135361878,0.0930707059637736,0.174197377999477,False,,False
PC2,state,18,4.866666666666666,1.7840466484668631,0.0922751744545577,0.174197377999477,False,,False
PC2,state,18,4.933333333333334,1.8012800674259897,0.0894229867420284,0.174197377999477,False,,False
PC2,state,18,5.0,1.8435993702580256,0.0827450827983313,0.1654901655966626,False,,False
PC2,state,18,5.066666666666666,1.8640175668609016,0.0796834612705788,0.1647909120409132,False,,False
PC2,state,18,5.133333333333334,1.8584154797560504,0.0805133299924848,0.1647909120409132,False,,False
PC2,state,18,5.2,1.8590789767734024,0.0804146447528351,0.1647909120409132,False,,False
PC2,state,18,5.266666666666667,1.8641776854614465,0.0796598537343563,0.1647909120409132,False,,False
PC2,state,18,5.333333333333333,1.8546787856647924,0.0810711107527501,0.1647909120409132,False,,False
PC2,state,18,5.4,1.8531729703485051,0.0812968499401839,0.1647909120409132,False,,False
PC2,state,18,5.466666666666667,1.8599380893257749,0.0802870236695575,0.1647909120409132,False,,False
PC2,state,18,5.533333333333333,1.8557754900835288,0.0809070510909576,0.1647909120409132,False,,False
PC2,state,18,5.6,1.860931399582328,0.0801396909991657,0.1647909120409132,False,,False
PC2,state,18,5.666666666666667,1.865750425397101,0.079428301410464,0.1647909120409132,False,,False
PC2,state,18,5.733333333333333,1.8704628246336847,0.0787380671289969,0.1647909120409132,False,,False
PC2,state,18,5.8,1.8868104988993093,0.076384638637546,0.1647909120409132,False,,False
PC2,state,18,5.866666666666666,1.9051104254197888,0.0738244787698757,0.1647909120409132,False,,False
PC2,state,18,5.933333333333334,1.9104042229238716,0.0730982624008267,0.1647909120409132,False,,False
PC2,state,18,6.0,1.9379711331082656,0.0694185706917517,0.1647909120409132,False,,False
PC2,state,18,6.066666666666666,1.925981775755736,0.0709981004943018,0.1647909120409132,False,,False
PC2,state,18,6.133333333333334,1.9020492060941012,0.0742473506544071,0.1647909120409132,False,,False
PC2,state,18,6.2,1.8867984820902384,0.0763863453980245,0.1647909120409132,False,,False
PC2,state,18,6.266666666666667,1.877707556284481,0.0776872857286681,0.1647909120409132,False,,False
PC2,state,18,6.333333333333333,1.9302345624925643,0.0704341818213018,0.1647909120409132,False,,False
PC2,state,18,6.4,1.947906435831149,0.0681335469987237,0.1647909120409132,False,,False
PC2,state,18,6.466666666666667,1.9475712918559227,0.0681765447059143,0.1647909120409132,False,,False
PC2,state,18,6.533333333333333,1.9589525747900376,0.0667298975216514,0.1647909120409132,False,,False
PC2,state,18,6.6,1.962533725155476,0.0662804339217432,0.1647909120409132,False,,False
PC2,state,18,6.666666666666667,1.978625991656336,0.0642940878393132,0.1647909120409132,False,,False
PC2,state,18,6.733333333333333,2.0055173554772963,0.0610939902696007,0.1647909120409132,False,,False
PC2,state,18,6.8,2.0125619412509845,0.0602797700747528,0.1647909120409132,False,,False
PC2,state,18,6.866666666666666,2.017705950657919,0.0596914237907073,0.1647909120409132,False,,False
PC2,state,18,6.933333333333334,2.0226017960901848,0.0591362854697273,0.1647909120409132,False,,False
PC2,state,18,7.0,2.082868878794673,0.0526754106947563,0.1647909120409132,False,,False
PC2,state,18,7.066666666666666,2.078746055526471,0.0530960590388314,0.1647909120409132,False,,False
PC2,state,18,7.133333333333334,2.063571437268022,0.0546707675588846,0.1647909120409132,False,,False
PC2,state,18,7.2,2.073347607337288,0.0536514796675743,0.1647909120409132,False,,False
PC2,state,18,7.266666666666667,2.0737368620932606,0.0536112550066338,0.1647909120409132,False,,False
PC2,state,18,7.333333333333333,2.071863249599242,0.0538051216765141,0.1647909120409132,False,,False
PC2,state,18,7.4,2.075888137847787,0.0533894415571965,0.1647909120409132,False,,False
PC2,state,18,7.466666666666667,2.0886971998654693,0.0520859272429175,0.1647909120409132,False,,False
PC2,state,18,7.533333333333333,2.110020764468845,0.0499801124624261,0.1647909120409132,False,0.1473007202148437,False
PC2,state,18,7.6,2.0870602909041267,0.0522508764600768,0.1647909120409132,False,,False
PC2,state,18,7.666666666666667,2.049790907083697,0.0561374413501102,0.1647909120409132,False,,False
PC2,state,18,7.733333333333333,2.044806242892489,0.0566766933064038,0.1647909120409132,False,,False
PC2,state,18,7.8,2.0684061099918414,0.054164513250211,0.1647909120409132,False,,False
PC2,state,18,7.866666666666666,2.102289711673766,0.0507344490466198,0.1647909120409132,False,,False
PC2,state,18,7.933333333333334,2.1326684721975804,0.0478289090162977,0.1647909120409132,False,0.0797119140625,False
PC2,state,18,8.0,2.1436258230320284,0.046818832483157,0.1647909120409132,False,0.0797119140625,False
PC2,state,18,8.066666666666666,2.1429190251840278,0.0468833925678402,0.1647909120409132,False,0.0797119140625,False
PC2,state,18,8.133333333333333,2.1487964020890566,0.0463490159404246,0.1647909120409132,False,0.0797119140625,False
PC2,state,18,8.2,2.148625738846638,0.0463644537576525,0.1647909120409132,False,0.0797119140625,False
PC2,state,18,8.266666666666667,2.1542553698401137,0.0458576897972056,0.1647909120409132,False,0.0797119140625,False
PC2,state,18,8.333333333333334,2.163847475343211,0.0450059272036605,0.1647909120409132,False,0.0797119140625,False
PC2,state,18,8.4,2.175940750200687,0.0439527754296096,0.1647909120409132,False,0.0797119140625,False
PC2,state,18,8.466666666666667,2.192498167711336,0.0425475963004792,0.1647909120409132,False,0.0797119140625,False
PC2,state,18,8.533333333333333,2.19769085242541,0.0421155031087637,0.1647909120409132,False,0.0797119140625,False
PC2,state,18,8.6,2.2121335148154877,0.0409348805666478,0.1647909120409132,False,0.0797119140625,False
PC2,state,18,8.666666666666666,2.246824164691533,0.0382228181001297,0.1647909120409132,False,0.0797119140625,False
PC2,state,18,8.733333333333333,2.288631160093048,0.0351757339097893,0.1647909120409132,False,0.0797119140625,False
PC2,state,18,8.8,2.3229795567989746,0.0328428553149828,0.1647909120409132,False,0.0797119140625,False
PC2,state,18,8.866666666666667,2.368099639981182,0.0299972878217078,0.1647909120409132,False,0.0797119140625,False
PC2,state,18,8.933333333333334,2.395758810475282,0.0283687477765281,0.1647909120409132,False,0.0797119140625,False
PC2,state,18,9.0,2.37860323716607,0.0293687988666539,0.1647909120409132,False,0.0797119140625,False
PC2,state,18,9.066666666666666,2.401747101017195,0.0280272563563625,0.1647909120409132,False,0.0797119140625,False
PC2,state,18,9.133333333333333,2.452680994331611,0.0252748563499809,0.1647909120409132,False,0.0797119140625,False
PC2,state,18,9.2,2.4916457479021923,0.0233433669957866,0.1647909120409132,False,0.0797119140625,False
PC2,state,18,9.266666666666667,2.5189465654951397,0.022074084689452,0.1647909120409132,False,0.0797119140625,False
PC2,state,18,9.333333333333334,2.5455766926042998,0.0208991604686433,0.1647909120409132,False,0.0797119140625,False
PC2,state,18,9.4,2.5641800924409943,0.0201138426906285,0.1647909120409132,False,0.0797119140625,False
PC2,state,18,9.466666666666669,2.5830222178572826,0.0193470740201675,0.1647909120409132,False,0.0797119140625,False
PC2,state,18,9.533333333333331,2.590331916107484,0.0190571618443163,0.1647909120409132,False,0.0797119140625,False
PC2,state,18,9.6,2.579904071044869,0.0194720161893459,0.1647909120409132,False,0.0797119140625,False
PC2,state,18,9.666666666666666,2.590304850786434,0.0190582276250371,0.1647909120409132,False,0.0797119140625,False
PC2,state,18,9.733333333333333,2.6038617312851398,0.0185314280531226,0.1647909120409132,False,0.0797119140625,False
PC2,state,18,9.8,2.6244567618968166,0.0177576027556271,0.1647909120409132,False,0.0797119140625,False
PC2,state,18,9.866666666666667,2.6574726293591304,0.0165810438821314,0.1647909120409132,False,0.0797119140625,False
PC2,state,18,9.933333333333334,2.6730631696564204,0.0160517111073572,0.1647909120409132,False,0.0797119140625,False
PC2,dose,18,0.0,0.5353323344571326,0.5993539468842384,0.7586758821319473,False,,False
PC2,dose,18,0.0666666666666666,0.4253790192746824,0.6758964458312455,0.804638625989578,False,,False
PC2,dose,18,0.1333333333333333,0.3487233562195341,0.7315785942910213,0.8376854133103298,False,,False
PC2,dose,18,0.2,0.2864441567511778,0.7779995165699377,0.8644439072999308,False,,False
PC2,dose,18,0.2666666666666666,0.2201901263076545,0.8283456053027985,0.8938981352188473,False,,False
PC2,dose,18,0.3333333333333333,0.1570366740658389,0.8770659321034332,0.9104490644672316,False,,False
PC2,dose,18,0.4,0.0929807741123633,0.9270058389138208,0.9427178022852416,False,,False
PC2,dose,18,0.4666666666666667,0.0180148871199726,0.9858367239652308,0.9858367239652308,False,,False
PC2,dose,18,0.5333333333333333,-0.069312978627126,0.9455492880249508,0.9518952564009572,False,,False
PC2,dose,18,0.6,-0.1420243012847799,0.8887303933770639,0.916597994123912,False,,False
PC2,dose,18,0.6666666666666666,-0.2156249408410939,0.8318459662927484,0.8944580282717726,False,,False
PC2,dose,18,0.7333333333333333,-0.3130628101337708,0.7580410769110187,0.8534870101430564,False,,False
PC2,dose,18,0.8,-0.3750202574702462,0.7122830304675852,0.8331323169312282,False,,False
PC2,dose,18,0.8666666666666667,-0.4201893766206369,0.6796101829142288,0.8058618769733938,False,,False
PC2,dose,18,0.9333333333333332,-0.4714223143328984,0.6433326246156383,0.7813756574279008,False,,False
PC2,dose,18,1.0,-0.5235760123356932,0.6073320682959625,0.7608023124330716,False,,False
PC2,dose,18,1.0666666666666669,-0.5618359508929709,0.5815602772992976,0.7535819798730322,False,,False
PC2,dose,18,1.1333333333333333,-0.5944221635512252,0.5600583568000231,0.7512146296035799,False,,False
PC2,dose,18,1.2,-0.6277894524267933,0.5384843072533463,0.7512146296035799,False,,False
PC2,dose,18,1.2666666666666666,-0.6733407270749232,0.5097818688767227,0.7496792189363569,False,,False
PC2,dose,18,1.3333333333333333,-0.7141499402598656,0.4848254667190166,0.7387191876935956,False,,False
PC2,dose,18,1.4,-0.7572431681608108,0.4592720812529995,0.7387191876935956,False,,False
PC2,dose,18,1.4666666666666666,-0.7997520793331149,0.4348879308968159,0.7387191876935956,False,,False
PC2,dose,18,1.5333333333333334,-0.8120263265670284,0.428001261346968,0.7387191876935956,False,,False
PC2,dose,18,1.6,-0.8129090308567308,0.427508685264158,0.7387191876935956,False,,False
PC2,dose,18,1.6666666666666667,-0.8154531803319766,0.4260909868265796,0.7387191876935956,False,,False
PC2,dose,18,1.7333333333333334,-0.8147971356603148,0.4264562739071408,0.7387191876935956,False,,False
PC2,dose,18,1.8,-0.8177557077952269,0.4248105102833581,0.7387191876935956,False,,False
PC2,dose,18,1.8666666666666667,-0.8176841986238798,0.4248502408950023,0.7387191876935956,False,,False
PC2,dose,18,1.9333333333333331,-0.8279544203853753,0.4191683530514366,0.7387191876935956,False,,False
PC2,dose,18,2.0,-0.7722824683025642,0.4505509495558876,0.7387191876935956,False,,False
PC2,dose,18,2.066666666666667,-0.7527414004299107,0.4619025398295491,0.7387191876935956,False,,False
PC2,dose,18,2.1333333333333333,-0.7642283386197325,0.4552086861914921,0.7387191876935956,False,,False
PC2,dose,18,2.2,-0.7809220897505523,0.4455874641667864,0.7387191876935956,False,,False
PC2,dose,18,2.2666666666666666,-0.766612429318316,0.4538268845170642,0.7387191876935956,False,,False
PC2,dose,18,2.333333333333333,-0.741545149609077,0.4684843302553571,0.7387191876935956,False,,False
PC2,dose,18,2.4,-0.7412313294270715,0.4686696239406313,0.7387191876935956,False,,False
PC2,dose,18,2.466666666666667,-0.748530941274403,0.4643710628620245,0.7387191876935956,False,,False
PC2,dose,18,2.533333333333333,-0.7494327668696794,0.463841664575214,0.7387191876935956,False,,False
PC2,dose,18,2.6,-0.7519512500668039,0.4623651824202818,0.7387191876935956,False,,False
PC2,dose,18,2.6666666666666665,-0.7464066215775734,0.4656195492821918,0.7387191876935956,False,,False
PC2,dose,18,2.7333333333333334,-0.7385324842810508,0.4702649690585562,0.7387191876935956,False,,False
PC2,dose,18,2.8,-0.7280134770608756,0.4765141048026151,0.7387191876935956,False,,False
PC2,dose,18,2.8666666666666667,-0.7219261028252848,0.4801530473690912,0.7387191876935956,False,,False
PC2,dose,18,2.933333333333333,-0.7217287951467316,0.4802712707950077,0.7387191876935956,False,,False
PC2,dose,18,3.0,-0.7150486550550823,0.4842840915471155,0.7387191876935956,False,,False
PC2,dose,18,3.066666666666667,-0.7088251887807185,0.4880403576037356,0.7387191876935956,False,,False
PC2,dose,18,3.1333333333333333,-0.7050325547270244,0.4903378385303611,0.7387191876935956,False,,False
PC2,dose,18,3.2,-0.7086861358193765,0.4881244804083267,0.7387191876935956,False,,False
PC2,dose,18,3.2666666666666666,-0.7162038136397615,0.4835887627520878,0.7387191876935956,False,,False
PC2,dose,18,3.333333333333333,-0.7210088314437847,0.4807028075720909,0.7387191876935956,False,,False
PC2,dose,18,3.4,-0.7370386838422237,0.4711493906952483,0.7387191876935956,False,,False
PC2,dose,18,3.466666666666667,-0.7665760855540573,0.4538479297235688,0.7387191876935956,False,,False
PC2,dose,18,3.533333333333333,-0.7811229918816225,0.4454724507463293,0.7387191876935956,False,,False
PC2,dose,18,3.6,-0.7903681487190513,0.4401997189804014,0.7387191876935956,False,,False
PC2,dose,18,3.6666666666666665,-0.7984076623117704,0.435646456317804,0.7387191876935956,False,,False
PC2,dose,18,3.733333333333333,-0.8067470792624764,0.4309547551462245,0.7387191876935956,False,,False
PC2,dose,18,3.8,-0.8143378032577926,0.4267121496371029,0.7387191876935956,False,,False
PC2,dose,18,3.8666666666666663,-0.8194729374428346,0.4238571256843619,0.7387191876935956,False,,False
PC2,dose,18,3.933333333333333,-0.8222092426010439,0.4223407849156229,0.7387191876935956,False,,False
PC2,dose,18,4.0,-0.8225313631254157,0.4221625080342486,0.7387191876935956,False,,False
PC2,dose,18,4.066666666666666,-0.8269907662861422,0.4196994047813728,0.7387191876935956,False,,False
PC2,dose,18,4.133333333333334,-0.8277790855774735,0.4192649447037961,0.7387191876935956,False,,False
PC2,dose,18,4.2,-0.8369718411991769,0.4142199258179409,0.7387191876935956,False,,False
PC2,dose,18,4.266666666666667,-0.8477311330034486,0.4083651329092666,0.7387191876935956,False,,False
PC2,dose,18,4.333333333333333,-0.8506699493038334,0.4067753255768151,0.7387191876935956,False,,False
PC2,dose,18,4.4,-0.8504732356610175,0.4068816156192202,0.7387191876935956,False,,False
PC2,dose,18,4.466666666666667,-0.8547148886467896,0.4045937337665398,0.7387191876935956,False,,False
PC2,dose,18,4.533333333333333,-0.8539821863861196,0.4049883416659247,0.7387191876935956,False,,False
PC2,dose,18,4.6,-0.850705195480027,0.4067562829615317,0.7387191876935956,False,,False
PC2,dose,18,4.666666666666667,-0.8490636706974353,0.4076437724842341,0.7387191876935956,False,,False
PC2,dose,18,4.733333333333333,-0.8535090241309498,0.4052433036223819,0.7387191876935956,False,,False
PC2,dose,18,4.8,-0.8545061901252422,0.4047061059733393,0.7387191876935956,False,,False
PC2,dose,18,4.866666666666666,-0.8494337899972387,0.4074435578748487,0.7387191876935956,False,,False
PC2,dose,18,4.933333333333334,-0.8440759857948643,0.4103480738450792,0.7387191876935956,False,,False
PC2,dose,18,5.0,-0.8136168785159884,0.427113944714544,0.7387191876935956,False,,False
PC2,dose,18,5.066666666666666,-0.8006801534250731,0.4343647930657052,0.7387191876935956,False,,False
PC2,dose,18,5.133333333333334,-0.8029907601743044,0.433064070386692,0.7387191876935956,False,,False
PC2,dose,18,5.2,-0.8022685505755284,0.4334703636886504,0.7387191876935956,False,,False
PC2,dose,18,5.266666666666667,-0.8034465916169962,0.4328077570783796,0.7387191876935956,False,,False
PC2,dose,18,5.333333333333333,-0.8003435684379255,0.4345544738469887,0.7387191876935956,False,,False
PC2,dose,18,5.4,-0.8018715597002763,0.4336938010871276,0.7387191876935956,False,,False
PC2,dose,18,5.466666666666667,-0.8037665722945103,0.4326278896337228,0.7387191876935956,False,,False
PC2,dose,18,5.533333333333333,-0.8040246046578926,0.4324828789214171,0.7387191876935956,False,,False
PC2,dose,18,5.6,-0.8024715090204443,0.4333561611268423,0.7387191876935956,False,,False
PC2,dose,18,5.666666666666667,-0.8009265624573427,0.4342259635559463,0.7387191876935956,False,,False
PC2,dose,18,5.733333333333333,-0.799925684028421,0.4347900430685643,0.7387191876935956,False,,False
PC2,dose,18,5.8,-0.7992469031609921,0.4351728557673976,0.7387191876935956,False,,False
PC2,dose,18,5.866666666666666,-0.7961584947277703,0.4369173042981631,0.7387191876935956,False,,False
PC2,dose,18,5.933333333333334,-0.7911247432519372,0.4397699487574718,0.7387191876935956,False,,False
PC2,dose,18,6.0,-0.7858407592680678,0.4427769065288886,0.7387191876935956,False,,False
PC2,dose,18,6.066666666666666,-0.7782306234948884,0.4471300659964575,0.7387191876935956,False,,False
PC2,dose,18,6.133333333333334,-0.7738959560681502,0.449621411537085,0.7387191876935956,False,,False
PC2,dose,18,6.2,-0.7699613561847994,0.4518902326924591,0.7387191876935956,False,,False
PC2,dose,18,6.266666666666667,-0.7686790775860514,0.4526311594924093,0.7387191876935956,False,,False
PC2,dose,18,6.333333333333333,-0.7744056893150348,0.449327998342913,0.7387191876935956,False,,False
PC2,dose,18,6.4,-0.7711215920885319,0.4512204693091864,0.7387191876935956,False,,False
PC2,dose,18,6.466666666666667,-0.7656526294080125,0.4543828672012514,0.7387191876935956,False,,False
PC2,dose,18,6.533333333333333,-0.7618413183751649,0.4565947701517965,0.7387191876935956,False,,False
PC2,dose,18,6.6,-0.7575258159091647,0.4591072311282467,0.7387191876935956,False,,False
PC2,dose,18,6.666666666666667,-0.7530214310042478,0.4617386461869704,0.7387191876935956,False,,False
PC2,dose,18,6.733333333333333,-0.7462158806605378,0.4657317492589874,0.7387191876935956,False,,False
PC2,dose,18,6.8,-0.740323946646422,0.4692056326502347,0.7387191876935956,False,,False
PC2,dose,18,6.866666666666666,-0.7390056829149793,0.4699850150074738,0.7387191876935956,False,,False
PC2,dose,18,6.933333333333334,-0.7389641106962846,0.4700096059647056,0.7387191876935956,False,,False
PC2,dose,18,7.0,-0.7041686622859085,0.4908620479995314,0.7387191876935956,False,,False
PC2,dose,18,7.066666666666666,-0.7001670990657178,0.4932944723803837,0.7387191876935956,False,,False
PC2,dose,18,7.133333333333334,-0.6954405679140613,0.4961766284350831,0.7387191876935956,False,,False
PC2,dose,18,7.2,-0.6994468329478805,0.49373304591526,0.7387191876935956,False,,False
PC2,dose,18,7.266666666666667,-0.7022099311944555,0.4920518203062659,0.7387191876935956,False,,False
PC2,dose,18,7.333333333333333,-0.704624380011937,0.4905854778186576,0.7387191876935956,False,,False
PC2,dose,18,7.4,-0.7053447090738887,0.4901485041900028,0.7387191876935956,False,,False
PC2,dose,18,7.466666666666667,-0.7012738560772328,0.4926210061881287,0.7387191876935956,False,,False
PC2,dose,18,7.533333333333333,-0.6934322040075306,0.497404253047021,0.7387191876935956,False,,False
PC2,dose,18,7.6,-0.6610355756641181,0.5174486449298301,0.7512146296035799,False,,False
PC2,dose,18,7.666666666666667,-0.6191698214166971,0.5440136711581609,0.7512146296035799,False,,False
PC2,dose,18,7.733333333333333,-0.6002657963397402,0.5562472731611529,0.7512146296035799,False,,False
PC2,dose,18,7.8,-0.5965809723728586,0.5586488245550756,0.7512146296035799,False,,False
PC2,dose,18,7.866666666666666,-0.5926107169671433,0.5612425376103899,0.7512146296035799,False,,False
PC2,dose,18,7.933333333333334,-0.5931112968366201,0.5609151659657037,0.7512146296035799,False,,False
PC2,dose,18,8.0,-0.5878996828663536,0.564328411847965,0.7512146296035799,False,,False
PC2,dose,18,8.066666666666666,-0.5774724552580914,0.5711900943971853,0.7512146296035799,False,,False
PC2,dose,18,8.133333333333333,-0.5720278084590448,0.574790102455502,0.7512146296035799,False,,False
PC2,dose,18,8.2,-0.5758127108823097,0.572286279443697,0.7512146296035799,False,,False
PC2,dose,18,8.266666666666667,-0.5809492824351451,0.5688973466152495,0.7512146296035799,False,,False
PC2,dose,18,8.333333333333334,-0.5872576714283185,0.564749637991269,0.7512146296035799,False,,False
PC2,dose,18,8.4,-0.5891490514932867,0.5635091692820035,0.7512146296035799,False,,False
PC2,dose,18,8.466666666666667,-0.5908166384118272,0.5624166651316028,0.7512146296035799,False,,False
PC2,dose,18,8.533333333333333,-0.6105230718362741,0.5495912171583829,0.7512146296035799,False,,False
PC2,dose,18,8.6,-0.6133736761811049,0.5477490557821324,0.7512146296035799,False,,False
PC2,dose,18,8.666666666666666,-0.6002162652444163,0.5562795181809435,0.7512146296035799,False,,False
PC2,dose,18,8.733333333333333,-0.5893718082195964,0.5633631677482365,0.7512146296035799,False,,False
PC2,dose,18,8.8,-0.5806081792765703,0.5691220703860299,0.7512146296035799,False,,False
PC2,dose,18,8.866666666666667,-0.570305667998653,0.5759312160294112,0.7512146296035799,False,,False
PC2,dose,18,8.933333333333334,-0.559332061142447,0.5832297461110915,0.7535819798730322,False,,False
PC2,dose,18,9.0,-0.5483354299644014,0.5905904602663935,0.7571672567517865,False,,False
PC2,dose,18,9.066666666666666,-0.5378115584163459,0.5976781139996158,0.7586758821319473,False,,False
PC2,dose,18,9.133333333333333,-0.5216531858984611,0.6086418499464573,0.7608023124330716,False,,False
PC2,dose,18,9.2,-0.5014197133478367,0.622506764477022,0.7690857784519842,False,,False
PC2,dose,18,9.266666666666667,-0.4873265108753389,0.6322515091853504,0.7773584129328079,False,,False
PC2,dose,18,9.333333333333334,-0.4723073378653217,0.6427136812571905,0.7813756574279008,False,,False
PC2,dose,18,9.4,-0.4551603964491554,0.654753097728107,0.7888591538892855,False,,False
PC2,dose,18,9.466666666666669,-0.4455839070032721,0.6615201902466722,0.7938242282960066,False,,False
PC2,dose,18,9.533333333333331,-0.4161201663987311,0.682528079283565,0.806135526712872,False,,False
PC2,dose,18,9.6,-0.3692590115094731,0.7164937925608563,0.8331323169312282,False,,False
PC2,dose,18,9.666666666666666,-0.3563623454731167,0.7259536279217362,0.8376854133103298,False,,False
PC2,dose,18,9.733333333333333,-0.3490881230233921,0.7313096374124607,0.8376854133103298,False,,False
PC2,dose,18,9.8,-0.3312896165741403,0.7444745261618982,0.8459937797294298,False,,False
PC2,dose,18,9.866666666666667,-0.3109708919857928,0.7596034390273202,0.8534870101430564,False,,False
PC2,dose,18,9.933333333333334,-0.2957129776910919,0.7710308766437094,0.8625594727615071,False,,False
PC2,dose,18,10.0,-0.2815213894331917,0.7817086081106637,0.8653600827793325,False,,False
PC2,dose,18,10.066666666666666,-0.2630316669478887,0.7956875239459482,0.8743818944460969,False,,False
PC2,dose,18,10.133333333333333,-0.2457160973129561,0.8088439982690574,0.8823752708389716,False,,False
PC2,dose,18,10.2,-0.2261159300980301,0.8238075373082311,0.8922103292146908,False,,False
PC2,dose,18,10.266666666666667,-0.2075673140175188,0.8380329979083505,0.8946971507918333,False,,False
PC2,dose,18,10.333333333333334,-0.1867664038650428,0.8540545130157197,0.9044037106208024,False,,False
PC2,dose,18,10.4,-0.1760413642537856,0.8623414696728096,0.9045539891672828,False,,False
PC2,dose,18,10.466666666666669,-0.1805525847276336,0.8588536950234205,0.9044037106208024,False,,False
PC2,dose,18,10.533333333333331,-0.1573797824493014,0.8767996695185228,0.9104490644672316,False,,False
PC2,dose,18,10.6,-0.0768915655192774,0.9396075199248723,0.9490985049746185,False,,False
PC2,dose,18,10.666666666666666,0.028190938127621,0.977838167380342,0.981108529144156,False,,False
PC2,dose,18,10.733333333333333,0.0868014315222605,0.9318435639873308,0.9444360445817542,False,,False
PC2,dose,18,10.8,0.1026824665332256,0.919416519896129,0.9381801223429888,False,,False
PC2,dose,18,10.866666666666667,0.1129880068048589,0.9113636051480604,0.9331367970799253,False,,False
PC2,dose,18,10.933333333333334,0.1310986176680825,0.8972362485715442,0.9218180636009016,False,,False
PC2,dose,18,11.0,0.1415491127285221,0.8891000543001946,0.916597994123912,False,,False
PC2,dose,18,11.066666666666666,0.1594735755804959,0.8751751527037094,0.9104490644672316,False,,False
PC2,dose,18,11.133333333333333,0.1801258051926669,0.8591835250897623,0.9044037106208024,False,,False
PC2,dose,18,11.2,0.1951063490107621,0.8476225165716496,0.9017260814592016,False,,False
PC2,dose,18,11.266666666666667,0.2111750069286451,0.8352614621852159,0.8946971507918333,False,,False
PC2,dose,18,11.333333333333334,0.2312743985931032,0.8198623227782496,0.8911546986720105,False,,False
PC2,dose,18,11.4,0.2507084251500358,0.8050445542168174,0.8814356433030848,False,,False
PC2,dose,18,11.466666666666669,0.2703304811056695,0.7901605062945277,0.871500558413082,False,,False
PC2,dose,18,11.533333333333331,0.2925212075020981,0.7734283272428181,0.8625594727615071,False,,False
PC2,dose,18,11.6,0.316500987696089,0.7554755947693399,0.8534870101430564,False,,False
PC2,dose,18,11.666666666666666,0.3367048658694717,0.7404602226784462,0.8446314327130565,False,,False
PC2,dose,18,11.733333333333333,0.3532614407470052,0.7282350567015289,0.8376854133103298,False,,False
PC2,dose,18,11.8,0.3707549887491841,0.7153995068078632,0.8331323169312282,False,,False
PC2,dose,18,11.866666666666667,0.3999679597298749,0.694161016931102,0.8166600199189435,False,,False
PC2,dose,18,11.933333333333334,0.4321647536870667,0.6710534921548433,0.8020559667189363,False,,False
PC2,dose,18,12.0,0.4605315804930365,0.6509710695428483,0.787465003479252,False,,False
PC2,dose,18,12.066666666666666,0.4834995847578983,0.6349098073990656,0.7774405804886517,False,,False
PC2,dose,18,12.133333333333333,0.5007626942581632,0.6229594805461073,0.7690857784519842,False,,False
PC2,dose,18,12.2,0.5113077939887561,0.615712299155497,0.7664468454217804,False,,False
PC2,dose,18,12.266666666666667,0.5226920361980729,0.6079340405620479,0.7608023124330716,False,,False
PC2,dose,18,12.333333333333334,0.5404954889862114,0.5958665303562726,0.7586758821319473,False,,False
PC2,dose,18,12.4,0.556259044767713,0.585282004368055,0.7535819798730322,False,,False
PC2,dose,18,12.466666666666669,0.5758059097562165,0.5722907735163683,0.7512146296035799,False,,False
PC2,dose,18,12.533333333333331,0.5945523066419887,0.5599733303861408,0.7512146296035799,False,,False
PC2,dose,18,12.6,0.618620042868909,0.5443673878846791,0.7512146296035799,False,,False
PC2,dose,18,12.666666666666666,0.6542529720734679,0.5217022500963792,0.7512146296035799,False,,False
PC2,dose,18,12.733333333333333,0.6869096855884772,0.5014033214632201,0.740990130241212,False,,False
PC2,dose,18,12.8,0.6970231720223025,0.4952104946648257,0.7387191876935956,False,,False
PC2,dose,18,12.866666666666667,0.6987918989441401,0.4941320358591913,0.7387191876935956,False,,False
PC2,dose,18,12.933333333333334,0.7093165273513166,0.4877431810392314,0.7387191876935956,False,,False
PC2,dose,18,13.0,0.7311756132772037,0.4746303430662962,0.7387191876935956,False,,False
PC2,dose,18,13.066666666666666,0.7560577500194039,0.4599638524898935,0.7387191876935956,False,,False
PC2,dose,18,13.133333333333333,0.7737237287194099,0.449720575990531,0.7387191876935956,False,,False
PC2,dose,18,13.2,0.7923323885195465,0.4390845112647831,0.7387191876935956,False,,False
PC2,dose,18,13.266666666666667,0.8108980340812602,0.4286314073542255,0.7387191876935956,False,,False
PC2,dose,18,13.333333333333334,0.8312103235754511,0.417377275092018,0.7387191876935956,False,,False
PC2,dose,18,13.4,0.8497508414079772,0.4072721009688768,0.7387191876935956,False,,False
PC2,dose,18,13.466666666666669,0.8634755043647726,0.3998950084303622,0.7387191876935956,False,,False
PC2,dose,18,13.533333333333331,0.8710323248507772,0.39587078393549,0.7387191876935956,False,,False
PC2,dose,18,13.6,0.870495253014104,0.3961559072434808,0.7387191876935956,False,,False
PC2,dose,18,13.666666666666666,0.8787628766316344,0.3917817314236744,0.7387191876935956,False,,False
PC2,dose,18,13.733333333333333,0.9065689735713816,0.377305780813482,0.7387191876935956,False,,False
PC2,dose,18,13.8,0.9359395383576774,0.3624105411562764,0.7387191876935956,False,,False
PC2,dose,18,13.866666666666667,0.954787107960804,0.3530661988289475,0.7387191876935956,False,,False
PC2,dose,18,13.933333333333334,0.9645055199069424,0.3483133965074647,0.7387191876935956,False,,False
PC2,dose,18,14.0,0.9666887375099786,0.3472518147601183,0.7387191876935956,False,,False
PC2,dose,18,14.066666666666666,0.9710293866787236,0.3451478620326736,0.7387191876935956,False,,False
PC2,dose,18,14.133333333333333,0.9705644542735916,0.3453727945175439,0.7387191876935956,False,,False
PC2,dose,18,14.2,0.9703175308565856,0.3454922965143659,0.7387191876935956,False,,False
PC2,dose,18,14.266666666666667,0.9837455469502412,0.3390353107146357,0.7387191876935956,False,,False
PC2,dose,18,14.333333333333334,0.9526268959039572,0.3541287017279182,0.7387191876935956,False,,False
PC2,dose,18,14.4,0.9160355683172404,0.3724604270394727,0.7387191876935956,False,,False
PC2,dose,18,14.466666666666669,0.9006703764025169,0.3803462334158525,0.7387191876935956,False,,False
PC2,dose,18,14.533333333333331,0.8766203897989883,0.3929121864286559,0.7387191876935956,False,,False
PC2,dose,18,14.6,0.8637509779805894,0.3997478412481705,0.7387191876935956,False,,False
PC2,dose,18,14.666666666666666,0.8583385263278368,0.402645856837565,0.7387191876935956,False,,False
PC2,dose,18,14.733333333333333,0.8507530619702021,0.4067304228390929,0.7387191876935956,False,,False
PC2,dose,18,14.8,0.8298687844569355,0.4181146617261923,0.7387191876935956,False,,False
PC2,dose,18,14.866666666666667,0.8106661428055079,0.4287609903818936,0.7387191876935956,False,,False
PC2,dose,18,14.933333333333334,0.801469279359119,0.4339202895787961,0.7387191876935956,False,,False
PC2,dose,18,15.0,0.7937928397164014,0.438256479996979,0.7387191876935956,False,,False
PC2,dose,18,15.066666666666666,0.7878253123348266,0.441646056098578,0.7387191876935956,False,,False
PC2,dose,18,15.133333333333333,0.7841291191911379,0.4437536924193141,0.7387191876935956,False,,False
PC2,dose,18,15.2,0.8059310927422749,0.4314124093627192,0.7387191876935956,False,,False
PC2,dose,18,15.266666666666667,0.81877271091692,0.4242457179154171,0.7387191876935956,False,,False
PC2,dose,18,15.333333333333334,0.8156315146572052,0.4259917243020361,0.7387191876935956,False,,False
PC2,dose,18,15.4,0.8137952360885827,0.4270145178019487,0.7387191876935956,False,,False
PC2,dose,18,15.466666666666669,0.8191797852114534,0.4240197835233,0.7387191876935956,False,,False
PC2,dose,18,15.533333333333331,0.8254528868253348,0.4205477939670716,0.7387191876935956,False,,False
PC2,dose,18,15.6,0.8292752826349253,0.4184411509828959,0.7387191876935956,False,,False
PC2,dose,18,15.666666666666666,0.8296079155111661,0.4182581473006234,0.7387191876935956,False,,False
PC2,dose,18,15.733333333333333,0.826652549720828,0.4198858917723757,0.7387191876935956,False,,False
PC2,dose,18,15.8,0.8260143111529292,0.4202379504979917,0.7387191876935956,False,,False
PC2,dose,18,15.866666666666667,0.8221849074707113,0.4223542550926478,0.7387191876935956,False,,False
PC2,dose,18,15.933333333333334,0.8218252529380397,0.4225533659626153,0.7387191876935956,False,,False
PC2,dose,18,16.0,0.8168617960881351,0.4253073391959133,0.7387191876935956,False,,False
PC2,dose,18,16.066666666666666,0.8116703157027345,0.4282000282202563,0.7387191876935956,False,,False
PC2,dose,18,16.133333333333333,0.8065413293018173,0.4310701231190923,0.7387191876935956,False,,False
PC2,dose,18,16.2,0.799848185794228,0.434833739100507,0.7387191876935956,False,,False
PC2,dose,18,16.266666666666666,0.7853785756589627,0.443040529825164,0.7387191876935956,False,,False
PC2,dose,18,16.333333333333332,0.7793991359713754,0.4464599318868499,0.7387191876935956,False,,False
PC2,dose,18,16.4,0.775575821623438,0.4486548935641793,0.7387191876935956,False,,False
PC2,dose,18,16.466666666666665,0.777561318539122,0.4475141887152531,0.7387191876935956,False,,False
PC2,dose,18,16.533333333333335,0.7862514229484432,0.4425427515670017,0.7387191876935956,False,,False
PC2,dose,18,16.6,0.79579508746723,0.4371228586688049,0.7387191876935956,False,,False
PC2,dose,18,16.666666666666668,0.7973432926730025,0.4362475675652394,0.7387191876935956,False,,False
PC2,dose,18,16.733333333333334,0.792632136431026,0.4389144834831708,0.7387191876935956,False,,False
PC2,dose,18,16.8,0.7937901451933259,0.4382580068075941,0.7387191876935956,False,,False
PC2,dose,18,16.866666666666667,0.7934078956203962,0.4384746365128566,0.7387191876935956,False,,False
PC2,dose,18,16.933333333333334,0.7921033569450269,0.4392144539935383,0.7387191876935956,False,,False
PC2,dose,18,17.0,0.7902996881712907,0.4402386197453437,0.7387191876935956,False,,False
PC2,dose,18,17.066666666666666,0.785815333767744,0.4427914063491446,0.7387191876935956,False,,False
PC2,dose,18,17.133333333333333,0.7873275307252168,0.4419295356167272,0.7387191876935956,False,,False
PC2,dose,18,17.2,0.7910671353676413,0.4398026626673417,0.7387191876935956,False,,False
PC2,dose,18,17.266666666666666,0.7935673287452063,0.4383842739042043,0.7387191876935956,False,,False
PC2,dose,18,17.333333333333332,0.7930726510049071,0.4386646826407218,0.7387191876935956,False,,False
PC2,dose,18,17.4,0.7952406669876886,0.4374365729382364,0.7387191876935956,False,,False
PC2,dose,18,17.466666666666665,0.7992548714268277,0.4351683606670586,0.7387191876935956,False,,False
PC2,dose,18,17.533333333333335,0.7978215824355236,0.4359773851479701,0.7387191876935956,False,,False
PC2,dose,18,17.6,0.8063014358292009,0.43120466067254,0.7387191876935956,False,,False
PC2,dose,18,17.666666666666668,0.8172552465488391,0.4250886170422147,0.7387191876935956,False,,False
PC2,dose,18,17.733333333333334,0.8123785136647765,0.4278046869681903,0.7387191876935956,False,,False
PC2,dose,18,17.8,0.8019438578077895,0.433653104315399,0.7387191876935956,False,,False
PC2,dose,18,17.866666666666667,0.8052721942747708,0.4317821832448225,0.7387191876935956,False,,False
PC2,dose,18,17.933333333333334,0.8179898670303147,0.4246804275969289,0.7387191876935956,False,,False
PC2,dose,18,18.0,0.8304627692147503,0.4177880705975114,0.7387191876935956,False,,False
PC2,dose,18,18.066666666666663,0.8421394452222176,0.4114011834127553,0.7387191876935956,False,,False
PC2,dose,18,18.133333333333333,0.8648256725636575,0.3991740431499109,0.7387191876935956,False,,False
PC2,dose,18,18.2,0.8917831303674821,0.3849581011966668,0.7387191876935956,False,,False
PC2,dose,18,18.266666666666666,0.9058361961400816,0.3776826028047031,0.7387191876935956,False,,False
PC2,dose,18,18.33333333333333,0.9008790216384076,0.3802384071952709,0.7387191876935956,False,,False
PC2,dose,18,18.4,0.8898670377737381,0.3859572867582572,0.7387191876935956,False,,False
PC2,dose,18,18.466666666666665,0.8886493947087043,0.3865931480578277,0.7387191876935956,False,,False
PC2,dose,18,18.53333333333333,0.8888202056962887,0.3865039074199424,0.7387191876935956,False,,False
PC2,dose,18,18.6,0.8910704692157543,0.3853295313726019,0.7387191876935956,False,,False
PC2,dose,18,18.666666666666668,0.8893094469990909,0.3862483779063847,0.7387191876935956,False,,False
PC2,dose,18,18.73333333333333,0.8894676770767043,0.386165758798186,0.7387191876935956,False,,False
PC2,dose,18,18.8,0.8841643307487743,0.3889412854762425,0.7387191876935956,False,,False
PC2,dose,18,18.866666666666667,0.8841830815642384,0.3889314488966868,0.7387191876935956,False,,False
PC2,dose,18,18.933333333333334,0.8795246480329646,0.3913803117081658,0.7387191876935956,False,,False
PC2,dose,18,19.0,0.8807495826916959,0.3907353964658669,0.7387191876935956,False,,False
PC2,dose,18,19.066666666666663,0.8785168553534682,0.3919114318802941,0.7387191876935956,False,,False
PC2,dose,18,19.133333333333333,0.8796166328080467,0.3913318582384134,0.7387191876935956,False,,False
PC2,dose,18,19.2,0.878561252514264,0.3918880239512291,0.7387191876935956,False,,False
PC2,dose,18,19.266666666666666,0.8801830205903158,0.3910335979473414,0.7387191876935956,False,,False
PC2,dose,18,19.33333333333333,0.8821385245609662,0.3900049850565644,0.7387191876935956,False,,False
PC2,dose,18,19.4,0.8840876965979563,0.3889814890663199,0.7387191876935956,False,,False
PC2,dose,18,19.466666666666665,0.8886063816319154,0.3866156225103955,0.7387191876935956,False,,False
PC2,dose,18,19.53333333333333,0.8877358256505693,0.3870706772504205,0.7387191876935956,False,,False
PC2,dose,18,19.6,0.8907118319155728,0.3855165389757012,0.7387191876935956,False,,False
PC2,dose,18,19.666666666666668,0.8984521270351769,0.3814938734872228,0.7387191876935956,False,,False
PC2,dose,18,19.73333333333333,0.9044457989398472,0.3783982925621106,0.7387191876935956,False,,False
PC2,dose,18,19.8,0.9048837566106916,0.3781727611124024,0.7387191876935956,False,,False
PC2,dose,18,19.866666666666667,0.9098091423245668,0.3756425927938341,0.7387191876935956,False,,False
PC2,dose,18,19.933333333333334,0.9170006863997264,0.371968814513892,0.7387191876935956,False,,False
