subject,window,state,dose,SMNA_AUC,HR,RVT,window_c,SMNA_AUC_z,HR_z,RVT_z,ArousalIndex,session_id,pleasantness_z,unpleasantness_z,emotional_intensity_z,interoception_z,bliss_z,anxiety_z,t_sec,valence_index_z,t_bin
S04,1,DMT,High,0.8078872705745698,-0.2578798204309658,1.0420737602223311,-8.5,0.8078872705745698,-0.2578798204309658,1.0420737602223311,0.8189472834624826,1,-0.3149560540799557,-0.4694818945733412,1.5922942139164735,1.5758336478996446,-0.9508009881988356,1.5755279619340437,0,0.1545258404933854,1
S04,1,DMT,Low,1.0284383779031343,0.5875562092750762,0.7958709020243264,-8.5,1.0284383779031343,0.5875562092750762,0.7958709020243264,1.380318803494117,2,-0.4592542818786754,-0.8931665369781159,0.8696312424199673,1.5789082744203458,-0.2419999314682977,0.1652471919643211,0,0.4339122550994404,1
S04,1,RS,High,-0.6162700793175516,-1.0689124065344888,-0.7965834950135732,-8.5,-0.6162700793175516,-1.0689124065344888,-0.7965834950135732,-1.4184468412700224,1,1.493763046093454,-0.8482011142881972,-0.7936406701195166,-0.7946083646819961,0.3903750520698781,-0.9194782104743704,0,2.341964160381651,1
S04,1,RS,Low,-0.5760633386494054,-0.3592485729798266,0.1411033982992705,-8.5,-0.5760633386494054,-0.3592485729798266,0.1411033982992704,-0.5310174488665396,2,-0.3768068716953072,-0.9154367456186469,-1.0495657400183973,-0.3638118094203261,0.0409591252801749,-0.5415461006603868,0,0.5386298739233395,1
S04,2,DMT,High,0.874086239936898,-0.1741269351107242,0.6576641001062224,-7.5,0.874086239936898,-0.1741269351107242,0.6576641001062224,0.7428206816337396,1,-0.3405363957045738,-0.4670829703603781,1.6501738362518614,1.5629484196405627,-0.9288066681748632,1.5747682860220027,32,0.1265465746558042,2
S04,2,DMT,Low,0.2163482684249864,0.1575891765733066,3.3627144147120926,-7.5,0.2163482684249863,0.1575891765733065,3.3627144147120926,1.7328101430007747,2,-0.151794879012179,-0.8930436848389433,0.8543763753442957,1.5694478537531928,0.1167411731927176,-0.0519917878195733,32,0.7412488058267642,2
S04,2,RS,High,-0.6270906959536151,-1.0325389142690469,-1.0833975681562829,-7.5,-0.6270906959536151,-1.0325389142690469,-1.0833975681562829,-1.5301456943500316,1,1.5390559671317354,-0.7782474246075521,-0.8204633725632323,-0.8269250394236044,0.387935766283507,-0.9633859710180968,32,2.317303391739288,2
S04,2,RS,Low,-0.3225849223300929,-0.5826517279605353,0.4621630582920002,-7.5,-0.3225849223300929,-0.5826517279605353,0.4621630582920002,-0.3659715796896939,2,-0.3501398350855295,-0.916304974761009,-1.0306295818689033,-0.3739951679416748,0.0398037024347444,-0.5344557297629559,32,0.5661651396754795,2
S04,3,DMT,High,1.0991280692970622,-0.0768869525848553,3.296698893491452,-6.5,1.0991280692970622,-0.0768869525848553,3.296698893491452,2.1215170975199507,1,-0.3528370456496861,-0.4778756415469984,1.653727242321681,1.5592040493354282,-0.92032923194135,1.5677467346861211,60,0.1250385958973122,3
S04,3,DMT,Low,0.3698194150924072,1.8708612443069816,-1.5109166313885662,-6.5,0.3698194150924072,1.8708612443069816,-1.5109166313885662,0.7369017827961429,2,0.1709560043659475,-0.8972134671424534,0.849505032953382,1.566163531692238,0.3698201821908524,-0.3003555960163081,60,1.068169471508401,3
S04,3,RS,High,-0.6246217216775994,-0.8783516460857231,-1.484827750457971,-6.5,-0.6246217216775994,-0.8783516460857231,-1.484827750457971,-1.6104981759174726,1,1.5238054261137055,-0.7368980056664292,-0.8477058877249715,-0.8301935944460205,0.3721703776696778,-0.952802444294102,60,2.2607034317801347,3
S04,3,RS,Low,-0.5134458001106086,-0.7909000185781572,0.9323971615544248,-6.5,-0.5134458001106086,-0.7909000185781572,0.9323971615544248,-0.4094619493919104,2,-0.3742936560599584,-0.9177488892490684,-1.0199282659067015,-0.4151822408391022,0.0307133346797331,-0.5448473060583081,60,0.5434552331891099,3
S04,4,DMT,High,2.7352009114203994,-0.1144212501939512,2.009725936508995,-5.5,2.7352009114203994,-0.1144212501939512,2.009725936508995,2.572695871142788,1,-0.3671522877419295,-0.4821221924461398,1.6539484255586383,1.5726995392464431,-0.9061976571530356,1.5604445061284784,92,0.1149699047042103,4
S04,4,DMT,Low,0.2304753909313864,1.4696323266806777,-0.9886285103465642,-5.5,0.2304753909313863,1.4696323266806777,-0.9886285103465642,0.6286193568302365,2,0.3685362572176662,-0.9008869742435398,0.8426200993762755,1.5699933291933557,0.5383355321938966,-0.5292967814994901,92,1.269423231461206,4
S04,4,RS,High,-0.6288755334454081,-0.8033288122150216,-0.723953450460678,-5.5,-0.6288755334454081,-0.8033288122150216,-0.723953450460678,-1.227806250755597,1,1.4488856924361466,-0.721794770310595,-0.8505523610239211,-0.8489350624549085,0.3800566098426875,-0.935561991104396,92,2.1706804627467418,4
S04,4,RS,Low,0.4129411201398899,-0.0777166593080622,0.4770374494516423,-5.5,0.4129411201398899,-0.0777166593080622,0.4770374494516423,0.4277574357554994,2,-0.3836171566084496,-0.9224054341818791,-1.0095891788866365,-0.4172346166059166,0.0274548084116025,-0.5830589517862353,92,0.5387882775734296,4
S04,5,DMT,High,2.2598661851016915,-0.5426666641968609,2.1094889000582944,-4.5,2.2598661851016915,-0.5426666641968609,2.1094889000582944,2.0445275458358148,1,-0.3761684866710394,-0.4814652041158449,1.6539899136033709,1.5764691961581292,-0.9004451658016188,1.5644948804667445,120,0.1052967174448055,5
S04,5,DMT,Low,0.40339836175717,1.1489011710668595,-0.459202796434182,-4.5,0.40339836175717,1.1489011710668595,-0.459202796434182,0.7738004901587672,2,0.4968246983172474,-0.9108724421831,0.8358891206260908,1.5719876146496317,0.7437930620112659,-0.7087756796970428,120,1.4076971405003476,5
S04,5,RS,High,-0.5927544160689598,-0.8848796964487228,-0.3948367671267635,-4.5,-0.5927544160689598,-0.8848796964487228,-0.3948367671267635,-1.1094069168176286,1,1.3934048772878556,-0.7416228596097162,-0.8658936923035425,-0.8622167195857223,0.3969653529957839,-0.9241020517827516,120,2.135027736897572,5
S04,5,RS,Low,-0.5654774784380601,-0.565296133409589,-0.0426443074806957,-4.5,-0.5654774784380601,-0.565296133409589,-0.0426443074806957,-0.7350683504246318,2,-0.3077251957674085,-0.9373578962273388,-0.9967596110098808,-0.4027636377747989,0.028678529836841,-0.6927301681843933,120,0.6296327004599304,5
S04,6,DMT,High,3.523455229261872,0.382821986872049,1.4860607471499196,-3.5,3.523455229261872,0.3828219868720489,1.4860607471499196,3.155829947982167,1,-0.3772751714335748,-0.4844281347207158,1.6539899164420906,1.570789972451308,-0.8980924791564918,1.5615336710293335,152,0.1071529632871409,6
S04,6,DMT,Low,0.1715642945143016,1.3240386353278333,-0.6338607260587613,-3.5,0.1715642945143015,1.3240386353278333,-0.6338607260587613,0.6574794423989135,2,0.5930211047158249,-0.9200489107018248,0.8355094611758608,1.576495092863399,0.8866310059152515,-0.844054982001525,152,1.5130700154176495,6
S04,6,RS,High,-0.6376041234763982,-0.9843972564998096,-0.1404230137495664,-3.5,-0.6376041234763982,-0.9843972564998096,-0.1404230137495664,-1.087311489282404,1,1.352529502086104,-0.7837956025196429,-0.8673042185859273,-0.8615352153547186,0.4226817067423572,-0.9011153905575184,152,2.136325104605747,6
S04,6,RS,Low,-0.5987632432672372,-0.6775888346820973,0.2053331030809264,-3.5,-0.5987632432672372,-0.6775888346820973,0.2053331030809263,-0.7164390362312655,2,-0.226749534880155,-0.9431496311858568,-0.9896221256256202,-0.3874481587736925,0.0317365139847117,-0.8226047223828573,152,0.7164000963057017,6
S04,7,DMT,High,4.290099102954822,1.2282781148773907,-1.0559265834177038,-2.5,4.290099102954822,1.2282781148773907,-1.0559265834177038,3.045638346758236,1,-0.3767599112340923,-0.491382751451333,1.653989908048034,1.568091407660544,-0.8965702513134858,1.5604002994917872,180,0.1146228402172406,7
S04,7,DMT,Low,0.240772408730263,0.9757316238376764,-0.3612799948743517,-2.5,0.2407724087302629,0.9757316238376764,-0.3612799948743517,0.6047698201307985,2,0.6636308459323899,-0.927614433480754,0.8355184761320298,1.5744082220554954,0.9930015259180748,-0.9407060636152956,180,1.591245279413144,7
S04,7,RS,High,-0.6284972926923125,-1.0601682644194288,-0.0450140180459659,-2.5,-0.6284972926923125,-1.0601682644194288,-0.0450140180459659,-1.0865241805057646,1,1.317209475660936,-0.7951178258430315,-0.848881447084628,-0.8369523366080722,0.4552775640968541,-0.8874205711940575,180,2.112327301503968,7
S04,7,RS,Low,-0.5864525458513276,-0.5148937381370841,0.0095377521252738,-2.5,-0.5864525458513276,-0.5148937381370841,0.0095377521252737,-0.6937035722084811,2,-0.0696806870985145,-0.9301433274656196,-0.996556597232048,-0.3531180030509302,0.036299218448553,-0.9160711107856888,180,0.8604626403671052,7
S04,8,DMT,High,2.3631996865715785,0.6934836158417089,-0.8757246027661424,-1.5,2.3631996865715785,0.6934836158417089,-0.8757246027661424,1.5574795738361646,1,-0.3963966454951498,-0.496814105304475,1.6530277555783108,1.5749483499245438,-0.9027987522050142,1.5547183948544692,212,0.1004174598093252,8
S04,8,DMT,Low,0.0640910876855865,0.9179656216530307,-0.7201456132832024,-1.5,0.0640910876855864,0.9179656216530307,-0.7201456132832024,0.2958893240711902,2,0.7304787102446051,-0.9332352603202574,0.831899165556365,1.5715424749838824,1.066483905151129,-0.9749717029516204,212,1.6637139705648625,8
S04,8,RS,High,-0.6266002460436941,-1.093297776170568,-0.3408383180650193,-1.5,-0.6266002460436941,-1.093297776170568,-0.3408383180650193,-1.2376391510122944,1,1.281722867051712,-0.7992969559125201,-0.8311869644060484,-0.805539567546248,0.4600037333597117,-0.8750128992157054,212,2.0810198229642323,8
S04,8,RS,Low,-0.6226547057418809,-0.6969187869978305,-0.1670441743278734,-1.5,-0.6226547057418809,-0.6969187869978305,-0.1670441743278734,-0.9094602817950598,2,0.1544596244467746,-0.9305787216309788,-0.9983521518899076,-0.3292361617205156,0.0435149383143461,-0.9783549129490036,212,1.0850383460777535,8
S04,9,DMT,High,0.7024651919143864,1.6397513705539222,-0.2115850700147886,-0.5,0.7024651919143864,1.6397513705539222,-0.2115850700147886,1.3828842376589312,1,-0.4101343279657692,-0.5052582887895136,1.6496247242502364,1.5777087618794856,-0.909754217609566,1.5482512126348829,240,0.0951239608237443,9
S04,9,DMT,Low,-0.2613687705241343,0.766560517240059,-0.978865025153606,-0.5,-0.2613687705241343,0.766560517240059,-0.978865025153606,-0.1223396617027558,2,0.7365500024723989,-0.939763172324572,0.8288326669312437,1.5686198425336058,1.0902444378833795,-0.993045437524328,240,1.676313174796971,9
S04,9,RS,High,-0.6165832366681288,-1.1372170425208683,0.0212981197465337,-0.5,-0.6165832366681288,-1.1372170425208683,0.0212981197465336,-1.0976820111867898,1,1.254646697501307,-0.8298516701086249,-0.8303065132705706,-0.7808215928135139,0.4823661571394654,-0.8720061569547424,240,2.084498367609932,9
S04,9,RS,Low,-0.6316661987597716,-0.5606305653503385,-0.2917410830003916,-0.5,-0.6316661987597716,-0.5606305653503385,-0.2917410830003916,-0.8852948231117806,2,0.2880625119376794,-0.9381595872662613,-0.9939553401327084,-0.351491934785424,0.0410835588198996,-1.01182355499141,240,1.2262220992039408,9
S04,10,DMT,High,1.241734323547026,2.6167586657011346,1.81792483246956,0.5,1.241734323547026,2.6167586657011346,1.81792483246956,3.24282428311669,1,-0.4065842060268539,-0.5108058349830908,1.6423306345557365,1.573139298376067,-0.9070877720361902,1.5491004674399171,272,0.1042216289562368,10
S04,10,DMT,Low,-0.516736226572611,0.4103100176610666,0.3266067546135347,0.5,-0.516736226572611,0.4103100176610665,0.3266067546135347,0.0716344678939825,2,0.7315772746139751,-0.945628548511194,0.8156234649207882,1.5614781271686835,1.0829345958084395,-0.9999661098377084,272,1.6772058231251692,10
S04,10,RS,High,-0.6392680897664017,-1.0186292014951264,0.1322045220355804,0.5,-0.6392680897664017,-1.0186292014951264,0.1322045220355803,-0.9885706294216128,1,1.2384083689165095,-0.8443345544594166,-0.8215288530513359,-0.7638575135495975,0.4944176180103388,-0.8694439179549442,272,2.082742923375926,10
S04,10,RS,Low,-0.6301152773538226,-0.7457391960032939,0.304857315223432,0.5,-0.6301152773538226,-0.7457391960032939,0.304857315223432,-0.7349404407041763,2,0.3908719619555806,-0.9394977683555688,-1.0007375892237154,-0.3870103440923095,0.022921917053049,-1.0050408134506583,272,1.3303697303111497,10
S04,11,DMT,High,0.8973663287258414,2.1351499436806605,-0.2041672925523685,1.5,0.8973663287258414,2.1351499436806605,-0.2041672925523685,1.8213196456703955,1,-0.3944730669783288,-0.5099991932999873,1.6386164826384508,1.5695429283146554,-0.903838602411483,1.5545970378680438,300,0.1155261263216584,11
S04,11,DMT,Low,-0.2704424343468359,-0.0140376337186446,-0.5101921716568097,1.5,-0.2704424343468359,-0.0140376337186446,-0.5101921716568097,-0.4087936118502822,2,0.725892081845608,-0.9434964262830924,0.7982376691406998,1.555662443904345,1.0619415496691589,-1.0014792010746318,300,1.6693885081287003,11
S04,11,RS,High,-0.6361929814727846,-1.2477519015077203,-0.149472136243802,1.5,-0.6361929814727846,-1.2477519015077203,-0.149472136243802,-1.255441540089535,1,1.1786990296527955,-0.8660237219642052,-0.8045906621981103,-0.7544237602454044,0.4907210118189163,-0.8522657841898957,300,2.044722751617001,11
S04,11,RS,Low,-0.6298956647546403,-0.721515296164131,-0.0840441437946208,1.5,-0.6298956647546403,-0.721515296164131,-0.0840441437946208,-0.8925905652943549,2,0.4847102573533479,-0.9464500351747522,-0.993744126890422,-0.4114402136887564,0.0108809228304021,-1.001225083817474,300,1.4311602925281002,11
S04,12,DMT,High,-0.1454379255202295,2.219331493217356,0.158887161246611,2.5,-0.1454379255202295,2.219331493217356,0.1588871612466109,1.368138857067115,1,-0.3738414958818827,-0.5109257048601703,1.635997984465123,1.5651746556415946,-0.9039179342762544,1.5609548286749468,332,0.1370842089782876,12
S04,12,DMT,Low,-0.5474890805294529,0.1364000780844223,-0.7426442371274633,2.5,-0.5474890805294529,0.1364000780844222,-0.7426442371274633,-0.5952314715319894,2,0.7136257826779382,-0.9453771546048498,0.7617603880844249,1.5442530672246442,1.05007539372897,-1.0091163754026338,332,1.659002937282788,12
S04,12,RS,High,-0.6398296806366071,-1.1613625213826917,0.0948567089686928,2.5,-0.6398296806366071,-1.1613625213826917,0.0948567089686927,-1.0949724578743425,1,1.054821954656921,-0.8440155945435625,-0.7888099623582988,-0.7570134434994216,0.4873038180772731,-0.84417691395343,332,1.898837549200484,12
S04,12,RS,Low,-0.6295387312170749,-0.6216237945441603,0.9600847905084924,2.5,-0.6295387312170749,-0.6216237945441603,0.9600847905084924,-0.365385110645289,2,0.5457966054579876,-0.931166561876332,-0.9767669730649636,-0.4204872296886682,0.0139332794887074,-0.9907026953094156,332,1.4769631673343198,12
S04,13,DMT,High,0.7455540459367596,1.9425533562768604,0.0989076261718942,3.5,0.7455540459367596,1.9425533562768604,0.0989076261718941,1.738281301230364,1,-0.3566344738582278,-0.5154054087075388,1.6228531552596095,1.5575569142033416,-0.9039322354989106,1.558722352092469,360,0.1587709348493109,13
S04,13,DMT,Low,-0.5443848528450568,0.0268769464120587,1.0711498856719457,3.5,-0.5443848528450568,0.0268769464120586,1.0711498856719457,0.1448382771033504,2,0.719230680535789,-0.9436541771243976,0.6851553598169124,1.5161973258150443,1.0486571717264752,-1.0120368296533984,360,1.6628848576601865,13
S04,13,RS,High,-0.6332200925068606,-0.8211238676156867,0.3145426177129811,3.5,-0.6332200925068606,-0.8211238676156867,0.3145426177129811,-0.7798531871413139,1,0.9343758691229432,-0.8462502350200675,-0.7725399534161951,-0.7703810362291741,0.4872162468322968,-0.8540436271533387,360,1.7806261041430107,13
S04,13,RS,Low,-0.3962177437764805,-0.2559921600797167,0.6610366630381845,3.5,-0.3962177437764805,-0.2559921600797167,0.6610366630381845,-0.1199724324965135,2,0.5933267927949237,-0.8937041932776261,-0.9617526928025304,-0.4040424895517022,0.0013878865226012,-1.0065906565013711,360,1.4870309860725497,13
S04,14,DMT,High,0.0690215096819988,1.801299039598658,-1.5977558176784563,4.5,0.0690215096819987,1.801299039598658,-1.5977558176784563,0.4621820873933963,1,-0.3482266107245012,-0.5115012827715949,1.6146437222048449,1.5624354977563326,-0.9016975741983212,1.5637691143293952,392,0.1632746720470936,14
S04,14,DMT,Low,-0.2143575381216625,-0.1580739157294023,-0.5542007460812449,4.5,-0.2143575381216625,-0.1580739157294023,-0.5542007460812449,-0.4827203168185912,2,0.7236696004672316,-0.942128881769255,0.592569532136587,1.450303456740496,1.048657167649531,-1.0059880412349476,392,1.6657984822364866,14
S04,14,RS,High,-0.6300077641436284,-0.335529448831664,-0.4414620165190721,4.5,-0.6300077641436284,-0.3355294488316641,-0.4414620165190721,-0.8097833563094058,1,0.7982489510276689,-0.8468399245246665,-0.7715304205728815,-0.7819585314514209,0.4392533569021357,-0.8501745211400008,392,1.6450888755523354,14
S04,14,RS,Low,0.016530475756192,0.1328018183751865,0.4161994684076677,4.5,0.0165304757561919,0.1328018183751864,0.4161994684076677,0.2788979830451095,2,0.6096267559935562,-0.8749539756630664,-0.9489114663072428,-0.4043908711606452,-0.0158598188168171,-1.009920387135532,392,1.4845807316566226,14
S04,15,DMT,High,0.0996039489918986,1.4754479383896957,-0.6344358073934759,5.5,0.0996039489918985,1.4754479383896957,-0.6344358073934759,0.706036363203958,1,-0.3442320436364903,-0.5101405481162085,1.611971137684406,1.5624957430623163,-0.8974249331657702,1.5701117152242492,420,0.1659085044797181,15
S04,15,DMT,Low,-0.3986056663365174,-0.3147119699174154,-1.0673612182252104,5.5,-0.3986056663365174,-0.3147119699174154,-1.0673612182252104,-0.9270176951730053,2,0.7206354219734112,-0.9419696114856028,0.4927569021559895,1.362886053890483,1.0486571676495298,-1.0034866452294409,420,1.662605033459014,15
S04,15,RS,High,-0.6323215362528621,-0.8744886976679445,-1.477798338915974,5.5,-0.6323215362528621,-0.8744886976679445,-1.477798338915974,-1.6098792891293343,1,0.6476219648021825,-0.8436484015289847,-0.7893503499688648,-0.7746918481216232,0.3315826733544504,-0.8533483136606888,420,1.4912703663311673,15
S04,15,RS,Low,-0.5011065942080908,-0.699036103090673,0.8018543256234275,5.5,-0.5011065942080908,-0.699036103090673,0.8018543256234275,-0.4020666696106839,2,0.6589300194691404,-0.8889835927396852,-0.9466143612775462,-0.4206813539230989,-0.0154262500869723,-1.0066980912462706,420,1.5479136122088255,15
S04,16,DMT,High,-0.0435570277057867,1.2902913323739282,-0.7393763389778216,6.5,-0.0435570277057867,1.2902913323739282,-0.7393763389778216,0.451726841827983,1,-0.3398757533711359,-0.5100820159286582,1.6087542028715254,1.5647219796708451,-0.8906559569515676,1.5733511360255523,452,0.1702062625575223,16
S04,16,DMT,Low,-0.4285966897962094,0.026481722121711,-0.139064777607615,6.5,-0.4285966897962094,0.0264817221217109,-0.139064777607615,-0.3195616962364068,2,0.7119618159565307,-0.9404481641450716,0.348714873434185,1.2772060921841557,1.048657167649501,-0.9973642113771995,452,1.6524099801016026,16
S04,16,RS,High,-0.6251640649787181,-1.2634659722689976,-1.2359889972409064,6.5,-0.6251640649787181,-1.2634659722689976,-1.2359889972409064,-1.7414700069580016,1,0.4978073146372033,-0.8222173552691293,-0.800157990711973,-0.7924041632730235,0.2490734783406934,-0.8723518360155309,452,1.3200246699063327,16
S04,16,RS,Low,-0.6314908669061429,-0.5919422804970155,0.3917925230751534,6.5,-0.6314908669061429,-0.5919422804970155,0.3917925230751534,-0.6007917898499749,2,0.7026723580010275,-0.9361815641758838,-0.936955279122827,-0.4380956913769273,-0.0014037073247733,-0.9880266730264572,452,1.6388539221769114,16
S04,17,DMT,High,-0.1799105980851428,1.0866742923307873,-1.37380104529668,7.5,-0.1799105980851428,1.0866742923307873,-1.37380104529668,-0.045286864780592,1,-0.3480430610051671,-0.5053854309790624,1.6096509194008644,1.5663010853648305,-0.8901260944279838,1.573913610859388,480,0.1573423699738952,17
S04,17,DMT,Low,-0.495852676525539,-0.3454803397966999,-0.2412394122253579,7.5,-0.495852676525539,-0.3454803397966999,-0.2412394122253579,-0.6411071076887157,2,0.7046878692411206,-0.9444281104509444,0.2094173514489612,-0.5593754868229461,1.0486572118418718,-0.988317522625626,480,1.649115979692065,17
S04,17,RS,High,-0.625040033217327,-0.9985826775976936,-0.995027364626928,7.5,-0.625040033217327,-0.9985826775976936,-0.995027364626928,-1.4682538273962238,1,0.3987525542974673,-0.7959522786675854,-0.8218884858255577,-0.8357372145531123,0.1389501612389756,-0.8640459797140568,480,1.1947048329650527,17
S04,17,RS,Low,-0.6098666935865164,-0.6343167064383342,1.0709412422669815,7.5,-0.6098666935865164,-0.6343167064383342,1.0709412422669815,-0.3114431415190211,2,0.7144600168076614,-0.9750255904436456,-0.9224769256876164,-0.4495424652393296,0.007109432915994,-0.881914089027645,480,1.689485607251307,17
S04,18,DMT,High,0.0008949433527549,1.0947274956669544,-0.2197961192906523,8.5,0.0008949433527548,1.0947274956669544,-0.2197961192906523,0.5887324631571828,1,-0.3558469697386809,-0.4994591087013965,1.6119757980428957,1.5663010105619255,-0.891913605275873,1.5739136536219267,512,0.1436121389627155,18
S04,18,DMT,Low,-0.4646323181670163,-0.185313172970389,0.0980128962702177,8.5,-0.4646323181670163,-0.185313172970389,0.0980128962702176,-0.3698845623065748,2,0.7024381490204474,-0.9420826662635312,0.0669455816110981,-0.7946876785506625,1.0505680402872113,-0.9751255249968312,512,1.6445208152839788,18
S04,18,RS,High,-0.6219144753844558,-1.060787445617955,-0.7849157963705633,8.5,-0.6219144753844558,-1.060787445617955,-0.7849157963705633,-1.411779123521886,1,0.3555045830396273,-0.802689826870294,-0.8314582162734083,-0.839047061289145,0.064899031889599,-0.857726988971763,512,1.1581944099099213,18
S04,18,RS,Low,-0.6253745144742165,-0.5538529759771403,0.7711562473196115,8.5,-0.6253745144742165,-0.5538529759771403,0.7711562473196115,-0.4042854463082914,2,0.7051712368167856,-1.005621438666055,-0.9254083996337932,-0.4546486054938364,0.0062400403478907,-0.6784139604213048,512,1.7107926754828404,18
S06,1,DMT,High,0.8685439140644017,-0.0811587069052787,1.974231170863696,-8.5,0.8685439140644017,-0.0811587069052787,1.974231170863696,1.3830827797262224,2,-0.6650179579867644,-0.3004558548406102,0.549723964233441,1.2136716627004376,-0.5741892921960728,0.2472052643239134,0,-0.3645621031461541,1
S06,1,DMT,Low,2.5715909462357605,1.7307229853315638,1.4505945713108863,-8.5,2.5715909462357605,1.7307229853315638,1.4505945713108863,3.375405189139772,1,-0.9263736255929412,-0.0650086440122139,1.29697832565162,1.064928834822644,-0.1954010222699714,1.3389104743535254,0,-0.8613649815807274,1
S06,1,RS,High,-0.8369800281431536,-1.184419839495617,-0.2412734887578706,-8.5,-0.8369800281431536,-1.184419839495617,-0.2412734887578706,-1.3850941575519462,2,-0.6617871180854867,-1.3010502052043091,-1.057056578549139,-0.4638438038669205,-0.0899197341833479,-1.202808552091395,0,0.6392630871188224,1
S06,1,RS,Low,0.991359133155045,0.0249854813580772,-0.5149012152167284,-8.5,0.991359133155045,0.0249854813580771,-0.5149012152167284,0.4211201939678911,1,-0.54732768236688,-1.476852447895363,-1.157403631450716,-0.4488719362666051,0.3419714359856896,-1.1784625732223368,0,0.9295247655284832,1
S06,2,DMT,High,1.2565443854658185,0.2882244350055304,1.1978832536559558,-7.5,1.2565443854658185,0.2882244350055303,1.1978832536559558,1.517556774013679,2,-0.7145991406979635,-0.2961990059834902,0.5955375261557343,1.276199462265343,-0.5524712991164683,0.2369450627957125,32,-0.4184001347144733,2
S06,2,DMT,Low,1.6832963511855634,2.4282072543361743,1.888328484147204,-7.5,1.6832963511855634,2.4282072543361743,1.888328484147204,3.438599003225697,1,-0.4602136779814226,-0.074227172993118,1.2969783256001333,1.1335564575184165,-0.1872463894099585,1.342955169663863,32,-0.3859865049883045,2
S06,2,RS,High,-0.8851493321553114,-1.4090462233052534,-0.4173410992811997,-7.5,-0.8851493321553114,-1.4090462233052534,-0.4173410992811997,-1.634973589925746,2,-0.6518208661398609,-1.2936116824646668,-0.996069302245248,-0.4923789819971157,-0.074051527594323,-1.1851254869753445,32,0.641790816324806,2
S06,2,RS,Low,1.5464532512969025,-0.1186102495173578,-0.5685367256252558,-7.5,1.5464532512969025,-0.1186102495173578,-0.5685367256252558,0.6625556037838475,1,-0.5160151996176188,-1.4489879900102232,-1.1527390268319089,-0.4441259076622904,0.3922979353776696,-1.0821247186200524,32,0.9329727903926044,2
S06,3,DMT,High,2.666975492100833,0.6826984725988283,2.815950718735746,-6.5,2.666975492100833,0.6826984725988282,2.815950718735746,3.387055647966565,2,-0.728283089744405,-0.2810601191704494,0.6066652483849858,1.397483628922171,-0.5397928485222723,0.2291207797255665,60,-0.4472229705739556,3
S06,3,DMT,Low,1.6288585489276377,2.387182858431056,-0.7809130976178681,-6.5,1.6288585489276377,2.387182858431056,-0.7809130976178681,2.1908776313308924,1,-0.2806679490298525,-0.0899743809884391,1.2969783177284315,1.1848269315607685,-0.1777784127933452,1.331530563461664,60,-0.1906935680414133,3
S06,3,RS,High,-0.8957642551892796,-1.2499086983732115,0.286732199604219,-6.5,-0.8957642551892796,-1.2499086983732115,0.286732199604219,-1.2289124935759423,2,-0.6390051878384296,-1.2949719451192476,-0.9603714563768748,-0.5316810915177723,-0.030740824500729,-1.1759519601233517,60,0.655966757280818,3
S06,3,RS,Low,-0.7660115754072659,-0.2610944664452847,-0.5603877236117807,-6.5,-0.7660115754072659,-0.2610944664452848,-0.5603877236117807,-0.903081647792452,1,-0.4798534607713621,-1.4220652622877334,-1.1578161612580555,-0.5057892934421983,0.3569435355566985,-1.030853784281542,60,0.9422118015163712,3
S06,4,DMT,High,0.8679645119261183,1.1455692566265854,0.6909629975553869,-5.5,0.8679645119261183,1.1455692566265854,0.6909629975553869,1.5805866707852836,2,-0.7116229518387266,-0.2674326275797514,0.595080743618601,1.4885408221261038,-0.5378090618520369,0.2290317948280364,92,-0.4441903242589751,4
S06,4,DMT,Low,1.883971573226276,1.3157463318595852,-0.1762037394405697,-5.5,1.883971573226276,1.3157463318595852,-0.1762037394405697,1.9517791938816929,1,-0.2060550589624481,-0.107311352820577,1.2969785563551757,1.2202609257400092,-0.1692460146337461,1.3192203077077551,92,-0.0987437061418711,4
S06,4,RS,High,-0.8996999657034347,-1.1881785932079518,0.454377563066024,-5.5,-0.8996999657034347,-1.1881785932079518,0.454377563066024,-1.118191268427722,2,-0.6115860417301405,-1.2986742925812942,-0.9532229249584596,-0.5104854848659264,0.0762941314879676,-1.161485441033148,92,0.6870882508511537,4
S06,4,RS,Low,-0.6612109886984977,0.1791012615729326,-0.6295231337830466,-5.5,-0.6612109886984977,0.1791012615729325,-0.6295231337830466,-0.5909469636950024,1,-0.4251715185396794,-1.3885163236368434,-1.174926816312097,-0.5626561659814244,0.290304002077338,-0.9681996632130472,92,0.963344805097164,4
S06,5,DMT,High,0.7506020747303686,0.4373379487417531,1.330781759196645,-4.5,0.7506020747303686,0.437337948741753,1.330781759196645,1.3462890971873034,2,-0.6530731524289272,-0.2505383929538669,0.586398710501052,1.537820160957218,-0.5285546572538713,0.2248173028088445,120,-0.4025347594750603,5
S06,5,DMT,Low,2.241283268426892,1.0906944450147409,-0.7922511342024365,-4.5,2.241283268426892,1.0906944450147409,-0.7922511342024365,1.7654563361195017,1,-0.0953890328778784,-0.1190044750111782,1.2970508445929585,1.2503214080239768,-0.1633661591292057,1.308604130576443,120,0.0236154421332998,5
S06,5,RS,High,-0.9036960894420816,-1.463289745395539,-0.1892278841569747,-4.5,-0.9036960894420816,-1.463289745395539,-0.1892278841569747,-1.5793745765812948,2,-0.5684853039502268,-1.299447858873893,-0.9384128114344188,-0.3982312800923845,0.2033669443541336,-1.1746870592629677,120,0.7309625549236661,5
S06,5,RS,Low,0.6751758466331501,-0.1180524910291185,-0.5405077576909585,-4.5,0.6751758466331501,-0.1180524910291185,-0.5405077576909585,0.117750479963118,1,-0.3784869933555415,-1.356869150419033,-1.20529296050384,-0.5819163238843823,0.2209457751511015,-0.8371602567142824,120,0.9783821570634916,5
S06,6,DMT,High,1.330760146159782,0.3888810859117426,1.6381442072720718,-3.5,1.330760146159782,0.3888810859117425,1.6381442072720718,1.8239341864518444,2,-0.5458327102295442,-0.2434113194176533,0.5523197948183697,1.588376736547574,-0.509645221880094,0.2205650235875417,152,-0.3024213908118908,6
S06,6,DMT,Low,1.3257034222095554,-1.8821245344789903,-0.2520147590003656,-3.5,1.3257034222095554,-1.8821245344789903,-0.2520147590003656,-0.4429024359994731,1,0.1045581932023501,-0.1197727917172349,1.2902025548724296,1.260962377029913,-0.169824881799784,1.30235181252929,152,0.224330984919585,6
S06,6,RS,High,-0.9003372506780635,-1.1959654465318406,-0.0534192123424392,-3.5,-0.9003372506780635,-1.1959654465318406,-0.0534192123424392,-1.349326679078071,2,-0.5097305769740527,-1.316678747709468,-0.8904903884441776,-0.2218509577437381,0.3447928692684953,-1.2149444160949312,152,0.8069481707354152,6
S06,6,RS,Low,-0.7916274261408995,0.1180808808556879,-0.9149050209996128,-3.5,-0.7916274261408995,0.1180808808556878,-0.9149050209996128,-0.8395740830624759,1,-0.3073219626650395,-1.3454448677895423,-1.2154741855126272,-0.5400606678154214,0.177602635271173,-0.614058839447148,152,1.038122905124503,6
S06,7,DMT,High,0.3437038459362102,-0.2780994466233101,1.6670284393501391,-2.5,0.3437038459362102,-0.2780994466233101,1.6670284393501391,0.7871552050830587,2,-0.4121490537882734,-0.2330504109741685,0.5330169496631855,1.6260294197001626,-0.4866355083284281,0.2059824466936396,180,-0.1790986428141048,7
S06,7,DMT,Low,2.372852873587146,2.415249639471769,-0.4591367663760943,-2.5,2.372852873587146,2.415249639471769,-0.4591367663760943,2.8277362253829805,1,0.2916258332492805,-0.1197724047162599,1.2746580987359202,1.2647949495119524,-0.1787353187248212,1.2945344872017697,180,0.4113982379655404,7
S06,7,RS,High,-0.8967814416388199,-1.3604803060663524,0.2390416616966198,-2.5,-0.8967814416388199,-1.3604803060663524,0.2390416616966197,-1.3200545892230895,2,-0.4110517482323936,-1.331927557292391,-0.7213532294764693,-0.03816257755597,0.4412829741598418,-1.2267789094479569,180,0.9208758090599972,7
S06,7,RS,Low,-0.8788718801621332,0.1311835464874685,-0.8544892783082435,-2.5,-0.8788718801621332,0.1311835464874684,-0.8544892783082435,-0.8603305933867702,1,-0.2271781585568366,-1.3239860008240936,-1.2113525285460254,-0.4405053502391748,0.1667113322311037,-0.4391265187242727,180,1.096807842267257,7
S06,8,DMT,High,0.4512425389600918,0.3910704472232791,1.7157266531620448,-1.5,0.4512425389600918,0.391070447223279,1.7157266531620448,1.2969170972089226,2,-0.2787901091508182,-0.2270745924511125,0.5281375996219627,1.6404042337691644,-0.4380898482731356,0.1951255697502016,212,-0.0517155166997056,8
S06,8,DMT,Low,0.4398838575400426,1.3900481767479202,-0.8633989163166392,-1.5,0.4398838575400426,1.3900481767479202,-0.8633989163166392,0.7684743490677184,1,0.4703075552802039,-0.1197721741044967,1.2552061287087282,1.2647756597019246,-0.1877271062234964,1.2888207768337037,212,0.5900797293847008,8
S06,8,RS,High,-0.9017446235530044,-1.4836050405118095,0.1347292956869222,-1.5,-0.9017446235530044,-1.4836050405118095,0.1347292956869221,-1.4467706950951658,2,-0.2293138095724752,-1.336169430400791,-0.5392586622651371,0.1272863312829466,0.5403615744831761,-1.2039834381118182,212,1.1068556208283158,8
S06,8,RS,Low,-0.789992020699342,0.1880233366320811,-0.7842118793265007,-1.5,-0.789992020699342,0.188023336632081,-0.7842118793265007,-0.7365766963653502,1,-0.1563910851880295,-1.2999910324754216,-1.1918513440939684,-0.3145413372230697,0.1735679531450767,-0.2178733195547988,212,1.143599947287392,8
S06,9,DMT,High,0.7970757877667893,0.6223663674540039,2.622899103230581,-0.5,0.7970757877667893,0.6223663674540038,2.622899103230581,2.066648933437374,2,-0.1197652709531061,-0.2271210237912865,0.5325658354805702,1.6451675383320066,-0.3522915376745458,0.1955690444149478,240,0.1073557528381803,9
S06,9,DMT,Low,1.0370776787598044,1.3148227649785236,-1.1381840047953111,-0.5,1.0370776787598044,1.3148227649785236,-1.1381840047953111,0.9813332180820588,1,0.5674169589466089,-0.1200695082218793,1.23183763054893,1.2619088512450092,-0.1881385558240112,1.2853742847702958,240,0.6874864671684883,9
S06,9,RS,High,-0.9033098619583478,-1.31303192930861,0.2932871802424152,-0.5,-0.9033098619583478,-1.31303192930861,0.2932871802424152,-1.2703770360639703,2,-0.1167954182527312,-1.345037549642775,-0.3420158077696043,0.2253528252489995,0.5885994255337772,-1.1756172009052734,240,1.228242131390044,9
S06,9,RS,Low,-0.2854291391198593,0.2661979551654011,-0.8669961253608439,-0.5,-0.2854291391198593,0.266197955165401,-0.8669961253608439,-0.4014924406982938,1,-0.077811958334746,-1.300094078910281,-1.1563459305579231,-0.1927552515137279,0.1914390308129717,0.0339020063313095,240,1.222282120575535,9
S06,10,DMT,High,0.6020162074217824,1.136230632981409,1.5449075066669151,0.5,0.6020162074217824,1.136230632981409,1.5449075066669151,1.784329374150189,2,0.034494987671519,-0.2313728238299887,0.5349380132696077,1.645812973391897,-0.2243745901141986,0.2015948528829883,272,0.2658678115015078,10
S06,10,DMT,Low,-0.0887792618910685,1.0143064878162569,-1.0303727611149789,0.5,-0.0887792618910685,1.0143064878162569,-1.0303727611149789,0.1204382535231782,1,0.6838408637201167,-0.1315490226492206,1.203317705222494,1.249946371292562,-0.1813188966529224,1.2770811881578308,272,0.8153898863693373,10
S06,10,RS,High,-0.9036925369445108,-1.5778350375831829,0.5949731507449088,0.5,-0.9036925369445108,-1.5778350375831829,0.5949731507449088,-1.3023596054567446,2,0.0470974752636463,-1.345020470722321,-0.1710858963309052,0.2753184182865709,0.6172802869302316,-1.1763846201292216,272,1.3921179459859674,10
S06,10,RS,Low,-0.5583632387274569,-0.0525312756422171,-0.6654310187851991,0.5,-0.5583632387274569,-0.0525312756422171,-0.6654310187851991,-0.6862270312334737,1,-0.0269011744415548,-1.3022783671595717,-1.125285743994069,-0.0819193256061883,0.2294953694689502,0.2290805707642782,272,1.2753771927180166,10
S06,11,DMT,High,-0.2400050551592845,0.0968373552353468,-0.3248997686175664,1.5,-0.2400050551592845,0.0968373552353467,-0.3248997686175664,-0.2374323475724665,2,0.120743773487424,-0.2535623024936287,0.5349384193061932,1.6507644919682776,-0.037400044145292,0.2144428237760314,300,0.3743060759810528,11
S06,11,DMT,Low,0.6482746470770451,0.7959811969373534,-0.994549882445297,1.5,0.6482746470770451,0.7959811969373533,-0.994549882445297,0.4712934463980206,1,0.8152441524121382,-0.1406204365006017,1.164168659664662,1.236797826599886,-0.1745509669421108,1.2700374743537637,300,0.95586458891274,11
S06,11,RS,High,-0.8990595146247293,-0.9672837631689596,0.8956248404367768,1.5,-0.8990595146247293,-0.9672837631689596,0.8956248404367768,-0.7831267624091324,2,0.1666521326629229,-1.3325922091427072,-0.1798322851326761,0.3193831729717222,0.619566229025415,-1.2033358781781165,300,1.49924434180563,11
S06,11,RS,Low,-0.7878482295164755,0.3569071689127904,-0.5833198730936938,1.5,-0.7878482295164755,0.3569071689127903,-0.5833198730936938,-0.5400390871774011,1,0.0269826515712514,-1.298226104313746,-1.1071025391493488,0.0629207103058019,0.2869840381289288,0.3007908552803318,300,1.3252087558849974,11
S06,12,DMT,High,0.0147725288220549,0.2902330530194536,1.028326074994115,2.5,0.0147725288220549,0.2902330530194535,1.028326074994115,0.648664105293217,2,0.1619596350449383,-0.2794959771368081,0.5332009931224279,1.66063229822258,0.2034726750244606,0.2201917956703692,332,0.4414556121817465,12
S06,12,DMT,Low,0.1820475358582412,0.6660450156756601,-1.1233800155620333,2.5,0.1820475358582412,0.66604501567566,-1.1233800155620333,0.0341943240117672,1,0.9160793856687672,-0.1455657767501081,1.121479627160768,1.2203900958067335,-0.168536538891447,1.264747548428515,332,1.0616451624188752,12
S06,12,RS,High,-0.9036968069182552,-1.4846655678382308,0.1367045856385126,2.5,-0.9036968069182552,-1.4846655678382308,0.1367045856385125,-1.447806054362526,2,0.2351652276408587,-1.3324678320215708,-0.2324416399113522,0.3562859173446736,0.5916214597099688,-1.2220140877167367,332,1.5676330596624295,12
S06,12,RS,Low,-0.8226288658748833,-0.3294233106290468,-0.8561748080538525,2.5,-0.8226288658748833,-0.3294233106290468,-0.8561748080538525,-1.113684088523765,1,0.0435630927639822,-1.2928355079915523,-1.0739671086109006,0.2149351747737291,0.3564447998411853,0.293149109088505,332,1.3363986007555346,12
S06,13,DMT,High,-0.2416959765631946,0.259358725394918,-0.2532222041097708,3.5,-0.2416959765631946,0.2593587253949179,-0.2532222041097708,-0.1048050991979632,2,0.1970651917649058,-0.2957215728025689,0.5239009730534647,1.6672939120523684,0.4493930094155579,0.2295257952896225,360,0.4927867645674747,13
S06,13,DMT,Low,0.0690786722798072,0.4986211295642618,-1.17879325749619,3.5,0.0690786722798072,0.4986211295642617,-1.17879325749619,-0.1676536072493244,1,0.9962357643985028,-0.1466027087465083,1.0803301813787278,1.2136727267954963,-0.1591619454919726,1.2589457377986863,360,1.142838473145011,13
S06,13,RS,High,-0.903704745443788,-1.6183373204373472,0.2545408085647175,3.5,-0.903704745443788,-1.6183373204373472,0.2545408085647175,-1.4791559689636518,2,0.2738625534896389,-1.3689380477791893,-0.2512006276111918,0.3573560536949219,0.5223822656201096,-1.224427505082574,360,1.642800601268828,13
S06,13,RS,Low,-0.5028218505850213,0.0770206457393862,-0.815491680033792,3.5,-0.5028218505850213,0.0770206457393861,-0.815491680033792,-0.6362490353335899,1,0.037828723431963,-1.274388211459888,-1.0688406701726871,0.3531423697121989,0.4706678319616341,0.2365370768854663,360,1.3122169348918509,13
S06,14,DMT,High,-0.3189039261286063,0.3333509544150073,0.0601417065669122,4.5,-0.3189039261286063,0.3333509544150072,0.0601417065669121,0.0315146577348152,2,0.2286767249971105,-0.30842232540029,0.5084397332008467,1.6659604137383073,0.6224431317980923,0.2344134506140433,392,0.5370990503974005,14
S06,14,DMT,Low,-0.3219051119513114,0.8045699112132341,-0.824793190941511,4.5,-0.3219051119513114,0.804569911213234,-0.824793190941511,-0.0687425780202391,1,1.065118209867124,-0.1470950151668724,1.0376320716637597,1.2059179775243012,-0.1436061834259645,1.2378699608714123,392,1.2122132250339963,14
S06,14,RS,High,-0.9036981103020936,-1.5463538286357024,0.7428156874366976,4.5,-0.9036981103020936,-1.5463538286357024,0.7428156874366976,-1.2168834807214164,2,0.2796468752699835,-1.4260504864853285,-0.2730636657906308,0.3181780974440612,0.4010174869400108,-1.2199193010235925,392,1.7056973617553122,14
S06,14,RS,Low,-0.8252409537234818,-0.3540064397280963,-1.2291028410697702,4.5,-0.8252409537234818,-0.3540064397280963,-1.2291028410697702,-1.2966228598484888,1,-0.033984049066162,-1.2755775032625256,-1.0969023389657564,0.4699611688677985,0.561358971544116,0.1290373602303072,392,1.2415934541963636,14
S06,15,DMT,High,-0.2363347269833959,0.2105752413881622,-0.1155717508621356,5.5,-0.2363347269833959,0.2105752413881621,-0.1155717508621356,-0.0707181864568669,2,0.2580581330639658,-0.3210492205129268,0.4745567499335818,1.6479026552006646,0.7455513382992387,0.2344159808353835,420,0.5791073535768927,15
S06,15,DMT,Low,-0.6609570530951627,0.2365574660115429,-1.3153477095700223,5.5,-0.6609570530951627,0.2365574660115428,-1.3153477095700223,-0.8598130096983644,1,1.1317508603594677,-0.1553580632132303,0.9814465464091512,1.2062851496966258,-0.1128606522134116,1.171368786591834,420,1.2871089235726978,15
S06,15,RS,High,-0.9027817311402726,-1.032189212486046,0.5690705821122213,5.5,-0.9027817311402726,-1.032189212486046,0.5690705821122213,-0.9714152443830602,2,0.2565519606719912,-1.4858826622758723,-0.389304936871602,0.2687230094283137,0.265888654490112,-1.2231887676678723,420,1.7424346229478636,15
S06,15,RS,Low,-0.4031568136237505,-0.0095027432504412,-0.7992175959452338,5.5,-0.4031568136237505,-0.0095027432504412,-0.7992175959452338,-0.6194373696702832,1,-0.1519694806426232,-1.3303302249414868,-1.1269595326237902,0.5298124715133309,0.612841590877978,-0.0754143736585516,420,1.1783607442988635,15
S06,16,DMT,High,0.1137664313105269,0.0589025225484515,0.4926693157798251,6.5,0.1137664313105269,0.0589025225484514,0.4926693157798251,0.3288376004862528,2,0.3188838915413561,-0.3319379875202615,0.4430482555565357,1.608340844405221,0.8550234403805774,0.230718029327303,452,0.6508218790616177,16
S06,16,DMT,Low,-0.0368650733463049,0.3175384931948287,-1.0145599858342478,6.5,-0.0368650733463049,0.3175384931948286,-1.0145599858342478,-0.2758731458219975,1,1.1703613424373944,-0.1657590716810841,0.9318529574744866,1.2136038349039393,-0.0627747477702894,1.101037246828748,452,1.3361204141184786,16
S06,16,RS,High,-0.9036924088978872,-0.7968677843425841,0.7814106693771626,6.5,-0.9036924088978872,-0.7968677843425842,0.7814106693771626,-0.7301134465734606,2,0.2183715037586021,-1.515704055840184,-0.5939221564429167,0.2180145052195718,0.1688885346798316,-1.2200529286149684,452,1.734075559598786,16
S06,16,RS,Low,-0.854364316258055,0.2506473773641509,-0.7065260640721686,6.5,-0.854364316258055,0.2506473773641508,-0.7065260640721686,-0.7039855713954716,1,-0.2789182607518748,-1.4081209947629805,-1.151642555856665,0.5179606139636562,0.6448547011653013,-0.2943683686973363,452,1.1292027340111055,16
S06,17,DMT,High,-0.4231003966565345,0.2778633982160526,0.5630549886571783,7.5,-0.4231003966565345,0.2778633982160525,0.5630549886571783,0.1537386268822285,2,0.425112064142179,-0.3542382501478797,0.4161311381132108,1.5244386791986757,0.9359208842229514,0.2136200192696822,480,0.7793503142900586,17
S06,17,DMT,Low,-0.6190825532575956,-0.039000822932541,-1.2645581910694148,7.5,-0.6190825532575956,-0.039000822932541,-1.2645581910694148,-0.983078781962386,1,1.203529781472924,-0.1896371619115231,0.8909088456562996,1.224521077894136,8.227327332316174e-05,1.0418755386076637,480,1.3931669433844471,17
S06,17,RS,High,-0.9037000975829038,-1.0788911344952088,0.4264022797603478,7.5,-0.9037000975829038,-1.0788911344952088,0.4264022797603478,-1.064718140103501,2,0.1381354657967367,-1.5293207300162892,-0.9149084666577124,0.1268138800628137,0.0474528686896609,-1.169922538237521,480,1.6674561958130258,17
S06,17,RS,Low,-0.8318776276125653,-0.44324817725674,-1.1372884120842486,7.5,-0.8318776276125653,-0.44324817725674,-1.1372884120842486,-1.3159504502803372,1,-0.3890164147859886,-1.4427544560569503,-1.1654309433396233,0.4621315171693875,0.6676284007692037,-0.5087860567597344,480,1.0537380412709618,17
S06,18,DMT,High,0.2596125307667242,-0.0235094662511994,1.0213237023342678,8.5,0.2596125307667242,-0.0235094662511994,1.0213237023342678,0.6056685370104035,2,0.5569047376067531,-0.3843851842133529,0.3930917273925258,1.4322135369077496,0.999577194353694,0.1870245740586709,512,0.941289921820106,18
S06,18,DMT,Low,-0.5559681457143243,0.475425574857056,-1.0724153155687173,8.5,-0.5559681457143243,0.4754255748570559,-1.0724153155687173,-0.5349065703009189,1,1.227924345868063,-0.2458999372019907,0.8509510351177746,1.2289486257318514,0.0665824016128826,0.981087963135854,512,1.473824283070054,18
S06,18,RS,High,-0.903702814597574,-1.5184634532002597,0.1207688127240182,8.5,-0.903702814597574,-1.5184634532002597,0.1207688127240181,-1.4760740526492069,2,-0.0247849145250419,-1.5299235685897536,-1.1594892621640407,-0.0119066349855475,-0.0301852988685482,-1.0772816770368767,512,1.5051386540647116,18
S06,18,RS,Low,0.0337458199796107,0.3658077727833025,-0.7305946820305488,8.5,0.0337458199796107,0.3658077727833024,-0.7305946820305488,-0.0741412194066915,1,-0.4674765864429125,-1.486007213345817,-1.179668304742323,0.4371987479622517,0.6901359796530475,-0.7116677529784015,512,1.0185306269029044,18
S07,1,DMT,High,1.6717112208276768,1.5431892626140944,1.603426662081947,-8.5,1.671711220827677,1.5431892626140946,1.603426662081947,2.749950818272699,2,0.9006696848201095,-0.6164110817528442,2.480372747929173,0.1777807077532041,0.4084011422707996,1.1410440784254003,0,1.5170807665729535,1
S07,1,DMT,Low,-0.4317042535275955,0.213164211312937,-0.7422473738705979,-8.5,-0.4317042535275956,0.213164211312937,-0.7422473738705979,-0.4728546122914351,1,-0.774375654449903,-0.8566622399912669,0.8775713036509286,-0.5855027192311192,-0.2904051583736274,0.1157069329465616,0,0.0822865855413639,1
S07,1,RS,High,0.5082403038070579,-0.4314384185688859,0.6746333939913284,-8.5,0.508240303807058,-0.4314384185688859,0.6746333939913284,0.3550031455803031,2,-0.4621462964108436,-0.5571504060052652,-0.302872859712129,-0.6520545581553205,-0.4697912089378778,-0.6559361925576161,0,0.0950041095944216,1
S07,1,RS,Low,0.5991566962239742,-0.6586827220096656,-0.3892929697585544,-8.5,0.5991566962239743,-0.6586827220096657,-0.3892929697585544,-0.2023868311152711,1,-0.5378607484355077,-0.874036821723709,-0.8148284387019105,-0.8623193490676744,-0.7951954131272935,-0.8871270411819001,0,0.3361760732882013,1
S07,2,DMT,High,4.80553936428899,2.286143766935284,2.551878292331497,-7.5,4.805539364288991,2.2861437669352846,2.551878292331497,5.64295598800193,2,0.9900446571096488,-0.5698538269213177,2.4934298597449143,0.2201296216537638,0.4992989294188469,1.1132346163438331,32,1.5598984840309664,2
S07,2,DMT,Low,1.6222708218928257,0.8559666852068762,-0.5541524793978847,-7.5,1.622270821892826,0.8559666852068764,-0.5541524793978847,1.3281113097820845,1,-0.6637240138532771,-0.8361234052427159,0.7540904021451826,-0.6753330175322722,-0.4914399178978084,0.0262989418043806,32,0.1723993913894388,2
S07,2,RS,High,-0.638032066282611,-0.5634756088767459,0.3370122771826619,-7.5,-0.6380320662826111,-0.563475608876746,0.3370122771826619,-0.6115061548190861,2,-0.4250236976394105,-0.5910008405694954,-0.2867709905321718,-0.6713905597717418,-0.4197474240920077,-0.6668287081069224,32,0.1659771429300849,2
S07,2,RS,Low,-0.5358352174092854,-0.7418288663683998,-0.9694803822446534,-7.5,-0.5358352174092855,-0.7418288663684,-0.9694803822446534,-1.23892744985653,1,-0.1115168669537433,-0.8313948109173273,-0.779312607390116,-0.7845760858040117,-0.7196202673071594,-0.7934649833892183,32,0.7198779439635838,2
S07,3,DMT,High,2.1871763769641976,2.813587675428189,1.2716523372028878,-6.5,2.187176376964198,2.813587675428189,1.2716523372028878,3.728275559853553,2,1.2180527930146967,-0.5487948064935615,2.4934298594068083,0.2895961038497907,0.7595708146863923,0.9504281132370752,60,1.7668475995082582,3
S07,3,DMT,Low,0.1836534576405051,1.2032367323067714,-0.4557110466272252,-6.5,0.183653457640505,1.2032367323067716,-0.4557110466272252,0.6687606187503502,1,-0.632871715384626,-0.8195017431901074,0.6351952852207083,-0.7416650199229697,-0.6365741933402188,-0.0837255129174583,60,0.1866300278054813,3
S07,3,RS,High,-0.5481599875601578,-0.4331037047660482,-0.1106576974232523,-6.5,-0.5481599875601579,-0.4331037047660482,-0.1106576974232523,-0.6714078574968675,2,-0.2591219057273058,-0.6025911378258846,-0.2787439321734094,-0.69338054525269,-0.4315900897873071,-0.6534367905140555,60,0.3434692320985787,3
S07,3,RS,Low,-0.0784546096515633,-0.7935166584628783,-0.8017950988472123,-6.5,-0.0784546096515633,-0.7935166584628784,-0.8017950988472123,-0.904007842335375,1,0.0297298259608861,-0.7698313394408343,-0.7069928835499062,-0.7344341898678566,-0.7015275790237453,-0.7179741002988325,60,0.7995611654017204,3
S07,4,DMT,High,-0.2273958101697233,2.793844012716885,2.1527520451321407,-5.5,-0.2273958101697233,2.7938440127168853,2.1527520451321407,2.5624490897630827,2,1.5766287791866898,-0.538968096137879,2.4678332663527613,0.3923943788482261,0.993558719829166,0.6141907897395658,92,2.115596875324569,4
S07,4,DMT,Low,2.2441396388595014,1.5410025865720185,0.1437100130443083,-5.5,2.244139638859502,1.5410025865720187,0.1437100130443082,2.4657109213445016,1,-0.6266340256831954,-0.8040175463290448,0.5054384322205526,-0.7893350488832808,-0.7507233707674408,-0.1702117555323135,92,0.1773835206458494,4
S07,4,RS,High,-0.2776734311394845,-0.631054829096406,-0.4363812152525105,-5.5,-0.2776734311394846,-0.6310548290964061,-0.4363812152525105,-0.7671938161502988,2,-0.0246572143834796,-0.607038771797444,-0.2590485477191494,-0.7034421394335768,-0.4882261664297962,-0.6323490450376463,92,0.5823815574139644,4
S07,4,RS,Low,-0.2467661537898619,-0.512203413847682,-0.6014852914196114,-5.5,-0.2467661537898619,-0.5122034138476821,-0.6014852914196114,-0.7463770288562372,1,0.0978173658549335,-0.6790422137732748,-0.5827264364067546,-0.7078052595534114,-0.7001658435965756,-0.6768273087907568,92,0.7768595796282083,4
S07,5,DMT,High,0.3363683297424498,2.5902763916513214,3.5248394351519536,-4.5,0.3363683297424498,2.590276391651322,3.5248394351519536,3.4059641524071345,2,2.075936483826964,-0.5268429372084127,2.4212824475834323,0.5469514661712113,1.1855929741855478,0.3178519653269049,120,2.6027794210353763,5
S07,5,DMT,Low,0.3954030891918777,1.7560960641211367,1.075700120720848,-4.5,0.3954030891918777,1.756096064121137,1.075700120720848,1.8317959334937155,1,-0.6306051637028973,-0.7997141203456296,0.3837706684165642,-0.811052380719652,-0.8066420047611671,-0.2727033832859701,120,0.1691089566427323,5
S07,5,RS,High,-0.0510879510081765,-0.3781926500164177,-0.0942437539544729,-4.5,-0.0510879510081765,-0.3781926500164178,-0.0942437539544729,-0.3115743163818112,2,-0.0253272442435208,-0.6116467921016641,-0.1796599139392209,-0.7007023736433714,-0.4908699529452577,-0.6101384612587896,120,0.5863195478581432,5
S07,5,RS,Low,-0.2522480050506249,-0.620226590595339,-0.973848131124375,-4.5,-0.252248005050625,-0.6202265905953391,-0.973848131124375,-0.9831815953010362,1,0.2961548130041893,-0.6262130436987038,-0.5294333165673077,-0.6558921184480622,-0.7094748358134536,-0.6747649538913697,120,0.9223678567028932,5
S07,6,DMT,High,0.0015802799644688,2.293364226644851,2.6584596338580777,-3.5,0.0015802799644687,2.293364226644852,2.6584596338580777,2.620331532371248,2,2.373991100357739,-0.5094488548743129,2.4319770867547783,0.7054439133667059,1.4414796922003117,0.1003607889325646,152,2.883439955232052,6
S07,6,DMT,Low,0.0102030041256147,1.2230014164163563,0.506349102179042,-3.5,0.0102030041256146,1.2230014164163563,0.506349102179042,0.998023074266654,1,-0.6339579949190144,-0.7997861150335205,0.2028334422173854,-0.8254491766233226,-0.8427244144443125,-0.3833394401464507,152,0.1658281201145061,6
S07,6,RS,High,-0.7076280402871905,-0.4767991911709636,-0.2138705114519105,-3.5,-0.7076280402871906,-0.4767991911709636,-0.2138705114519105,-0.8467511313824729,2,-0.0772335441388164,-0.6122145500178118,-0.1370432860359802,-0.6774977263490726,-0.5199934015653653,-0.5872190825087725,152,0.5349810058789953,6
S07,6,RS,Low,-0.4445516876615888,-0.8215047047711992,-1.169395462486502,-3.5,-0.4445516876615889,-0.8215047047711993,-1.169395462486502,-1.3193422254186362,1,0.5131057069554912,-0.6104767188285508,-0.5142164954667869,-0.6124771834926682,-0.7059732881028962,-0.700224835343026,152,1.123582425784042,6
S07,7,DMT,High,-0.0515194414986064,1.8230975042897053,1.6459984607058276,-2.5,-0.0515194414986064,1.8230975042897053,1.6459984607058276,1.841391404162248,2,2.48645913908103,-0.4972421257831502,2.4383205854413355,0.8058055772414844,1.746770726115779,-0.0177461085793771,180,2.98370126486418,7
S07,7,DMT,Low,0.4006391578919914,0.5706156946514517,-0.0592219271936229,-2.5,0.4006391578919914,0.5706156946514518,-0.0592219271936229,0.5875980457960609,1,-0.6317245655883184,-0.7890807010170794,0.1053126009471411,-0.8340062705641531,-0.8610387479341328,-0.458585148245925,180,0.157356135428761,7
S07,7,RS,High,-0.6063381284177399,-0.5383702279975899,-0.2651214875838818,-2.5,-0.60633812841774,-0.53837022799759,-0.2651214875838818,-0.8432978638115127,2,-0.165085330820763,-0.6122680894356806,-0.1132735349214587,-0.631158563951623,-0.4975070672455064,-0.5741357467012365,180,0.4471827586149175,7
S07,7,RS,Low,0.1345229949984239,-0.7368932659360251,-1.1293346387730936,-2.5,0.1345229949984238,-0.7368932659360252,-1.1293346387730936,-0.8779002700384512,1,0.7227096536033562,-0.611807527341168,-0.4524797911577223,-0.5995032683984579,-0.6755993730709373,-0.7242529785782454,180,1.3345171809445242,7
S07,8,DMT,High,0.800396343320544,1.2405443123668227,1.6172716621708816,-1.5,0.8003963433205441,1.240544312366823,1.6172716621708816,2.0088373882075365,2,2.4934298597847087,-0.489715043954452,2.330422069833275,0.8653573067427968,2.020108477505342,-0.1013116094713359,212,2.9831449037391606,8
S07,8,DMT,Low,-0.5549894923866977,0.105231738992488,-0.1491645852202065,-1.5,-0.5549894923866978,0.105231738992488,-0.1491645852202065,-0.3556036636020784,1,-0.6366307788865072,-0.7823150918337305,0.0198391806906251,-0.8336874334533196,-0.8715343834287627,-0.5161035539918766,212,0.1456843129472232,8
S07,8,RS,High,-0.575445421162201,-0.4641831824622555,-0.3006540989611603,-1.5,-0.5754454211622011,-0.4641831824622555,-0.3006540989611603,-0.792847045786648,2,-0.3021766525482622,-0.6061390074765459,-0.1052917624368116,-0.6105190080579662,-0.4895410129888707,-0.5677931720168797,212,0.3039623549282837,8
S07,8,RS,Low,-0.5121090696619431,-0.8175741216138942,-1.0076258803207672,-1.5,-0.5121090696619433,-0.8175741216138943,-1.0076258803207672,-1.2881675188673625,1,0.8546123587996686,-0.6291104712967174,-0.2769124127758833,-0.5715672497028069,-0.6270660325280154,-0.7616281098542589,212,1.483722830096386,8
S07,9,DMT,High,1.7595300934383755,1.1639452882570296,0.8673885308245196,-0.5,1.7595300934383755,1.1639452882570298,0.8673885308245196,2.241173074127311,2,2.4934298598418385,-0.4764648609158984,2.076384825549284,0.930762824569234,2.2422285251835703,-0.1520276971224536,240,2.969894720757737,9
S07,9,DMT,Low,-0.3987052553033138,-0.1734132647811331,-0.3517245893913716,-0.5,-0.3987052553033139,-0.1734132647811331,-0.3517245893913716,-0.5202609770960882,1,-0.6501446217579261,-0.7694643777994775,-0.2822011600773409,-0.8336892357839413,-0.872207720486222,-0.5788563182471224,240,0.1193197560415514,9
S07,9,RS,High,-0.6046944563459853,-0.3865592375042873,-0.2582298275796654,-0.5,-0.6046944563459854,-0.3865592375042873,-0.2582298275796654,-0.7440614917896726,2,-0.4279599585261941,-0.5792022133730244,-0.106688402401758,-0.5986297175175052,-0.4671965127418799,-0.5671634541664672,240,0.1512422548468302,9
S07,9,RS,Low,-0.4939579996600527,-0.8395545285030549,-1.101437688594513,-0.5,-0.4939579996600528,-0.839554528503055,-1.101437688594513,-1.3320467975064134,1,0.9095845347287534,-0.6790163746404879,-0.1636702935299434,-0.5056961955070113,-0.6051053349007134,-0.7984265231873853,240,1.5886009093692413,9
S07,10,DMT,High,1.73403498461171,0.7742515579277658,1.3745694003807976,0.5,1.7340349846117102,0.7742515579277659,1.3745694003807976,2.2062627840675604,2,2.4934298598418385,-0.4643626298351759,1.9362142873429,1.0392173145103445,2.3730883526158864,-0.1925778647231647,272,2.9577924896770145,10
S07,10,DMT,Low,0.3864919713364167,-0.2600359817788788,-0.467843385119927,0.5,0.3864919713364167,-0.2600359817788789,-0.467843385119927,-0.123651662920607,1,-0.6589992274471154,-0.7535492036426135,-0.6054284035586033,-0.8336889241342862,-0.8705857124562756,-0.6454147470526151,272,0.0945499761954981,10
S07,10,RS,High,-0.6724872479085747,-0.4587255189427214,-0.3726478527414503,0.5,-0.6724872479085748,-0.4587255189427214,-0.3726478527414503,-0.8835546730575423,2,-0.4927723687556192,-0.5527980781308885,-0.1273883799024225,-0.5936951232294346,-0.4133938429378198,-0.5812857095344915,272,0.0600257093752693,10
S07,10,RS,Low,3.2174178771695026,-0.8107244572371107,-1.043426044880498,0.5,3.217417877169503,-0.8107244572371108,-1.043426044880498,1.0871129281887058,1,0.9478957931492824,-0.7345708506206329,-0.0822778597220218,-0.4853869578787224,-0.5839627435253195,-0.816885882845404,272,1.6824666437699152,10
S07,11,DMT,High,-0.2357326197032084,0.5272406802529805,0.8969064048537324,1.5,-0.2357326197032085,0.5272406802529807,0.8969064048537324,0.5783898232138693,2,2.4934298598418385,-0.4538466688629095,1.9148503535664,1.1460503257709511,2.431014362636624,-0.2184268498731568,300,2.947276528704748,11
S07,11,DMT,Low,-0.0709352356313096,0.045015108950306,0.8005924950054142,1.5,-0.0709352356313096,0.045015108950306,0.8005924950054142,0.3388789441282225,1,-0.6676999604303285,-0.7462595015004261,-0.6341116412098226,-0.8338255950850609,-0.8631376039431081,-0.7074548901620143,300,0.0785595410700975,11
S07,11,RS,High,-0.7058232121621411,-0.4464291735557945,-0.4238006942493799,1.5,-0.7058232121621412,-0.4464291735557945,-0.4238006942493799,-0.9199361981616736,2,-0.4999199368166143,-0.5335604521302721,-0.100098598418512,-0.5993188717890556,-0.3561628483051794,-0.5939677401617597,300,0.0336405153136578,11
S07,11,RS,Low,-0.1269931056386347,-0.8141160758175909,-1.010759048531619,1.5,-0.1269931056386347,-0.814116075817591,-1.010759048531619,-1.0409186840350844,1,0.9664225287342766,-0.7447981624852025,-0.0924842927446794,-0.4662146250516037,-0.5866713611288664,-0.8189804741575477,300,1.711220691219479,11
S07,12,DMT,High,-0.4773931862369918,0.2188874531708291,0.725260155061704,2.5,-0.4773931862369919,0.2188874531708291,0.725260155061704,0.1541815011037906,2,2.493429859822096,-0.4462098939885315,1.9200906708322036,1.2518877264434611,2.447666682900831,-0.2476524469665742,332,2.939639753810628,12
S07,12,DMT,Low,-0.5269809301201517,-0.27243639096147,0.0255974412280149,2.5,-0.5269809301201518,-0.27243639096147,0.0255974412280148,-0.496583786139578,1,-0.6717143420622892,-0.7386736165806705,-0.6732039922044404,-0.8399809714981491,-0.8448608293326882,-0.7614329549808946,332,0.0669592745183813,12
S07,12,RS,High,-0.6560395985971601,-0.7290813285272894,-0.4528474986176275,2.5,-0.6560395985971602,-0.7290813285272895,-0.4528474986176275,-1.078093010678787,2,-0.4277101797346446,-0.5040113214943306,-0.0197319731307154,-0.6077170058937372,-0.2588948551483424,-0.5903715720003652,332,0.076301141759686,12
S07,12,RS,Low,-0.367621165441344,-0.8997263215158176,-1.1541660539056766,2.5,-0.3676211654413441,-0.8997263215158177,-1.1541660539056766,-1.3123437763583508,1,0.9862925768574594,-0.7482525533794376,-0.1243383109987683,-0.4836035220267877,-0.6004666090663343,-0.8077095345129353,332,1.734545130236897,12
S07,13,DMT,High,0.5528471312140215,0.2223945056506009,0.2324710476041828,3.5,0.5528471312140216,0.2223945056506009,0.2324710476041827,0.596562813074798,2,2.469941712497963,-0.4382991784757453,1.8806847727649556,1.2364728604452342,2.470880036851616,-0.2837348119347223,360,2.9082408909737083,13
S07,13,DMT,Low,0.1018811918033133,-0.3412683121132308,0.3273034966358211,3.5,0.1018811918033132,-0.3412683121132308,0.3273034966358211,-0.0030499426302993,1,-0.6678711759238777,-0.7323710308683636,-0.7181566672713218,-0.8434064305738541,-0.8189821414722075,-0.8004647334164567,360,0.0644998549444859,13
S07,13,RS,High,-0.6412245495391262,-0.5677407935275802,-0.4542535357046554,3.5,-0.6412245495391263,-0.5677407935275803,-0.4542535357046554,-0.968146538813126,2,-0.3499933255723837,-0.4728661185655124,0.0321111704525746,-0.615143997254308,-0.1257596987314992,-0.5755470162961985,360,0.1228727929931287,13
S07,13,RS,Low,-0.5905270693565873,-0.7821210531597728,-0.9877853833823091,3.5,-0.5905270693565874,-0.7821210531597729,-0.9877853833823091,-1.3073174298551815,1,1.0014058046573382,-0.7511649504297968,-0.1227256451852843,-0.50046788882925,-0.6154583352903201,-0.7999682848018075,360,1.752570755087135,13
S07,14,DMT,High,-0.4347288784454372,0.0712133941844055,0.4693124599952492,4.5,-0.4347288784454373,0.0712133941844055,0.4693124599952492,-0.0248761456159903,2,2.311309021362725,-0.4388104343378896,1.85795788202556,1.1376178926225002,2.4934127424191983,-0.3246167356024178,392,2.750119455700615,14
S07,14,DMT,Low,-0.5579047198543039,-0.4942820533318503,-0.2942820777933754,4.5,-0.557904719854304,-0.4942820533318504,-0.2942820777933754,-0.7976457622898598,1,-0.6671462015967909,-0.7324700234185545,-0.7537955092841541,-0.8443351141607185,-0.7818249087847698,-0.8238273931141047,392,0.0653238218217635,14
S07,14,RS,High,-0.6896843507433789,-0.2604451489230913,0.7593705859958959,4.5,-0.689684350743379,-0.2604451489230913,0.7593705859958959,-0.2668470753545415,2,-0.265525236183575,-0.4439112233459368,0.0588702819097708,-0.6218292384735336,0.0875493892861552,-0.5735954520473474,392,0.1783859871623618,14
S07,14,RS,Low,-0.4337183479314256,-0.9276830595472384,-1.2087330207079334,4.5,-0.4337183479314257,-0.9276830595472384,-1.2087330207079334,-1.3964322007531091,1,1.012234045203448,-0.7502711498445713,-0.1871244156784839,-0.5094271165809766,-0.6455957800472041,-0.7973090100488277,392,1.7625051950480193,14
S07,15,DMT,High,-0.4863768287746571,0.0620602388002648,0.5899991725994234,5.5,-0.4863768287746572,0.0620602388002648,0.5899991725994234,-0.0099892290662624,2,2.1626409597096266,-0.4373371929227153,1.799224992799999,1.1748663599604665,2.4934298593897,-0.3492806035336053,420,2.599978152632342,15
S07,15,DMT,Low,-0.6625158569717408,-0.7740077828296746,-0.4348876593057785,5.5,-0.6625158569717409,-0.7740077828296748,-0.4348876593057785,-1.1023992799544542,1,-0.6512397672483672,-0.7277903985777759,-0.7852696953074345,-0.8534621177202963,-0.7293803632133652,-0.8506503506785685,420,0.0765506313294087,15
S07,15,RS,High,-0.6884705159240019,-0.7818480199410215,-0.9030834097580972,5.5,-0.688470515924002,-0.7818480199410216,-0.9030834097580972,-1.332158331888123,2,-0.112405582739474,-0.4203066768931963,0.0011050887342918,-0.620181053844662,0.3026129309947807,-0.5792485217614174,420,0.3079010941537223,15
S07,15,RS,Low,-0.6109332214914691,-0.8108927766729565,-0.877234882793812,5.5,-0.6109332214914692,-0.8108927766729566,-0.877234882793812,-1.2892361290136434,1,0.9770614797209612,-0.7517844097313776,-0.2608218591905702,-0.543385893399988,-0.641296871714262,-0.7931915879452389,420,1.7288458894523386,15
S07,16,DMT,High,0.5825174148267754,0.0092770463665646,0.6857676845160374,6.5,0.5825174148267755,0.0092770463665646,0.6857676845160374,0.6836292320845371,2,2.1261205186687167,-0.4367062530320567,1.696584701960825,1.4542370584150708,2.49342985974759,-0.3634727640346248,452,2.5628267717007733,16
S07,16,DMT,Low,-0.5311749813544215,-0.7231529479865428,-0.5644991595994172,6.5,-0.5311749813544216,-0.723152947986543,-0.5644991595994172,-1.044123067396725,1,-0.5919380929674938,-0.7304627541997235,-0.8042536865824561,-0.8576857359756059,-0.6903005102562313,-0.8666123235605784,452,0.1385246612322297,16
S07,16,RS,High,-0.7008550381662183,-0.5383867357479423,-0.1608151849205311,6.5,-0.7008550381662184,-0.5383867357479424,-0.1608151849205311,-0.8574079294986054,2,0.1451164716165722,-0.4305417385635875,-0.0717742926636431,-0.6201750771701846,0.4235679350473272,-0.5768762963262918,452,0.5756582101801597,16
S07,16,RS,Low,-0.64950382902946,-0.9414773403630768,-1.1577760749620651,6.5,-0.6495038290294601,-0.941477340363077,-1.1577760749620651,-1.5205150144349695,1,0.9467378044498268,-0.7406186259385185,-0.2972771662064101,-0.5916099574710084,-0.6531257620109189,-0.8100995164635182,452,1.6873564303883453,16
S07,17,DMT,High,-0.372676837270823,-0.0792525687600706,-0.4051633114932686,7.5,-0.3726768372708231,-0.0792525687600706,-0.4051633114932686,-0.4683725096124913,2,2.0936152671915207,-0.4342453589359326,1.5972031064039216,1.666078560774665,2.4934296504746007,-0.3666461809398162,480,2.527860626127453,17
S07,17,DMT,Low,-0.5307090429453901,-0.7410198803782077,-0.1985851653934369,7.5,-0.5307090429453902,-0.7410198803782078,-0.1985851653934369,-0.8922750872175539,1,-0.5211703659209862,-0.7427936211627387,-0.8174542078061905,-0.8625481291366733,-0.6453410699275992,-0.8751295539081274,480,0.2216232552417525,17
S07,17,RS,High,-0.6846264459913509,-0.8047258790617512,-0.9931339879099436,7.5,-0.684626445991351,-0.8047258790617513,-0.9931339879099436,-1.3840836040061535,2,0.2576266136187123,-0.4812354046331096,-0.1349550837980681,-0.6203261366922762,0.3974283010874192,-0.5691859921704226,480,0.738862018251822,17
S07,17,RS,Low,-0.5694292708089359,-0.6599449611140933,-0.6181789389264895,7.5,-0.569429270808936,-0.6599449611140934,-0.6181789389264895,-1.0528768335572756,1,0.9814871592507368,-0.7334243317034492,-0.3385169298601148,-0.6268000825423093,-0.7006220806219996,-0.8380130126101771,480,1.714911490954186,17
S07,18,DMT,High,-0.2174957082059972,-0.0059768174063943,-0.0085264381537829,8.5,-0.2174957082059972,-0.0059768174063943,-0.0085264381537829,-0.1467351602616279,2,2.0440521766680977,-0.4261140746661552,1.5310587163114993,1.723208393882327,2.484045727402505,-0.3718249480447707,512,2.470166251334253,18
S07,18,DMT,Low,-0.6922060009404675,-0.6040245050470193,0.104751170071289,8.5,-0.6922060009404676,-0.6040245050470194,0.1047511700712889,-0.7748850040328505,1,-0.4522447961483684,-0.763941128693278,-0.8271682007489317,-0.8715336233871872,-0.6037664400503295,-0.8831173583958901,512,0.3116963325449096,18
S07,18,RS,High,-0.7162708198514444,-0.7029492289404158,-0.4996145410174426,8.5,-0.7162708198514445,-0.7029492289404159,-0.4996145410174426,-1.121067982933081,2,0.178926453537398,-0.5138689990019824,-0.20844257468238,-0.6134666868960936,0.2019128959739101,-0.5609996817850473,512,0.6927954525393805,18
S07,18,RS,Low,-0.6973866511296557,-0.6955972552504623,-0.7958539931799217,8.5,-0.6973866511296558,-0.6955972552504625,-0.7958539931799217,-1.2361315426010653,1,0.9001854010754251,-0.7232716075989031,-0.3760323134527912,-0.6533939419565425,-0.7604130964504148,-0.868762812921496,512,1.623457008674328,18
S16,1,DMT,High,0.3316542567967364,1.0136444557492577,2.3160767889576053,-8.5,0.3316542567967364,1.0136444557492577,2.3160767889576053,1.8774752562912511,2,-1.3565213431916667,1.6925097663108064,2.023088655342435,2.15003185622456,-1.37810445473361,2.225110490169964,0,-3.049031109502473,1
S16,1,DMT,Low,0.6362540723525021,-0.5468541579403295,1.179252903409908,-8.5,0.6362540723525021,-0.5468541579403297,1.179252903409908,0.5890525743479433,1,-1.1442395425344438,0.7635543714786925,2.139669213630076,1.502005079009424,-1.1562348664846385,2.1069098482295563,0,-1.9077939140131364,1
S16,1,RS,High,-0.6313602080542086,-0.1726469511045583,0.3560293044551367,-8.5,-0.6313602080542086,-0.1726469511045583,0.3560293044551367,-0.3538990106784654,2,0.3482619373858019,-1.3801091193799753,-0.4825178566222414,-0.9689839413778474,0.3990177462884688,-1.3241796652794409,0,1.728371056765777,1
S16,1,RS,Low,-0.6442366688834957,-0.6390841598172435,-0.003750796243698,-8.5,-0.6442366688834957,-0.6390841598172436,-0.0037507962436979,-0.8144090866311635,1,-0.0074742866143474,-0.9957752656657144,-0.9244007320842348,-1.0244582297600329,-1.0916201389217854,-0.9428793161059612,0,0.988300979051367,1
S16,2,DMT,High,0.8772058810078593,1.2272998784574527,-0.3621117667595379,-7.5,0.8772058810078593,1.2272998784574527,-0.3621117667595378,1.1693432480065562,2,-1.363187494303722,1.6518057065086025,2.013280498012953,2.14404812698897,-1.349738863402719,2.2658208650307667,32,-3.0149932008123246,2
S16,2,DMT,Low,3.234801419557514,-1.3434095442398122,0.6024332138309815,-7.5,3.234801419557514,-1.3434095442398122,0.6024332138309816,1.496492530028343,1,-0.8609690743280937,0.6562082325778266,1.9280419236366693,1.4698164505142357,-0.839032801443435,1.974791435911594,32,-1.5171773069059202,2
S16,2,RS,High,-0.6447742107852897,-0.4275757066158329,-0.3767568743251804,-7.5,-0.6447742107852897,-0.4275757066158329,-0.3767568743251803,-0.8481284166353629,2,0.3175613331393333,-1.369420762311582,-0.5093311024073587,-0.9654067945887208,0.3805250199172528,-1.302860799694997,32,1.6869820954509152,2
S16,2,RS,Low,-0.6446972209757722,-0.9667542450207194,-1.4569803486239872,-7.5,-0.6446972209757722,-0.9667542450207196,-1.4569803486239872,-1.666350978509794,1,0.0798259638849648,-0.9584739309893858,-0.9988517669382746,-0.9812610481338274,-1.0852997867203331,-0.9662785831259584,32,1.0382998948743507,2
S16,3,DMT,High,0.2449147053772595,0.7318692056386445,-0.2406140300691859,-6.5,0.2449147053772594,0.7318692056386444,-0.2406140300691858,0.5082931519863791,2,-1.380603778881178,1.6515952799940472,2.016428093998251,2.1297959641239155,-1.3445510029147358,2.243221730256125,60,-3.032199058875225,3
S16,3,DMT,Low,2.469574678579189,-0.9778321598512992,-0.1315953973114287,-6.5,2.469574678579189,-0.9778321598512992,-0.1315953973114286,0.9093342404291912,1,-0.5772278355620929,0.4926632583581066,1.6923788540300753,1.3538618012849906,-0.6672436811329252,1.7962475401917215,60,-1.0698910939201995,3
S16,3,RS,High,-0.6333500825301183,-0.3579611097509142,0.4455154354176793,-6.5,-0.6333500825301183,-0.3579611097509143,0.4455154354176793,-0.4314836698503298,2,0.3326237564828402,-1.3676087319447374,-0.5534991693861167,-0.973114292236922,0.3986604442009032,-1.2765698907318923,60,1.7002324884275777,3
S16,3,RS,Low,-0.6446797240800013,-1.1169905506736535,-1.479231963823747,-6.5,-0.6446797240800013,-1.1169905506736535,-1.479231963823747,-1.7703690763111608,1,0.1569068654924906,-0.9593313107410136,-1.051032849615684,-0.9652104617146012,-1.0501241752563146,-0.9669489537887732,60,1.116238176233504,3
S16,4,DMT,High,0.1176082072408665,1.6625175489789397,0.8441289534602392,-5.5,0.1176082072408664,1.6625175489789397,0.8441289534602393,1.4923792590071183,2,-1.3615810731806346,1.6453357292782484,1.992653516538152,2.1195777677202896,-1.3046208120722809,2.2146311113103416,92,-3.006916802458883,4
S16,4,DMT,Low,2.526592288643853,0.3144542377134437,-0.1313691921451319,-5.5,2.526592288643853,0.3144542377134436,-0.1313691921451318,1.7556261897505872,1,-0.3089927836881291,0.3382245825393236,1.5984385584748202,1.2725917362242145,-0.4879455457354916,1.6202176716362455,92,-0.6472173662274527,4
S16,4,RS,High,-0.6443166892295827,-0.3748102821931582,0.0036122569198732,-5.5,-0.6443166892295827,-0.3748102821931582,0.0036122569198732,-0.6456010542571845,2,-0.0575297404746854,-1.3755886424748862,-0.5595344366042893,-1.0024277042105194,0.2279391717526858,-1.2649816333497852,92,1.3180589020002007,4
S16,4,RS,Low,-0.6446938597997902,-1.079683443140822,-1.413940457526207,-5.5,-0.6446938597997902,-1.079683443140822,-1.413940457526207,-1.7179636756935504,1,0.1845762871650575,-0.9656167216957716,-1.0699920671054648,-0.9565361844328402,-1.0204749597555565,-0.9577866223851188,92,1.1501930088608292,4
S16,5,DMT,High,0.3762568437474158,1.7280771805604336,0.8486642050097083,-4.5,0.3762568437474158,1.7280771805604336,0.8486642050097084,1.701009754242758,2,-1.342645937600392,1.625420855600214,1.9135762986620453,2.0959508993723643,-1.215550341508427,2.1737861559330858,120,-2.968066793200606,5
S16,5,DMT,Low,2.6244229241952586,0.6952594728963214,-0.2601788527283649,-4.5,2.6244229241952586,0.6952594728963213,-0.2601788527283648,1.999547322518923,1,-0.0080850450950837,0.146485418856217,1.5570706665931406,1.203581217727164,-0.2465283441125347,1.348339040399957,120,-0.1545704639513008,5
S16,5,RS,High,-0.6389515715279023,-0.1873723073698739,1.379839277026038,-4.5,-0.6389515715279023,-0.1873723073698739,1.379839277026038,0.08736763457039,2,0.3668118065817384,-1.4166120313275408,-0.5454511820777146,-1.015123732564056,-0.0863227331628893,-1.277674940590862,120,1.7834238379092793,5
S16,5,RS,Low,-0.644701873713189,-1.047648761819497,-1.4808419294274038,-4.5,-0.644701873713189,-1.047648761819497,-1.4808419294274038,-1.7276522495531688,1,0.2394119231913515,-0.967149909654892,-1.066873941553573,-0.931539414626294,-1.0116647786077857,-0.9558771642386849,120,1.2065618328462435,5
S16,6,DMT,High,0.0572763146221162,2.034250629601692,1.5952067118842994,-3.5,0.0572763146221161,2.034250629601692,1.5952067118842994,2.0207317704581165,2,-1.278423857476853,1.563299859584072,1.7977294071439711,2.052433139583674,-1.119812354854082,2.1298816169556565,152,-2.841723717060925,6
S16,6,DMT,Low,1.8891622373907164,0.7921328102644215,-0.2459778367616348,-3.5,1.8891622373907164,0.7921328102644214,-0.2459778367616347,1.5959911180039483,1,0.2514525442061547,-0.0006039272553176,1.535096115506477,1.15127490770986,-0.0260443558282178,0.912894151039264,152,0.2520564714614723,6
S16,6,RS,High,-0.6447526725502972,-0.4998499212758743,0.897967707277909,-3.5,-0.6447526725502972,-0.4998499212758743,0.8979677072779091,-0.3264502941635594,2,0.3876223194940067,-1.4304258376306331,-0.5280924042231092,-1.0241814043162012,0.3679924405134561,-1.3094564881900772,152,1.81804815712464,6
S16,6,RS,Low,-0.6446790082349313,-1.0200803464090236,-1.3633125240467032,-3.5,-0.6446790082349313,-1.0200803464090236,-1.3633125240467032,-1.6580916601027385,1,0.3281283427342162,-0.9656170889341738,-1.0475608193951087,-0.940903564479484,-1.0071645131023763,-0.9467611527834144,152,1.2937454316683898,6
S16,7,DMT,High,-0.1657859216382792,2.1642739538629985,0.8770714734543328,-2.5,-0.1657859216382792,2.1642739538629985,0.8770714734543329,1.640039918820149,2,-1.1912273776965572,1.4534010885000503,1.651373944744405,1.982936639917092,-1.0382265828577588,2.079537582734708,180,-2.6446284661966075,7
S16,7,DMT,Low,1.2831989755538982,0.2217292702859407,0.2417376388939577,-2.5,1.2831989755538982,0.2217292702859406,0.2417376388939577,1.067695346820699,1,0.3681511409197979,-0.1316535267487183,1.53758843450196,1.1391879780281575,0.1837625124066107,0.4515336087305725,180,0.4998046676685163,7
S16,7,RS,High,-0.6447599727769051,-0.4294431517896044,0.8047394464865906,-2.5,-0.6447599727769051,-0.4294431517896044,0.8047394464865907,-0.3238049992925029,2,0.4079018261005828,-1.430444566665243,-0.5364905073582246,-1.0055518971156805,0.4057539299032178,-1.3528213681861516,180,1.8383463927658257,7
S16,7,RS,Low,-0.6446926007722154,-1.0208742012264365,-1.326813392628763,-2.5,-0.6446926007722154,-1.0208742012264365,-1.326813392628763,-1.6423643422714032,1,0.4788065852647951,-0.9585081391703234,-1.0002184775383096,-0.9765810752260812,-1.031833735531332,-0.9330809174265214,180,1.4373147244351183,7
S16,8,DMT,High,-0.2873333097462275,2.091680419462969,0.0541001227856066,-1.5,-0.2873333097462275,2.091680419462969,0.0541001227856066,1.150738471488277,2,-1.0847744070773355,1.3222907469907863,1.47331334387238,1.94280909397432,-0.9752099433642444,2.0056849841993687,212,-2.407065154068122,8
S16,8,DMT,Low,2.780197393031504,-0.3280760860331823,0.4747567570301725,-1.5,2.780197393031504,-0.3280760860331823,0.4747567570301725,1.7849298175763029,1,0.4458856463398138,-0.2604427681580952,1.5498075323729992,1.1346494775022935,0.3670511566221014,0.0887183184030551,212,0.7063284144979091,8
S16,8,RS,High,-0.6362308618716935,-0.2043915975211494,1.7776677844061854,-1.5,-0.6362308618716935,-0.2043915975211495,1.7776677844061854,0.2553841336636919,2,0.174066538509773,-1.4304445746232537,-0.5442331994297815,-0.9869323002771871,0.3840818978646033,-1.3945294889770972,212,1.6045111131330267,8
S16,8,RS,Low,-0.639318666659801,-0.9741011769141642,-1.409872203907484,-1.5,-0.639318666659801,-0.9741011769141644,-1.409872203907484,-1.646560103856426,1,0.607611014339019,-0.9393687980667768,-0.9464392152597768,-1.0048604680248738,-1.035313114639695,-0.9324293288761462,212,1.546979812405796,8
S16,9,DMT,High,0.4117256861169327,1.9992148993503045,0.2898454576037973,-0.5,0.4117256861169327,1.9992148993503045,0.2898454576037974,1.645053814543861,2,-1.0021929399845118,1.1777933219297856,1.3557528927713662,1.911599296906807,-0.9270458613069348,1.9327612012367232,240,-2.1799862619142973,9
S16,9,DMT,Low,2.7033769359719897,-0.0536190280541837,0.6196884828589324,-0.5,2.7033769359719897,-0.0536190280541837,0.6196884828589325,1.9721893789916047,1,0.5766973806718931,-0.3812602963348328,1.512726858508786,1.1116230689385471,0.48696818897939,-0.1288168090016891,240,0.957957677006726,9
S16,9,RS,High,-0.6442783832615795,-0.3471538142156999,1.1452779507059117,-0.5,-0.6442783832615795,-0.3471538142156999,1.1452779507059117,-0.1204787581584513,2,0.3664187904553546,-1.43044457462341,-0.5568957144370364,-0.9675968180391442,0.3587220353923501,-1.4214596382502702,240,1.7968633650787649,9
S16,9,RS,Low,-0.6446796724302892,-0.9286346706933258,-1.3567206375317715,-0.5,-0.6446796724302892,-0.928634670693326,-1.3567206375317715,-1.5978637174004295,1,0.6775159809975706,-0.925568439256222,-0.8791215384372858,-0.9986427915523076,-0.9899362277131653,-0.9378918962141652,240,1.6030844202537926,9
S16,10,DMT,High,0.760861087621352,2.146151681848289,1.4092988211206412,0.5,0.760861087621352,2.146151681848289,1.4092988211206412,2.458457092041859,2,-0.9320304206931,1.0873856208153336,1.2534749530878424,1.8812181756145063,-0.8632744659097413,1.8478415564292383,272,-2.0194160415084337,10
S16,10,DMT,Low,0.1891372802155205,-0.1239578598764837,0.3309082518297734,0.5,0.1891372802155204,-0.1239578598764837,0.3309082518297734,0.1905563982337546,1,0.7327995149165859,-0.522937319946302,1.4652418692848048,1.0590457162129203,0.6563478467521915,-0.2691718835850911,272,1.255736834862888,10
S16,10,RS,High,-0.6436561242514652,-0.3335762238221266,0.6334702435415404,0.5,-0.6436561242514652,-0.3335762238221266,0.6334702435415405,-0.3392057782478777,2,0.4690440466344069,-1.43044457462341,-0.5903644342566141,-0.940539371386416,0.2794633924059541,-1.4220057730150084,272,1.899488621257817,10
S16,10,RS,Low,-0.6362611608112482,-0.9938389476808648,-1.2727613814391248,0.5,-0.6362611608112482,-0.9938389476808648,-1.2727613814391248,-1.5959886108325605,1,0.711284748230897,-0.9388422449556788,-0.8074448453093778,-0.93531636314803,-0.9055692149747784,-0.9341142863617508,272,1.650126993186576,10
S16,11,DMT,High,0.3012395696098377,2.1304559398130327,0.6065059619122338,1.5,0.3012395696098377,2.1304559398130327,0.6065059619122339,1.7974116505718003,2,-0.8658851265495794,0.997756487209057,1.1552822183277625,1.8543575777558516,-0.8130898050401444,1.7831995472666238,300,-1.863641613758636,11
S16,11,DMT,Low,0.6941122459991312,-0.3404690038909057,-0.0567488079602458,1.5,0.6941122459991312,-0.3404690038909057,-0.0567488079602457,0.2056691943113579,1,0.9181964945151532,-0.68779833730081,1.4389325338756334,1.104678724597285,0.792349543515892,-0.3841154701386348,300,1.6059948318159631,11
S16,11,RS,High,-0.641217660877431,-0.3667543635407114,1.0467254315117078,1.5,-0.641217660877431,-0.3667543635407114,1.0467254315117078,-0.1746332702423552,2,0.4712975060416568,-1.43044457462341,-0.5971498853346557,-0.9094007742356176,0.4647362634044245,-1.4194394678506876,300,1.901742080665067,11
S16,11,RS,Low,-0.6446393309179831,-0.958917022819752,-1.2883321148656743,1.5,-0.6446393309179831,-0.958917022819752,-1.2883321148656743,-1.5863951244323475,1,0.7269573036412851,-0.9726630965831584,-0.733170445889204,-0.8332217297087056,-0.7580670506982453,-0.9150570514946192,300,1.6996204002244435,11
S16,12,DMT,High,0.0119941274047393,1.7147686739462662,-0.3318122077702443,2.5,0.0119941274047392,1.7147686739462662,-0.3318122077702442,0.9345108583575684,2,-0.7919647266855915,0.9133453179653036,1.0931208732416944,1.83302733109584,-0.7683387195712035,1.7107221901850234,332,-1.7053100446508953,12
S16,12,DMT,Low,-0.4152288814171923,-0.5480679013549073,-0.0627269761615959,2.5,-0.4152288814171923,-0.5480679013549075,-0.0627269761615958,-0.6370461012777185,1,1.0887645029413986,-0.8450899730833894,1.4596552805489746,1.190063686231518,0.9487163000902586,-0.5332577293893797,332,1.933854476024788,12
S16,12,RS,High,-0.6447630775669188,-0.2422398883491508,1.5235558366366475,2.5,-0.6447630775669188,-0.2422398883491509,1.5235558366366475,0.1131898390810661,2,0.3225677532606261,-1.43044457462341,-0.5937713244058657,-0.8922252313000408,0.4509906897986561,-1.430443994399773,332,1.7530123278840362,12
S16,12,RS,Low,-0.6446714840992162,-1.0404286825879117,-1.2835728959523494,2.5,-0.6446714840992162,-1.0404286825879117,-1.2835728959523494,-1.635371238154904,1,0.7408524730396913,-1.0016331894151604,-0.6702311965113424,-0.7113909716562994,-0.587477865737295,-0.9059280280773088,332,1.7424856624548517,12
S16,13,DMT,High,0.0062497282194361,1.353802724149771,-0.6776517110538101,3.5,0.006249728219436,1.353802724149771,-0.67765171105381,0.5508500444796512,2,-0.7258346810100507,0.8501171294856712,1.0461965662897903,1.8148604968420028,-0.7212642973553373,1.622811899720708,360,-1.575951810495722,13
S16,13,DMT,Low,-0.2609163668860056,-0.5950562567127576,0.0518762872628592,3.5,-0.2609163668860056,-0.5950562567127577,0.0518762872628592,-0.5167555661070159,1,1.2253418461205534,-0.9314744281044264,1.4150299591976978,1.1785281014082627,1.084764189184905,-0.6505951013671161,360,2.15681627422498,13
S16,13,RS,High,-0.6447731517580557,-0.3104710247722304,0.8989149942232874,3.5,-0.6447731517580557,-0.3104710247722304,0.8989149942232875,-0.2073841255925305,2,0.2635242311675954,-1.43044457462341,-0.5746799277961189,-0.8981486779175285,0.4221132625116788,-1.4304431449657302,360,1.6939688057910054,13
S16,13,RS,Low,-0.6447010888649434,-1.0962691378619116,-1.326577675193133,3.5,-0.6447010888649434,-1.0962691378619116,-1.326577675193133,-1.689504673507078,1,0.7329486666600293,-1.0361867248481804,-0.6144086491598288,-0.623966359934694,-0.3769529394409701,-0.9182826632911044,360,1.7691353915082098,13
S16,14,DMT,High,-0.1427065609974144,1.2946554002003512,-0.4755810487597929,4.5,-0.1427065609974144,1.2946554002003512,-0.4755810487597928,0.5083311918934889,2,-0.6719766628252594,0.8104957177428723,0.9640609980810269,1.7940232017332012,-0.6741535371328015,1.5337972556005917,392,-1.4824723805681317,14
S16,14,DMT,Low,1.263254298548233,-0.4420877858822535,-0.2177348443638012,4.5,1.263254298548233,-0.4420877858822535,-0.2177348443638011,0.4346511624033618,1,1.3851078240192736,-1.0011345378569965,1.3393751500433202,0.9983116846499908,1.1742170673694878,-0.7562552530232589,392,2.38624236187627,14
S16,14,RS,High,-0.6447668449433251,-0.4277380242442669,0.9338396583281504,4.5,-0.6447668449433251,-0.4277380242442669,0.9338396583281504,-0.2653221894019592,2,0.4451091393148061,-1.43044457462341,-0.5475172919642384,-0.913101343957356,-0.0038057811301481,-1.4267950583423803,392,1.875553713938216,14
S16,14,RS,Low,-0.6446855425665934,-1.0904316564775491,-1.299926323086548,4.5,-0.6446855425665934,-1.0904316564775491,-1.299926323086548,-1.6739836672167083,1,0.682337573484711,-1.0247058938581737,-0.5614774867553293,-0.5428702313426561,-0.1360884296237393,-0.9303046429543482,392,1.7070434673428845,14
S16,15,DMT,High,-0.2775483177008654,1.2250022668030058,-0.9472547189005838,5.5,-0.2775483177008654,1.2250022668030058,-0.9472547189005835,0.1686074208717849,2,-0.6298062634944215,0.7942031605501263,0.9076884147183244,1.7898394251565963,-0.6344775785665843,1.4447661550355109,420,-1.4240094240445478,15
S16,15,DMT,Low,-0.0858971456700413,0.3202198324610259,-0.1625056874673383,5.5,-0.0858971456700413,0.3202198324610258,-0.1625056874673382,0.0733873400426728,1,1.5048700443220522,-1.0849924398267872,1.2587655298250926,0.8201403023203226,1.0607495087655017,-0.8365004521477607,420,2.58986248414884,15
S16,15,RS,High,-0.6447700054125862,-0.3499962479019396,1.0067467157140113,5.5,-0.6447700054125862,-0.3499962479019396,1.0067467157140113,-0.1841877595420074,2,0.4304311205763894,-1.43044457462341,-0.5156538210726397,-0.8941801368244735,0.1602455009350215,-1.397259073804665,420,1.8608756951998,15
S16,15,RS,Low,-0.6428063487671188,-1.0767776768185726,-1.3480391242650955,5.5,-0.6428063487671188,-1.0767776768185726,-1.3480391242650955,-1.685624620891944,1,0.5313765137299364,-1.0274347242248425,-0.527027579353734,-0.4634264986467935,0.0714953305031311,-0.9278947307283572,420,1.558811237954779,15
S16,16,DMT,High,-0.2660482926667752,0.7374299765434744,-0.7279382897686635,6.5,-0.2660482926667752,0.7374299765434743,-0.7279382897686634,-0.0319840998071798,2,-0.5849894611087507,0.7819444560346106,0.852896384635649,1.7882117132863249,-0.5909553824903487,1.3709506600659238,452,-1.3669339171433612,16
S16,16,DMT,Low,0.3398229071526751,-0.1801282851863955,-0.4168447264381373,6.5,0.3398229071526751,-0.1801282851863956,-0.4168447264381372,-0.0807705172219281,1,1.6453215160737549,-1.1569454765180534,1.1848542326514624,0.798482785379895,0.8784389775501815,-0.8865278945355479,452,2.802266992591808,16
S16,16,RS,High,-0.642482742269308,0.0843561561875356,1.2541807060970034,6.5,-0.642482742269308,0.0843561561875355,1.2541807060970034,0.199474760193937,2,0.302277945121603,-1.43044457462341,-0.4904664125706762,-0.8806268298117038,0.4080638688777205,-1.387003137066926,452,1.7327225197450131,16
S16,16,RS,Low,-0.6405166441724229,-0.9580095752255724,-1.321594755718953,6.5,-0.6405166441724229,-0.9580095752255724,-1.321594755718953,-1.5979819662053,1,0.3888311254737563,-0.9984741466494508,-0.5703852195020345,-0.3909751429594402,0.2416398293685139,-0.9170421006826892,452,1.387305272123207,16
S16,17,DMT,High,0.4093981000654891,1.0117269324453833,0.9381590930090994,7.5,0.4093981000654891,1.0117269324453833,0.9381590930090996,1.313185062798946,2,-0.5300040378764331,0.7731662998369018,0.8032434690051659,1.770593935179166,-0.5292048053037978,1.326820529162935,480,-1.3031703377133348,17
S16,17,DMT,Low,-0.5774693565455298,0.132849049577288,-0.120252441522093,7.5,-0.5774693565455298,0.1328490495772879,-0.1202524415220929,-0.3398278385336065,1,1.6886711432266082,-1.2005870934729477,1.0953319796967935,0.9626739140354534,0.8225824957699828,-0.9167906879643692,480,2.889258236699556,17
S16,17,RS,High,-0.6434806302869444,-0.2084507560531262,1.1312801177237268,7.5,-0.6434806302869444,-0.2084507560531263,1.1312801177237268,-0.0392875808221732,2,0.0950733802469276,-1.43044457462341,-0.4815454051051585,-0.947689412008366,0.4255986795925442,-1.38519062707246,480,1.5255179548703377,17
S16,17,RS,Low,-0.644696555210856,-1.0442263816685706,-1.3762312572302258,7.5,-0.644696555210856,-1.0442263816685706,-1.3762312572302258,-1.6789776799537897,1,0.270773575055554,-0.9793425659383024,-0.62297463415451,-0.3302059134708334,0.3559690480937347,-0.9118839683382972,480,1.2501161409938564,17
S16,18,DMT,High,-0.3731292388795721,0.5589671069706887,-0.8480481348132808,8.5,-0.3731292388795721,0.5589671069706886,-0.8480481348132807,-0.2657549439445228,2,-0.4790497519856074,0.7607983620843485,0.7599463918854622,1.7558813884200954,-0.4814786184004144,1.2685140900191167,512,-1.239848114069956,18
S16,18,DMT,Low,-0.5467548896926915,-0.3829486103923867,-0.1430812760821341,8.5,-0.5467548896926915,-0.3829486103923867,-0.143081276082134,-0.6535039915676697,1,1.6964012784131863,-1.2250879476078969,1.068247681423344,1.034432136018122,0.942743281013254,-0.946023876938691,512,2.921489226021083,18
S16,18,RS,High,-0.6447647941003843,-0.1808704318788271,1.523569540848186,8.5,-0.6447647941003843,-0.1808704318788271,1.523569540848186,0.1516467145781831,2,0.4252610264710282,-1.43044457462341,-0.4643573572730117,-0.958418183509756,0.1733997203740505,-1.382293848638296,512,1.8557056010944384,18
S16,18,RS,Low,-0.6446667481675675,-1.0502305850993994,-1.2973589289606793,8.5,-0.6446667481675675,-1.0502305850993994,-1.2973589289606793,-1.647641224536657,1,0.1894660490115217,-0.9787022021027406,-0.6348687925410698,-0.2682266529025849,0.4336085070884288,-0.912986910219004,512,1.1681682511142624,18
S18,1,DMT,High,0.9412588352484073,2.1426227809199783,-0.5009168052372789,-8.5,0.9412588352484073,2.1426227809199787,-0.500916805237279,1.7221103893376706,1,-0.1788501008852639,1.7190242995658416,2.5222236545684664,2.4840727055266667,-0.0762520653996006,2.133286963073975,0,-1.8978744004511052,1
S18,1,DMT,Low,1.531339621563933,0.5004827380270143,-0.3312900018607646,-8.5,1.531339621563933,0.5004827380270144,-0.3312900018607647,1.1463023395502971,2,0.8389828153405442,0.8378982108825862,0.8616450131700297,0.757378097978867,-0.0169984399118078,1.6958047806430274,0,0.0010846044579579,1
S18,1,RS,High,-0.3622283965056763,-1.1196404493625307,-0.1518027515528087,-8.5,-0.3622283965056763,-1.119640449362531,-0.1518027515528087,-1.0008697498753325,1,-0.0961663126521039,0.86738794449976,0.020445065043972,-0.8274457817836085,-0.0182005630890991,-0.0417963671612688,0,-0.963554257151864,1
S18,1,RS,Low,-0.2813482192570803,-0.1320382293408923,-0.8682736630355754,-8.5,-0.2813482192570803,-0.1320382293408923,-0.8682736630355755,-0.648969207962844,2,0.6139173786910758,0.8864745279173695,-0.5126618320996921,-0.8922055123142936,0.7080135607691057,-0.513942733508176,0,-0.2725571492262937,1
S18,2,DMT,High,0.4679003970485352,1.1323244489607018,-1.4245885569441328,-7.5,0.4679003970485352,1.132324448960702,-1.424588556944133,0.3753289948359988,1,-0.1684181984079027,1.6650887025555876,2.575630732494843,2.450282886967545,-0.0250241497582764,2.1317173224735506,32,-1.8335069009634903,2
S18,2,DMT,Low,6.91990253649133,2.8328078737488696,-0.7279583051703586,-7.5,6.91990253649133,2.83280787374887,-0.7279583051703588,5.879930398922861,2,0.8211496140602812,0.8476749489265512,0.9190397239109348,0.7422122077312487,0.0135438527495505,1.6413777198749862,32,-0.0265253348662699,2
S18,2,RS,High,-0.3906968373496079,-0.9492720300411964,-0.1199368127936456,-7.5,-0.3906968373496079,-0.9492720300411964,-0.1199368127936456,-0.8981702261657103,1,-0.1161635496219351,0.6387276229778827,0.0663675122091294,-0.8054544151614585,-0.0107803683611186,0.087480330472583,32,-0.7548911725998179,2
S18,2,RS,Low,-0.3893197478229195,0.2243232176989595,-0.7295471297055147,-7.5,-0.3893197478229195,0.2243232176989595,-0.7295471297055148,-0.4330879574258222,2,0.6612239304850751,0.8596684179949118,-0.507329937562842,-0.8921121819948572,0.7657503721343089,-0.5064199901944041,32,-0.1984444875098366,2
S18,3,DMT,High,1.232463345543999,1.608903373046806,0.710718995375554,-6.5,1.232463345543999,1.6089033730468063,0.7107189953755542,2.11296238226908,1,-0.1504684487735755,1.5509106990430013,2.5732831664140425,2.4204906339355703,0.0055929903559512,2.124322172661953,60,-1.7013791478165767,3
S18,3,DMT,Low,2.6070283111982926,3.0936758044890325,-1.670779365688905,-6.5,2.6070283111982926,3.093675804489033,-1.6707793656889052,2.863794360160556,2,0.8030164574952482,0.8543703984449802,0.9309242153632288,0.7156126026784215,0.0937384324157814,1.5210402501887168,60,-0.051353940949732,3
S18,3,RS,High,-0.3726689952525361,-0.3767614428432547,0.1384536852074453,-6.5,-0.3726689952525361,-0.3767614428432547,0.1384536852074453,-0.4129957270287973,1,-0.1307634057603436,0.1990546729162954,-0.1580794523711253,-0.8004824090643301,-0.0007421798411761,0.0649474446649431,60,-0.329818078676639,3
S18,3,RS,Low,-0.288261755656173,-0.1073748023118861,-0.6725236570816018,-6.5,-0.288261755656173,-0.1073748023118861,-0.6725236570816019,-0.5508785705827954,2,0.6660684744350192,0.844921627300707,-0.494533744979615,-0.9077225890327638,0.7664749872328515,-0.5186720540466585,60,-0.1788531528656878,3
S18,4,DMT,High,0.3269997147361581,2.74508203431535,0.8752153138746225,-5.5,0.3269997147361581,2.7450820343153506,0.8752153138746226,2.3185123359641864,1,-0.1275523394667614,1.4246294255848262,2.5239604602351084,2.3893250099654906,0.0314087278775812,2.1159063326883065,92,-1.5521817650515877,4
S18,4,DMT,Low,0.7437191843097793,2.6576661807331434,-1.166168418536956,-5.5,0.7437191843097793,2.657666180733144,-1.1661684185369563,1.6225133381804704,2,0.792352804085367,0.8351375471944795,0.899195469059489,0.6817612699884055,0.231960174379022,1.3359575258189762,92,-0.0427847431091125,4
S18,4,RS,High,-0.3867201548749696,-0.8013793446541078,0.2582954734875986,-5.5,-0.3867201548749696,-0.8013793446541079,0.2582954734875987,-0.6347376777554791,1,-0.0293993919376738,-0.0645091236054183,-0.5425352761210579,-0.8054513091078505,-0.0086560831909957,-0.0069242303140502,92,0.0351097316677445,4
S18,4,RS,Low,-0.3844260151922117,0.3604570540159553,-0.5931397171615156,-5.5,-0.3844260151922117,0.3604570540159553,-0.5931397171615157,-0.2839906179788137,2,0.6256636203573367,0.8206793838570361,-0.4781748846772365,-0.9288477099999408,0.7202685259238796,-0.5424429828037243,92,-0.1950157634996994,4
S18,5,DMT,High,0.5885646552879382,2.353380435731364,0.9304445772172112,-4.5,0.5885646552879382,2.3533804357313644,0.9304445772172112,2.265052706988797,1,-0.0955134419378728,1.2905749718401354,2.466913944463995,2.357182006435161,0.0473167388780475,2.10309567919869,120,-1.3860884137780085,5
S18,5,DMT,Low,0.0626276337258275,0.6771537881373633,-1.3196625298670075,-4.5,0.0626276337258274,0.6771537881373634,-1.3196625298670075,-0.1225734626538008,2,0.8537518209503143,0.8279837434764614,0.8696429405716691,0.6231561019785288,0.4278505274000631,1.170687720668174,120,0.0257680774738529,5
S18,5,RS,High,-0.3929913775983852,-0.7608911960300496,0.4643374564505709,-4.5,-0.3929913775983852,-0.7608911960300497,0.4643374564505709,-0.5217432819734975,1,0.3195323281905626,-0.1748323716050826,-0.8042574624840527,-0.8111601907337085,-0.024207845255441,-0.2517250906799375,120,0.4943646997956453,5
S18,5,RS,Low,-0.3995526760276929,0.1423553781525569,-0.5574200521014383,-4.5,-0.3995526760276929,0.1423553781525569,-0.5574200521014384,-0.4144396084187712,2,0.6523464790349089,0.7969187316661794,-0.452941467466448,-0.929893209616662,0.6860310036721939,-0.5786205340288506,120,-0.1445722526312705,5
S18,6,DMT,High,0.3611665115979748,1.5326163320009667,0.7455161184948906,-3.5,0.3611665115979748,1.532616332000967,0.7455161184948907,1.5230068717088474,1,-0.0537630891999402,1.2196802320183149,2.419261403852546,2.3407126770401967,0.0490626381276482,2.077978845880647,152,-1.2734433212182552,6
S18,6,DMT,Low,0.2732269526156111,0.3664308932143982,-1.2398940478751614,-3.5,0.2732269526156111,0.3664308932143982,-1.2398940478751617,-0.146998851608765,2,0.8523543428309777,0.7988086366415377,0.8472143454409673,0.5808864781535323,0.6142089147559954,0.9874056074184544,152,0.0535457061894399,6
S18,6,RS,High,-0.3884430028337355,-0.8207113214740033,0.3658301934007877,-3.5,-0.3884430028337355,-0.8207113214740034,0.3658301934007877,-0.6001256926243704,1,0.5589477829436461,-0.1946026308738281,-0.8138749229753134,-0.8193230380736398,-0.0364041216882071,-0.714691810094944,152,0.7535504138174742,6
S18,6,RS,Low,-0.379991630268462,-0.1325608384220518,-0.5478869061763973,-3.5,-0.379991630268462,-0.1325608384220518,-0.5478869061763975,-0.5699330324377821,2,0.6920604870289416,0.7795376283657083,-0.4239206010367679,-0.930097194540903,0.6655624625195645,-0.614970633576262,152,-0.0874771413367666,6
S18,7,DMT,High,0.9440793082047544,0.9931715806627868,1.247600121261562,-2.5,0.9440793082047544,0.9931715806627868,1.2476001212615622,1.7813844658561906,1,-0.011828072257045,1.133136303794811,2.3454267207724517,2.333806463853078,0.0439219854856444,2.017542083585087,180,-1.144964376051856,7
S18,7,DMT,Low,-0.0471162195711065,0.4948268261046969,-1.046752166159148,-2.5,-0.0471162195711065,0.4948268261046969,-1.046752166159148,-0.1856693194851132,2,0.8589733857475534,0.6375161302600453,0.8307689113943905,0.5369924698749655,0.7766859047409147,0.7315791575474955,180,0.2214572554875081,7
S18,7,RS,High,-0.3858045429513386,-0.6402328854630209,0.6647382827856553,-2.5,-0.3858045429513386,-0.640232885463021,0.6647382827856554,-0.3524129295353699,1,0.7035386892982467,-0.1824902920376026,-0.7905668842066832,-0.8363473303230904,-0.0422560797027274,-0.8588217269503472,180,0.8860289813358493,7
S18,7,RS,Low,-0.4003574528998605,0.4847536257093669,-0.757165161494836,-2.5,-0.4003574528998605,0.484753625709367,-0.7571651614948361,-0.2892593120396119,2,0.706945144475525,0.771873901602014,-0.4178220735890146,-0.9301014942761616,0.6534040364409759,-0.6439452997860626,180,-0.0649287571264889,7
S18,8,DMT,High,0.5044308926507285,0.4923702726643933,1.3936865588892928,-1.5,0.5044308926507285,0.4923702726643933,1.393686558889293,1.251197527396239,1,0.0323727178111789,1.0355292238354543,2.252089947288068,2.322221853915344,0.0375645177467792,1.9320176849377084,212,-1.0031565060242755,8
S18,8,DMT,Low,-0.4053314257937341,-0.0778492699589557,-1.1579318335384197,-1.5,-0.4053314257937341,-0.0778492699589557,-1.15793183353842,-0.8231949623897408,2,0.8901995288504739,0.4617088581668407,0.8254624225611197,0.4966057576167665,0.966988217499296,0.6106589470084043,212,0.4284906706836331,8
S18,8,RS,High,-0.3462193607485311,-0.2812235247936817,0.707269954836207,-1.5,-0.3462193607485311,-0.2812235247936817,0.7072699548362071,-0.0832195391045922,1,0.7690890678826754,-0.1348797385788641,-0.8022764281991631,-0.8455132360400989,-0.0557616257527924,-0.9240139951011932,212,0.9039688064615397,8
S18,8,RS,Low,-0.4066611362006609,0.006497408610363,-0.6389608080343268,-1.5,-0.4066611362006609,0.006497408610363,-0.6389608080343269,-0.5403789431256404,2,0.7266752161711566,0.7660867280762049,-0.4398097574847007,-0.9301132362606636,0.6754883873672234,-0.6543668811017821,212,-0.0394115119050483,8
S18,9,DMT,High,-0.1157796317703018,0.2607876823524558,0.8950672076079533,-0.5,-0.1157796317703018,0.2607876823524558,0.8950672076079534,0.4873923818774084,1,0.0730565660071517,0.9429779706284136,2.161914614519122,2.3005031333355155,0.0342320616150549,1.8400567142359283,240,-0.8699214046212619,9
S18,9,DMT,Low,-0.3575795531164658,-0.405085216610529,-1.0874518832066258,-0.5,-0.3575795531164658,-0.405085216610529,-1.087451883206626,-0.9663209917963176,2,1.004185353210575,0.2147973516851614,0.8054950754969656,0.4446419421484893,1.182834013168352,0.5279237398399936,240,0.7893880015254132,9
S18,9,RS,High,-0.378987148733429,-0.7302801511736894,0.8296550610705574,-0.5,-0.378987148733429,-0.7302801511736895,0.8296550610705575,-0.331121451435042,1,0.8000776628791573,-0.066291923490634,-0.7887450626929325,-0.8644757106608603,-0.0650663339163216,-0.9207296038856304,240,0.8663695863697913,9
S18,9,RS,Low,-0.4024150263029464,0.0848435435205061,-0.5084433273064852,-0.5,-0.4024150263029464,0.0848435435205061,-0.5084433273064853,-0.4305233820391749,2,0.7250747084790546,0.7818595932198265,-0.4696560231989404,-0.930115061251156,0.706394208734416,-0.6459681304418584,240,-0.0567848847407718,9
S18,10,DMT,High,0.111372980009276,-0.0743224344169931,1.3319481154729076,0.5,0.1113729800092759,-0.0743224344169931,1.3319481154729078,0.6171109620971317,1,0.120557428536109,0.8770867498759786,2.054972281171512,2.270567651904675,0.0326257754176268,1.7539661254395609,272,-0.7565293213398695,10
S18,10,DMT,Low,-0.3918392882252072,-0.4939961052581434,-0.9958330499581636,0.5,-0.3918392882252072,-0.4939961052581434,-0.9958330499581636,-1.0032071406288927,2,1.215413267922057,-0.0169951178597115,0.7454085511392925,0.3850301138984529,1.3763130635827143,0.4548734092074345,272,1.2324083857817685,10
S18,10,RS,High,-0.4070554279135423,-1.0038137961385107,0.5608560452847152,0.5,-0.4070554279135423,-1.003813796138511,0.5608560452847153,-0.6400230538470162,1,0.8332796155130863,-0.0068801556257872,-0.7686124042010045,-0.8863880550743323,-0.0859487658029096,-0.9089535371709878,272,0.8401597711388735,10
S18,10,RS,Low,-0.3957270384746053,0.0243895896807318,-0.746647713899024,0.5,-0.3957270384746053,0.0243895896807318,-0.7466477138990241,-0.5700655042108839,2,0.6925278001929799,0.794841614526401,-0.5023318326686027,-0.930115655750195,0.7134909405600894,-0.62235080376342,272,-0.1023138143334211,10
S18,11,DMT,High,1.1499574316423145,-0.094321123112052,1.5705857461539,1.5,1.1499574316423145,-0.094321123112052,1.5705857461539,1.3754153455953977,1,0.171174858979773,0.8312868482510776,1.927644553813157,2.243742226706936,0.0265167567175376,1.693273904313495,300,-0.6601119892713045,11
S18,11,DMT,Low,-0.40655832925248,-0.4511635368286691,-0.9071288717919148,1.5,-0.40655832925248,-0.4511635368286691,-0.9071288717919148,-0.9463378198291176,2,1.43594654724758,-0.1925447227729958,0.6922764332842875,0.3277335269006536,1.5171472866960054,0.36472427985678,300,1.6284912700205756,11
S18,11,RS,High,-0.3923086002793232,-0.9940774588223786,0.7109720446821225,1.5,-0.3923086002793232,-0.9940774588223787,0.7109720446821226,-0.5577187369493797,1,0.8498338155740711,0.0201157352677553,-0.756567213469953,-0.8887332638837043,-0.1123101567344304,-0.9030632131735832,300,0.8297180803063158,11
S18,11,RS,Low,-0.402309013408239,0.1305273447802452,-0.629584892057761,1.5,-0.402309013408239,0.1305273447802452,-0.6295848920577611,-0.4557108530005023,2,0.6677192066254122,0.796045768032283,-0.5454353797799298,-0.9301159393486956,0.7113230347515683,-0.5949697331153101,300,-0.1283265614068708,11
S18,12,DMT,High,-0.1710600294217383,-0.3283210861519429,1.4053737729524702,2.5,-0.1710600294217383,-0.3283210861519429,1.4053737729524705,0.3098633439052012,1,0.2122371605660474,0.7923480584140444,1.8541937044128496,2.170760285032504,0.0187241489604333,1.6558734500590755,332,-0.580110897847997,12
S18,12,DMT,Low,-0.3997373111288462,-0.6930927327033614,-1.03817260696798,2.5,-0.3997373111288462,-0.6930927327033615,-1.0381726069679802,-1.1518396572730487,2,1.675915245314944,-0.3936901184175795,0.6155497085694763,0.2755567512066026,1.7494384429252017,0.2900137907419248,332,2.069605363732524,12
S18,12,RS,High,-0.3989240209398142,-0.9364446797438902,0.7895679871918201,2.5,-0.3989240209398142,-0.9364446797438905,0.7895679871918202,-0.4908855493369587,1,0.850274395763839,0.0021150224554066,-0.7641475830007624,-0.8838966811678187,-0.1306912050708318,-0.8837804759738714,332,0.8481593733084323,12
S18,12,RS,Low,-0.3976686720857331,-0.0292970196809057,-0.7001775690132614,2.5,-0.3976686720857331,-0.0292970196809056,-0.7001775690132616,-0.5842780989670858,2,0.6683284382986387,0.7998856521778238,-0.595783747566515,-0.9301159598473542,0.6995324856874392,-0.5762594765022941,332,-0.131557213879185,12
S18,13,DMT,High,-0.2804832819683842,-0.7140133154866396,1.7706027570147609,3.5,-0.2804832819683842,-0.7140133154866397,1.770602757014761,0.1606111526956103,1,0.2575194743100267,0.710874305215485,1.7947939235147272,2.0707998023541827,0.0096533659029046,1.6079059544441807,360,-0.4533548309054583,13
S18,13,DMT,Low,-0.4001411049149505,-0.8646308192752392,-0.9959845172783404,3.5,-0.4001411049149505,-0.8646308192752393,-0.9959845172783404,-1.2408139908776108,2,1.9790361106148884,-0.5922573859818316,0.5408099242217246,0.2360618395583515,1.9297660966039356,0.2240694767051001,360,2.57129349659672,13
S18,13,RS,High,-0.4057635787227612,-0.6914456004854419,0.8489584487898704,3.5,-0.4057635787227612,-0.691445600485442,0.8489584487898705,-0.3153407353773909,1,0.8338222960471758,0.015701637838418,-0.7860701007235217,-0.8726224022321,-0.1216034074078586,-0.890642629742705,360,0.8181206582087578,13
S18,13,RS,Low,-0.3961058423938667,0.1304113961389629,-0.7290646801346096,3.5,-0.3961058423938667,0.1304113961389629,-0.7290646801346097,-0.4960582547386362,2,0.6714211780373766,0.8212654509348499,-0.6217224966249129,-0.9301159930529076,0.6926394672349458,-0.5593361148531171,360,-0.1498442728974733,13
S18,14,DMT,High,0.2235537641657519,-0.6656914021379706,1.5964178016150616,4.5,0.2235537641657519,-0.6656914021379707,1.596417801615062,0.436002707722094,1,0.3285280009045199,0.6189224509336737,1.7023385234148674,1.9470315395326885,-0.0118393459104434,1.531886362511114,392,-0.2903944500291537,14
S18,14,DMT,Low,-0.3960057146284125,-0.617574328578788,-0.9468335709773,4.5,-0.3960057146284125,-0.6175743285787881,-0.9468335709773,-1.0615102142804054,2,2.214621698344222,-0.7601572692022591,0.4832007305441829,0.2030625347309948,2.064880517326258,0.163358252045568,392,2.9747789675464813,14
S18,14,RS,High,-0.407028854446644,-1.0962114731677473,0.8069233682042068,4.5,-0.407028854446644,-1.0962114731677477,0.806923368204207,-0.5884577503799422,1,0.8017059839864951,0.0506170463517527,-0.8209914825019267,-0.8567406337775776,-0.1103477266250529,-0.8855898252645495,392,0.7510889376347423,14
S18,14,RS,Low,-0.3953724740647436,-0.0765171152370396,-0.7333262151389702,4.5,-0.3953724740647436,-0.0765171152370396,-0.7333262151389703,-0.6271381755170399,2,0.6767037718601431,0.847782299970914,-0.635139477083874,-0.9301159926464686,0.6750843113424566,-0.540786215380763,392,-0.1710785281107709,14
S18,15,DMT,High,-0.2340426407311173,-0.6477187004018444,1.914272677680727,5.5,-0.2340426407311173,-0.6477187004018445,1.9142726776807275,0.2957700285549664,1,0.396215625289501,0.5365778149240604,1.6016145731966536,1.8410013427131495,-0.0322516248844585,1.428279214138115,420,-0.1403621896345594,15
S18,15,DMT,Low,-0.4016949255963526,-0.6645098462762886,-0.9443095772949924,5.5,-0.4016949255963526,-0.6645098462762887,-0.9443095772949924,-1.093436850438659,2,2.364107714539852,-0.8369963185123583,0.3802464505617978,0.1754093080376518,2.152486660992313,0.1000369847940875,420,3.2011040330522103,15
S18,15,RS,High,-0.3949518761743568,-1.069796997047073,0.6231000186949237,5.5,-0.3949518761743568,-1.069796997047073,0.6231000186949238,-0.6459356805567132,1,0.8040010709213051,0.0345475617869067,-0.851997408017491,-0.8458839011066546,-0.1036804562874513,-0.8751609979427148,420,0.7694535091343984,15
S18,15,RS,Low,-0.4056807676645374,-0.1820223646226518,-0.6568986446730044,5.5,-0.4056807676645374,-0.1820223646226518,-0.6568986446730045,-0.6658492301149215,2,0.7007809724028504,0.8645177787998127,-0.662034090241466,-0.9301159960444338,0.6628151725399963,-0.5227187615567374,420,-0.1637368063969623,15
S18,16,DMT,High,0.4893981134357411,-0.4471634579673057,1.7201253469100086,6.5,0.4893981134357411,-0.4471634579673058,1.7201253469100088,0.798086169807618,1,0.4534269614254357,0.4924568646087032,1.5234286296557424,1.738734304151343,-0.0551874061848116,1.2798064877621675,452,-0.0390299031832675,16
S18,16,DMT,Low,-0.4070313411127112,-0.6600183961498071,-0.9128126240364158,6.5,-0.4070313411127112,-0.6600183961498072,-0.912812624036416,-1.080029356153629,2,2.4204755067637973,-0.899073115197384,0.257427074452432,0.1412847213094135,2.267552435936165,0.0226669224184909,452,3.3195486219611814,16
S18,16,RS,High,-0.4070113680640685,-0.7469670844052981,0.8782063714299463,6.5,-0.4070113680640685,-0.7469670844052982,0.8782063714299464,-0.3379187189572386,1,0.804553537301864,0.0166911029881002,-0.887489512501522,-0.8377519489181898,-0.100984464023756,-0.8681863299061536,452,0.7878624343137637,16
S18,16,RS,Low,-0.3681826554887606,0.0948197165431624,-0.6218517345653214,6.5,-0.3681826554887606,0.0948197165431624,-0.6218517345653215,-0.4528035499090175,2,0.7282106824523485,0.8671576690452559,-0.688133109476558,-0.9301159958790236,0.663824545996122,-0.5077841377275091,452,-0.1389469865929073,16
S18,17,DMT,High,-0.1809061165683163,-0.5273761675209429,1.9253040990100505,7.5,-0.1809061165683163,-0.527376167520943,1.9253040990100507,0.4100862307039255,1,0.5126609355853627,0.4262762205341621,1.4022289578976377,1.6469429838555674,-0.0751217831061675,1.1429325113339943,480,0.0863847150512006,17
S18,17,DMT,Low,-0.4071081811172822,-0.8432517511861166,-0.9847755852603728,7.5,-0.4071081811172822,-0.8432517511861167,-0.9847755852603728,-1.2268922916618916,2,2.447633658810241,-0.9265332293677608,0.1766249016852404,0.0906650756065893,2.4570208087399807,-0.0650853391055227,480,3.374166888178002,17
S18,17,RS,High,-0.4031409884689354,-0.8097170624475951,0.9991027130753992,7.5,-0.4031409884689354,-0.8097170624475952,0.9991027130753992,-0.3209884560750852,1,0.8125518845068642,0.0232861249595517,-0.9173101003769186,-0.8310258005405913,-0.0819937739442175,-0.8515916192727001,480,0.7892657595473125,17
S18,17,RS,Low,-0.3634887185534963,0.105264077334974,-0.682728498936655,7.5,-0.3634887185534963,0.105264077334974,-0.6827284989366551,-0.4703310110489843,2,0.7487240229637192,0.8619692118184582,-0.6965606210506629,-0.9301159962023586,0.6711917721629295,-0.507314366880132,480,-0.113245188854739,17
S18,18,DMT,High,-0.2136051549429298,-0.7673125972173983,1.9111744473734305,8.5,-0.2136051549429298,-0.7673125972173984,1.911174447373431,0.2325389170482976,1,0.582540538035906,0.3257432495937887,1.2406635551841576,1.5536679771379631,-0.0914480660260875,0.9931243066577988,512,0.2567972884421173,18
S18,18,DMT,Low,-0.4037098901118511,-0.6866359239058818,-0.9367487740685948,8.5,-0.4037098901118511,-0.6866359239058819,-0.9367487740685948,-1.105227078131831,2,2.4835911929096257,-0.9301156585284412,0.0784657645508265,0.0199135019372104,2.5832284870135367,-0.1517078343426619,512,3.413706851438067,18
S18,18,RS,High,-0.3883058754997073,-0.6825644604853988,0.870467801044517,8.5,-0.3883058754997073,-0.6825644604853989,0.8704678010445172,-0.2890366018300463,1,0.8357069531804899,0.0460454462873241,-0.927923588673079,-0.8276119150190336,-0.0351590760641387,-0.8360301700833233,512,0.7896615068931658,18
S18,18,RS,Low,-0.3931408003848127,0.2223441420440619,-0.4794155359591611,8.5,-0.3931408003848127,0.2223441420440619,-0.4794155359591611,-0.3255244956437327,2,0.7479170672286963,0.8726540760498317,-0.7200580192989724,-0.9301159961805876,0.6715136764943284,-0.5446034554109656,512,-0.1247370088211353,18
S19,1,DMT,High,0.3201018825169027,0.6331745538578659,-0.197661691504227,-8.5,0.3201018825169027,0.6331745538578659,-0.197661691504227,0.5136782903400063,2,2.2079802953965726,-0.8286127751253679,2.700135810725296,2.665319474581215,2.753921956584196,1.0827415527557516,0,3.0365930705219406,1
S19,1,DMT,Low,-0.1375892545919125,-0.2931731535456973,-0.4890530576100885,-8.5,-0.1375892545919125,-0.2931731535456973,-0.4890530576100885,-0.4892614168863575,1,1.142528142842312,-0.5925405241558779,1.7539665763630572,1.67316665634402,0.1091376574354153,1.5674306723362623,0,1.7350686669981898,1
S19,1,RS,High,-0.4953632768523344,-0.5483401777316227,-0.1239322119417861,-8.5,-0.4953632768523344,-0.5483401777316227,-0.123932211941786,-0.7157247616933113,2,0.9520923515609172,-0.8298253801114777,-0.5742510410814973,-0.8290887570982015,-0.7806521230195378,-0.7768764496292985,0,1.7819177316723946,1
S19,1,RS,Low,-0.5044433352152263,-0.8832054767567339,-0.8956379433423344,-8.5,-0.5044433352152263,-0.8832054767567339,-0.8956379433423344,-1.2745756988878514,1,1.0818909219297956,-0.5214485306408425,-0.3683452452642245,-0.1076648555214343,0.0894261093318719,0.2700402890237927,0,1.603339452570638,1
S19,2,DMT,High,2.2319368699175657,0.7693061109899939,-0.1319863596864028,-7.5,2.2319368699175657,0.7693061109899939,-0.1319863596864028,1.8517648353523284,2,2.2058116363594986,-0.8248454844799719,2.699607962193457,2.5075329957218555,2.724819524635931,0.9556998328060116,32,3.0306571208394706,2
S19,2,DMT,Low,0.1071347579638597,-0.1028354181471354,-0.550328956861166,-7.5,0.1071347579638597,-0.1028354181471354,-0.550328956861166,-0.240631575120276,1,1.1549390033187463,-0.5343559271974246,1.6103363148004683,1.4481873385607156,0.1349495277011963,1.39718537362474,32,1.689294930516171,2
S19,2,RS,High,-0.2960278685132716,-0.2748157801607863,0.079917635045536,-7.5,-0.2960278685132716,-0.2748157801607863,0.079917635045536,-0.3261042544658073,2,0.9226436462151149,-0.8300655713311971,-0.5786234720817676,-0.8290887456981199,-0.7466852588015696,-0.7756511118757353,32,1.752709217546312,2
S19,2,RS,Low,-0.509907102448483,-0.984225754075316,-0.8445494193520212,-7.5,-0.509907102448483,-0.984225754075316,-0.8445494193520212,-1.3186459561654194,1,1.1196281672176167,-0.5873781732343366,-0.3848920322569436,-0.1043866476428466,0.0634808769144816,0.2012243315343783,32,1.707006340451953,2
S19,3,DMT,High,0.2079619645034226,1.0087933425275182,0.0172128225634221,-6.5,0.2079619645034226,1.0087933425275182,0.0172128225634221,0.7728254185026248,2,2.1921940596308285,-0.8201518557931224,2.7133898538877186,2.393012367458823,2.6854980947001006,0.9021062134898016,60,3.0123459154239507,3
S19,3,DMT,Low,0.2594982307147098,-0.0990847399968694,-0.4286083810644612,-6.5,0.2594982307147098,-0.0990847399968694,-0.4286083810644612,-0.0866316847320862,1,1.151191451705606,-0.5021213403485912,1.5237967495865627,1.3326409591981725,0.1259977700040119,1.3206770215859476,60,1.6533127920541977,3
S19,3,RS,High,-0.4970521685597829,-0.3690221859784267,0.0610096134848917,-6.5,-0.4970521685597829,-0.3690221859784267,0.0610096134848917,-0.5221964479010657,2,0.9057545288082008,-0.8270807822999147,-0.5902409325825412,-0.8290885226893723,-0.7395060024255251,-0.7757183780278694,60,1.7328353111081154,3
S19,3,RS,Low,-0.5122727713269347,-0.9129429031784806,-0.800231581571413,-6.5,-0.5122727713269347,-0.9129429031784806,-0.800231581571413,-1.2557858608481671,1,1.1302364161994762,-0.6248897797426018,-0.3933040612155152,-0.1248600417868806,0.0203515144773375,0.1262393363456034,60,1.755126195942078,3
S19,4,DMT,High,0.0500120830503098,1.790785658426767,0.2876066580750699,-5.5,0.0500120830503098,1.790785658426767,0.2876066580750699,1.2819658047361806,2,2.19039752288205,-0.8160538742553659,2.6885780758564146,2.2846042002857394,2.6659299100167333,0.7899264997960176,92,3.006451397137416,4
S19,4,DMT,Low,-0.01241687222408,0.2024444247760192,-0.6483225556830882,-5.5,-0.01241687222408,0.2024444247760192,-0.6483225556830882,-0.1694515780112485,1,1.138781442228625,-0.4767859326792541,1.4440551437140132,1.1888778782112546,0.1070244923026315,1.231435919617765,92,1.6155673749078792,4
S19,4,RS,High,-0.5001718869295705,-0.4068787788504983,0.3206623120260497,-5.5,-0.5001718869295705,-0.4068787788504983,0.3206623120260497,-0.4324290593270086,2,0.9053837112744648,-0.8223193720996939,-0.5884723556155154,-0.8291088506714652,-0.7395598243053899,-0.7755398268168862,92,1.727703083374159,4
S19,4,RS,Low,-0.5268937499428218,-0.7710802573031781,-0.8475217657717822,-5.5,-0.5268937499428218,-0.7710802573031781,-0.8475217657717822,-1.1972902109363242,1,1.1391115329765973,-0.6373475967338056,-0.3887453636994657,-0.1581995851906696,0.0121184838820564,0.0681011759570953,92,1.7764591297104029,4
S19,5,DMT,High,2.045479882223354,2.8291856341317976,1.1933419144832478,-4.5,2.045479882223354,2.8291856341317976,1.1933419144832478,3.612532906487097,2,2.208732928610564,-0.8116531390246788,2.7075349096589485,2.1642286920651843,2.654707556548589,0.7311518785703792,120,3.0203860676352425,5
S19,5,DMT,Low,-0.1565668375303816,0.0437938502828185,-0.6076758742889856,-4.5,-0.1565668375303816,0.0437938502828185,-0.6076758742889856,-0.3430347118399136,1,1.1252739234829936,-0.4602251946134943,1.3889995237434989,1.044666917845809,0.0931847732073053,1.1351853906821128,120,1.585499118096488,5
S19,5,RS,High,-0.4808940849056589,-0.2648603410573149,-0.0976844467830647,-4.5,-0.4808940849056589,-0.2648603410573149,-0.0976844467830646,-0.5171722227799304,2,0.9105141551045252,-0.8202975572379798,-0.5877787911580684,-0.8274634473773522,-0.742430971475714,-0.7792518755461988,120,1.730811712342505,5
S19,5,RS,Low,-0.5220920782825904,-0.8149454774599176,-0.6956894336505106,-4.5,-0.5220920782825904,-0.8149454774599176,-0.6956894336505106,-1.1541722667933465,1,1.189296382491591,-0.5965034386957183,-0.3867328163761262,-0.1946668002567144,0.014942026597991,0.0049972813520814,120,1.7857998211873092,5
S19,6,DMT,High,1.7024535693928249,2.719167760591388,0.4424691225476979,-3.5,1.7024535693928249,2.719167760591388,0.4424691225476979,2.990102062309167,2,2.237849835386773,-0.807355541030767,2.721381938290496,2.050980180993201,2.635890557288941,0.6660073347283545,152,3.04520537641754,6
S19,6,DMT,Low,-0.2058527847264731,0.3142291701971768,-0.9529199774002396,-3.5,-0.2058527847264731,0.3142291701971768,-0.9529199774002396,-0.3586842987093892,1,1.1197476999369107,-0.4423755977796287,1.3355524672918169,0.9304882732998806,0.0868755684997694,1.0517383267934646,152,1.5621232977165396,6
S19,6,RS,High,-0.49847063524245,-0.4820116513709021,0.1973789279703937,-3.5,-0.49847063524245,-0.4820116513709021,0.1973789279703937,-0.5332475232968464,2,0.918947191527024,-0.8206907015395398,-0.6074373070489563,-0.8203411833133669,-0.7594059547855782,-0.7847218927621576,152,1.739637893066564,6
S19,6,RS,Low,-0.5186427948922531,-0.7480930908121654,-0.6353060365245518,-3.5,-0.5186427948922531,-0.7480930908121654,-0.6353060365245518,-1.083221202271108,1,1.232276188222274,-0.5431935511044139,-0.3880690194696887,-0.1983585059458824,0.0270094633665764,-0.0380933410518466,152,1.7754697393266878,6
S19,7,DMT,High,0.4287123777226543,2.4702015593033506,0.6777042465711534,-2.5,0.4287123777226543,2.4702015593033506,0.6777042465711534,2.123533301711253,2,2.2551973884013377,-0.7992952237614837,2.7253407680664377,1.9389632022850023,2.625413891976553,0.6042507594628321,180,3.054492612162821,7
S19,7,DMT,Low,-0.2936901890270607,0.5293359958444732,-1.0031949454486466,-2.5,-0.2936901890270607,0.5293359958444732,-1.0031949454486466,-0.3024828030933421,1,1.113405060249291,-0.426713713857251,1.2873098604143156,0.7993810355901343,0.0772067675828577,0.9753793666345963,180,1.540118774106542,7
S19,7,RS,High,-0.5160555730090558,-0.5399304095966195,-0.10654530333611,-2.5,-0.5160555730090558,-0.5399304095966195,-0.1065453033361099,-0.7159656207080756,2,0.9190641820376494,-0.8185568347219134,-0.6112114132351782,-0.8203497472571439,-0.7741955908294008,-0.7845372520191042,180,1.737621016759563,7
S19,7,RS,Low,-0.5249498349580345,-0.8735252698146123,-0.6594267999955513,-2.5,-0.5249498349580345,-0.8735252698146123,-0.6594267999955513,-1.1765769856291302,1,1.2571716190541715,-0.5109062605397298,-0.3551435286405902,-0.1389950036696635,0.0161433405389807,-0.0602620043866925,180,1.7680778795939016,7
S19,8,DMT,High,0.7352027946935479,2.099707390723916,0.7036951753175458,-1.5,0.7352027946935479,2.099707390723916,0.7036951753175458,2.0991098607973235,2,2.2609034115969875,-0.7936197979138843,2.7143365465448377,1.86309436953602,2.6182269872476414,0.5483480449189105,212,3.054523209510872,8
S19,8,DMT,Low,-0.3867563486929769,0.1859979252038823,-0.901981250712654,-1.5,-0.3867563486929769,0.1859979252038823,-0.901981250712654,-0.5321527151928936,1,1.1017357620054071,-0.4154315539241417,1.222072146544639,0.6915628780915991,0.0705494048155324,0.8819789948417681,212,1.517167315929549,8
S19,8,RS,High,-0.5144590616795871,-0.553722959834288,0.1267063565005106,-1.5,-0.5144590616795871,-0.553722959834288,0.1267063565005106,-0.6198443421145768,2,0.9190678912203866,-0.8137976016205325,-0.6138326566333225,-0.8203454437236533,-0.7830794073788951,-0.7843592671114584,212,1.732865492840919,8
S19,8,RS,Low,-0.5282285695370311,-0.7973154930895352,-0.7233555633394285,-1.5,-0.5282285695370311,-0.7973154930895352,-0.7233555633394285,-1.1593581708961211,1,1.2629687141890062,-0.5014243613160215,-0.3681873319388209,-0.1022119671164705,-0.0156862695258727,-0.0801129202325962,212,1.7643930755050277,8
S19,9,DMT,High,3.707511999499488,2.1153857767909505,0.9644712089902006,-0.5,3.707511999499488,2.1153857767909505,0.9644712089902006,4.12720561984418,2,2.2663392244697835,-0.7930209476951079,2.7428726383131936,1.818907189998662,2.6252167034847544,0.4870098020621823,240,3.0593601721648915,9
S19,9,DMT,Low,-0.4007477393787495,-0.3797359393911957,-0.8883272893171975,-0.5,-0.4007477393787495,-0.3797359393911957,-0.8883272893171975,-0.8895028498111806,1,1.0834746682823522,-0.4075661293583034,1.1405593096264206,0.5850587632662586,0.0590978251158118,0.7819306751921977,240,1.4910407976406557,9
S19,9,RS,High,-0.5139650876403715,-0.5620819617136839,-0.094186764148544,-0.5,-0.5139650876403715,-0.5620819617136839,-0.0941867641485439,-0.7230104569912449,2,0.916125223874947,-0.8110218511765669,-0.634504978352312,-0.8203456808686665,-0.8276677785800571,-0.7883029179305812,240,1.727147075051514,9
S19,9,RS,Low,-0.5235542595716237,-0.7918029479400012,-0.6978490557983259,-0.5,-0.5235542595716237,-0.7918029479400012,-0.6978490557983259,-1.1415683147356013,1,1.248130680856551,-0.4759699449840738,-0.3885993761968125,-0.1241037253603719,-0.0368839302536931,-0.11129246549891,240,1.724100625840625,9
S19,10,DMT,High,3.021670690670766,1.7360446094909108,1.7757748911652973,0.5,3.021670690670766,1.7360446094909108,1.7757748911652973,3.811420021405848,2,2.2648624889637694,-0.7933265271105965,2.7123104009594163,1.7198606788743571,2.6387823868352416,0.4197700010136188,272,3.058189016074366,10
S19,10,DMT,Low,-0.4566875046362502,-0.4801529316127554,-0.7128305249531464,0.5,-0.4566875046362502,-0.4801529316127554,-0.7128305249531464,-0.9101679111569956,1,1.0653538006433214,-0.3920520487271388,1.0562149976761244,0.4460504148591098,0.0461144203490751,0.7009664531318099,272,1.4574058493704602,10
S19,10,RS,High,-0.4928871054239938,-0.337394178354229,0.2442332753795722,0.5,-0.4928871054239938,-0.337394178354229,0.2442332753795722,-0.4182229500483833,2,0.9028742721097348,-0.8112527157989334,-0.6752499804425491,-0.8203456742985802,-0.841601766852602,-0.7935540483289346,272,1.714126987908668,10
S19,10,RS,Low,-0.5279238612302958,-0.7948392449765921,-0.7255581065853247,0.5,-0.5279238612302958,-0.7948392449765921,-0.7255581065853247,-1.1585912360463575,1,1.2098228889221967,-0.4436108026268148,-0.3896360127034152,-0.198774853366433,-0.0295716815771549,-0.1587270441162232,272,1.6534336915490115,10
S19,11,DMT,High,2.6628946653754886,1.7663622443851823,1.2250059497736294,1.5,2.6628946653754886,1.7663622443851823,1.2250059497736294,3.355836989569232,2,2.2607651298902014,-0.7933767912465264,2.672540026559452,1.61346045728935,2.654623050594611,0.3628389159421599,300,3.054141921136728,11
S19,11,DMT,Low,-0.4460350389365883,-0.3834721150286104,-0.706640663503537,1.5,-0.4460350389365883,-0.3834721150286104,-0.706640663503537,-0.8400205810429894,1,1.0520491305484796,-0.3790410068897114,0.9666491381147224,0.3311494571810206,0.044161470505374,0.6365186791738215,300,1.431090137438191,11
S19,11,RS,High,-0.5132114037091607,-0.2841411806503269,0.1855103088012436,1.5,-0.5132114037091607,-0.2841411806503269,0.1855103088012436,-0.423981907104571,2,0.9014145187532538,-0.8120133439877374,-0.70492646856307,-0.8203456743970537,-0.83677087700611,-0.7933558377024932,300,1.7134278627409911,11
S19,11,RS,Low,-0.5264760716435273,-0.8240056785679284,-0.6568742072066196,1.5,-0.5264760716435273,-0.8240056785679284,-0.6568742072066196,-1.145391304622402,1,1.1746857764527134,-0.4016660715153185,-0.3821055353766067,-0.2442017950134539,0.0064033859749844,-0.1534120730292461,300,1.576351847968032,11
S19,12,DMT,High,0.147104176337752,1.7095750977983537,2.152164169633008,2.5,0.147104176337752,1.7095750977983537,2.152164169633008,2.1225053856359675,2,2.2573238951056225,-0.793203994165114,2.6384919916806964,1.5239686411488829,2.6664791945248467,0.3146324737782425,332,3.0505278892707364,12
S19,12,DMT,Low,-0.4833940467825585,-0.3113130523747408,-0.6629578660858996,2.5,-0.4833940467825585,-0.3113130523747408,-0.6629578660858996,-0.7992897930743318,1,1.0364837118296677,-0.3682838191001037,0.8459026070162394,0.1928666013275057,0.0390289677339633,0.5459312627391558,332,1.4047675309297711,12
S19,12,RS,High,-0.5185071356296478,-0.3519804016731261,-0.141406955054111,2.5,-0.5185071356296478,-0.3519804016731261,-0.141406955054111,-0.6152770909254544,2,0.9014087803801978,-0.8119763106065252,-0.6980888195508105,-0.8203456742213101,-0.841705612819245,-0.7933619246045696,332,1.713385090986723,12
S19,12,RS,Low,-0.5227439943462314,-0.7941363239989673,-0.7977631635949552,2.5,-0.5227439943462314,-0.7941363239989673,-0.7977631635949552,-1.1869497249320635,1,1.1633688133842066,-0.3734445006024451,-0.3678379146658989,-0.2639052874416397,0.0687370895297464,-0.1205791715748798,332,1.5368133139866518,12
S19,13,DMT,High,0.8674183247353427,1.4121512538684051,3.641396351179473,3.5,0.8674183247353427,1.4121512538684051,3.641396351179473,3.059507653983464,2,2.24705687024435,-0.793177103604069,2.5877327482802244,1.450576634438138,2.666679743483774,0.2679058738226005,360,3.040233973848419,13
S19,13,DMT,Low,-0.4331367752708799,-0.4360960689451508,-0.5781354311032009,3.5,-0.4331367752708799,-0.4360960689451508,-0.5781354311032009,-0.8075836948572115,1,1.0099010974487093,-0.3525107070936999,0.7128992691783583,0.082022582564731,0.0419561429746111,0.4564152119978391,360,1.3624118045424092,13
S19,13,RS,High,-0.50918407876771,-0.3890307814732178,0.4117301371593292,3.5,-0.50918407876771,-0.3890307814732178,0.4117301371593292,-0.3865105012816605,2,0.904476070716468,-0.8113264688383808,-0.6600262343195458,-0.8203456829157396,-0.8470888141359855,-0.7933616268054853,360,1.7158025395548488,13
S19,13,RS,Low,-0.5225348928883473,-0.7430614068000324,-0.8256424363877628,3.5,-0.5225348928883473,-0.7430614068000324,-0.8256424363877628,-1.167213840063554,1,1.178067236013483,-0.3518219145872842,-0.3253167465533084,-0.2760721964542415,0.1328571919991987,-0.0885322389602995,360,1.5298891506007672,13
S19,14,DMT,High,3.66927237735973,1.2011557180687698,2.644883437530299,4.5,3.66927237735973,1.2011557180687698,2.644883437530299,4.277291765306615,2,2.2379646514779807,-0.7956889277445977,2.548382415964981,1.365647241979912,2.678986840566501,0.2357471953087878,392,3.0336535792225785,14
S19,14,DMT,Low,-0.3199364057979995,-0.743020911109212,-0.7043930025372899,4.5,-0.3199364057979995,-0.743020911109212,-0.7043930025372899,-0.9835975638990933,1,0.987159669359157,-0.3453512382774025,0.6064485624803657,-0.0092366630360459,0.0454154432175718,0.381158472861253,392,1.3325109076365595,14
S19,14,RS,High,-0.5144903469028047,-0.4966942212132866,0.188741543876857,4.5,-0.5144903469028047,-0.4966942212132866,0.188741543876857,-0.5565413435294803,2,0.916001017796893,-0.8112448829514605,-0.6204367222519986,-0.8203454102029716,-0.8546192668285295,-0.7933616394410118,392,1.7272459007483536,14
S19,14,RS,Low,-0.5284654372945584,-0.7975052675093177,-0.7300719087572396,4.5,-0.5284654372945584,-0.7975052675093177,-0.7300719087572396,-1.1626158465112524,1,1.1776235300915503,-0.3339651362729091,-0.276335864060622,-0.3018024747850807,0.1931365220752203,-0.0738855051357816,392,1.511588666364459,14
S19,15,DMT,High,1.2655723549090532,1.1307152896068722,2.81240314277135,5.5,1.2655723549090532,1.1307152896068722,2.81240314277135,2.769285668811823,2,2.234226982173566,-0.8006788477306191,2.513908316699979,1.272661783677528,2.6536025758415347,0.1943978722150118,420,3.034905829904185,15
S19,15,DMT,Low,-0.5069499221478739,-0.91992993989147,-0.6105068680049994,5.5,-0.5069499221478739,-0.91992993989147,-0.6105068680049994,-1.1723747447926112,1,0.9704009814611276,-0.3569624548407029,0.4985648931680575,-0.0819828893567107,0.0488872764334967,0.3269718409575739,420,1.3273634363018307,15
S19,15,RS,High,-0.5234206445532653,-0.5021389944900884,0.5898797338370021,5.5,-0.5234206445532653,-0.5021389944900884,0.5898797338370021,-0.387257339480404,2,0.92015583690811,-0.8135610911908331,-0.6079378236286102,-0.8203461198543351,-0.8545869772524128,-0.7933614534959315,420,1.733716928098943,15
S19,15,RS,Low,-0.5283808695130767,-0.7978392438060319,-0.7458432358211144,5.5,-0.5283808695130767,-0.7978392438060319,-0.7458432358211144,-1.1697854633877358,1,1.1511109440391365,-0.3333353598541974,-0.2494290033869413,-0.3155117734421216,0.2445109595410466,-0.0681567936243399,420,1.4844463038933338,15
S19,16,DMT,High,0.5708851383176704,0.8837581851894503,1.8782318451002973,6.5,0.5708851383176704,0.8837581851894503,1.8782318451002973,1.754465198545609,2,2.229490147834686,-0.804629069193798,2.4797062664586766,1.1396780180046562,2.6240120657354136,0.166486002246367,452,3.034119217028484,16
S19,16,DMT,Low,-0.509831711298042,-0.9443723478380528,-0.5444371456339927,6.5,-0.509831711298042,-0.9443723478380528,-0.5444371456339927,-1.1601485425699842,1,0.9662892562759066,-0.3655956468533191,0.3847734677945521,-0.1583040353836346,0.0428249074507114,0.2740935998921326,452,1.3318849031292257,16
S19,16,RS,High,-0.5255944465719325,-0.4875187217974591,0.2175878914433564,6.5,-0.5255944465719325,-0.4875187217974591,0.2175878914433564,-0.5450692211300265,2,0.9278920960649336,-0.8181712188325968,-0.6080136329099365,-0.8205411324820089,-0.8545893002246467,-0.7933723182781195,452,1.7460633148975306,16
S19,16,RS,Low,-0.5187378553117881,-0.6350211425055956,-0.9197957954628306,6.5,-0.5187378553117881,-0.6350211425055956,-0.9197957954628306,-1.138965418083325,1,1.1220838949427727,-0.3482343109303055,-0.2532152012386044,-0.3160119551420414,0.2696002301498015,-0.090486610651623,452,1.4703182058730784,16
S19,17,DMT,High,0.0167050377013192,0.6236419883904303,1.6783874118692406,7.5,0.0167050377013192,0.6236419883904303,1.6783874118692406,1.147925304745382,2,2.222164097581756,-0.8129585207017429,2.431252121360733,1.0133974723457788,2.596173854708121,0.1274234335344373,480,3.0351226182834985,17
S19,17,DMT,Low,-0.4972182362558288,-0.9404765091947968,-0.56500002310004,7.5,-0.4972182362558288,-0.9404765091947968,-0.56500002310004,-1.1587804612996118,1,0.9625400148444472,-0.3787868122627521,0.2990442961968685,-0.2182483718132987,0.0259088733532736,0.1932921369357761,480,1.3413268271071992,17
S19,17,RS,High,-0.5053969511890415,-0.4218252351165722,0.1551465592468352,7.5,-0.5053969511890415,-0.4218252351165722,0.1551465592468352,-0.5187531051496127,2,0.9241795600486472,-0.8235134607478078,-0.604057833612476,-0.8280383738439873,-0.8546832820291111,-0.7931516926648593,480,1.747693020796455,17
S19,17,RS,Low,-0.5268123065723258,-0.53607956207216,-0.8369906691728844,7.5,-0.5268123065723258,-0.53607956207216,-0.8369906691728844,-1.0453113325974803,1,1.1874812325046946,-0.3824518443817337,-0.2508852256697162,-0.3162742836074431,0.2687502520278325,-0.1650858541668346,480,1.5699330768864284,17
S19,18,DMT,High,0.090065739200975,0.5870056604932241,1.70397691244026,8.5,0.090065739200975,0.5870056604932241,1.70397691244026,1.1833026638692017,2,2.216594921770839,-0.8182220561601132,2.384508647314618,0.9045045182088484,2.556277404564557,0.0649137365828852,512,3.0348169779309524,18
S19,18,DMT,Low,-0.5248158907539467,-0.9086699362248069,-0.67874100836478,8.5,-0.5248158907539467,-0.9086699362248069,-0.67874100836478,-1.2071018573031935,1,0.9611233360882776,-0.4023517569882676,0.1834184600155675,-0.2735251753412452,0.0140078268012055,0.1024170825426485,512,1.3634750930765454,18
S19,18,RS,High,-0.5195541166210507,-0.4014044321871005,0.4037238479953981,8.5,-0.5195541166210507,-0.4014044321871005,0.4037238479953981,-0.4044611370804327,2,0.9358023753321444,-0.8279066442667862,-0.5848806852830253,-0.8290955674822937,-0.8374825611834521,-0.8017293634430634,512,1.763709019598931,18
S19,18,RS,Low,-0.5282037010792958,-0.6461692037229076,-0.8153877263158573,8.5,-0.5282037010792958,-0.6461692037229076,-0.8153877263158573,-1.1055718501454608,1,1.3027858175242,-0.4176921198311817,-0.2384234244395946,-0.3268176118147758,0.2611935008655429,-0.3038756354623605,512,1.7204779373553816,18
S20,1,DMT,High,2.19343908133306,1.624639144676245,-0.9447068289223006,-8.5,2.19343908133306,1.624639144676245,-0.9447068289223004,2.0015798267552785,2,1.220047691031651,0.0327124260539049,0.4591748377325154,0.7059166719758156,-0.7071678257903252,-0.684923974632894,0,1.1873352649777458,1
S20,1,DMT,Low,-0.0248328384528827,-0.1940600828993449,-2.098703039216212,-8.5,-0.0248328384528827,-0.1940600828993449,-2.098703039216212,-1.0709069792654933,1,1.6541624111301836,-0.5079511025216528,-0.0700130395981523,3.211577198335398,-0.2767403471741823,2.3107572678041537,0,2.1621135136518363,1
S20,1,RS,High,-0.5149850696574143,-0.2182416659635268,0.6439504141712997,-8.5,-0.5149850696574143,-0.2182416659635268,0.6439504141712996,-0.1799301842291292,2,-0.5870316335533777,-0.6719577777951417,-0.4504022602198799,-0.2736751149508603,-0.569321655261472,0.345939825034913,0,0.0849261442417639,1
S20,1,RS,Low,-0.4937144605444759,-1.0068270477462204,0.3816386434452279,-8.5,-0.4937144605444759,-1.0068270477462204,0.3816386434452278,-0.7770822005851847,1,0.0461534832927312,-0.6390511683991276,-0.4683803393386865,-0.0577350751556985,-0.5196255503277691,-0.6537287173995954,0,0.6852046516918588,1
S20,2,DMT,High,0.3861222214788869,1.890216179993249,1.0697275986557235,-7.5,0.3861222214788869,1.890216179993249,1.0697275986557233,1.9072346014794703,2,1.3143464018399296,0.3179599081337564,0.6810937953392887,0.870891348562434,-0.6865854649695653,-0.6636954270062224,32,0.9963864937061732,2
S20,2,DMT,Low,0.011730685365054,1.7688703822187533,-2.0774993372738018,-7.5,0.011730685365054,1.7688703822187533,-2.0774993372738013,0.1918255522779823,1,1.6864048871813482,-0.4066887136602655,0.0116725794213063,3.2190252190546067,-0.2887603895228325,2.3098627419378515,32,2.093093600841613,2
S20,2,RS,High,-0.5048072238432061,-0.4540945650704144,0.3781113348608265,-7.5,-0.5048072238432061,-0.4540945650704144,0.3781113348608264,-0.4394282658224663,2,-0.5805862508434227,-0.6923328427522935,-0.4302887796720573,-0.2522079982440656,-0.5702066766283279,0.3098337397150885,32,0.1117465919088707,2
S20,2,RS,Low,-0.5005493158310842,-1.137547698960445,-0.2029763219897471,-7.5,-0.5005493158310842,-1.137547698960445,-0.202976321989747,-1.1233757383898306,1,0.1981623594620931,-0.6469415242570926,-0.4934386846103152,0.0006634847453048,-0.4831540078560275,-0.6309127712402106,32,0.8451038837191858,2
S20,3,DMT,High,1.7148634056074004,0.6784410367322387,0.9177329357383058,-6.5,1.7148634056074004,0.6784410367322387,0.9177329357383056,1.9307781104264576,2,1.349216903675259,0.5221759368077513,0.8252359564675618,1.0806286383213666,-0.669005486770736,-0.6542119693776425,60,0.8270409668675077,3
S20,3,DMT,Low,1.0823935450654727,3.141943208534648,-2.575851795890706,-6.5,1.0823935450654727,3.141943208534648,-2.575851795890705,1.5157233932214162,1,1.6520266572356868,-0.3004902824638311,0.1234727186616698,3.2348951931630605,-0.3192433329195658,2.3098627323429977,60,1.952516939699518,3
S20,3,RS,High,-0.5047906610631725,-0.4230594844437947,0.3122911318515198,-6.5,-0.5047906610631725,-0.4230594844437947,0.3122911318515197,-0.4492465170504079,2,-0.5865723032234721,-0.7146062234001803,-0.456748979348398,-0.2058375549956638,-0.5807272491615987,0.2734894626426606,60,0.1280339201767082,3
S20,3,RS,Low,-0.4914602386388574,-1.0175847954546666,-0.3569458828624822,-6.5,-0.4914602386388574,-1.0175847954546666,-0.3569458828624821,-1.1108740561943091,1,0.2652522618972366,-0.6687048721602422,-0.5098864837215679,0.0509146905306391,-0.4385261066129239,-0.4944340119776385,60,0.9339571340574788,3
S20,4,DMT,High,2.1292007282018326,0.9441408470077703,-1.2185310737762438,-5.5,2.1292007282018326,0.9441408470077703,-1.2185310737762436,1.4123048981296853,2,1.3859199676157925,0.6640926962346259,0.9934911412682892,1.2388879729928282,-0.6558579064101847,-0.64863560456795,92,0.7218272713811666,4
S20,4,DMT,Low,0.684678735791456,0.8555011528887969,-0.4769745376459798,-5.5,0.684678735791456,0.8555011528887969,-0.4769745376459797,0.762082967967597,1,1.58171027173356,-0.2331520744619404,0.2245216874898463,3.233352585222004,-0.3514077017995251,2.3113075701959294,92,1.8148623461955005,4
S20,4,RS,High,-0.511749567120305,-0.375437239934533,0.1661882740447368,-5.5,-0.511749567120305,-0.375437239934533,0.1661882740447367,-0.4888428328423375,2,-0.5901393629949858,-0.7352665991897985,-0.4865108474051278,-0.1599980938486921,-0.5940989866553635,0.2608620738802808,92,0.1451272361948127,4
S20,4,RS,Low,-0.4881564329038024,-1.0322329472385818,-0.3964483811645474,-5.5,-0.4881564329038024,-1.0322329472385818,-0.3964483811645473,-1.1355068100793255,1,0.2879084210770241,-0.6721312427886648,-0.5128741911386895,0.1241199385348023,-0.3993815558341941,-0.3396036996949348,92,0.960039663865689,4
S20,5,DMT,High,3.392530369453267,2.593531211590855,0.8196173148112468,-4.5,3.392530369453267,2.593531211590855,0.8196173148112466,4.160779336192354,2,1.4685041446571114,0.7544624382961179,1.1305270443467206,1.36227821681188,-0.6467649190548226,-0.6485659741684117,120,0.7140417063609935,5
S20,5,DMT,Low,-0.3759056458914159,0.2299661605459969,-0.6841476911768214,-4.5,-0.3759056458914159,0.2299661605459968,-0.6841476911768213,-0.4007752842193454,1,1.5141653609927346,-0.1969447323073228,0.29912517279826,3.220916194948183,-0.3864562972543159,2.317221814686837,120,1.7111100933000574,5
S20,5,RS,High,-0.5067343867577468,-0.2749478201195999,-0.6581278299583151,-4.5,-0.5067343867577468,-0.2749478201195999,-0.658127829958315,-0.7892943452915473,2,-0.5947041586245636,-0.7492743384111963,-0.518475579333117,-0.1445362310170141,-0.60616854763151,0.2455584654545887,120,0.1545701797866326,5
S20,5,RS,Low,-0.4847400670671344,-1.0670462817430222,-0.4839616019457463,-4.5,-0.4847400670671344,-1.0670462817430222,-0.4839616019457461,-1.1940556315447248,1,0.2816232541570259,-0.6776870145871339,-0.4830333437113726,0.1950313744524155,-0.359220737495827,-0.4309207553675592,120,0.9593102687441596,5
S20,6,DMT,High,0.8644556605959174,2.93060691469066,-2.0492018138801047,-3.5,0.8644556605959174,2.93060691469066,-2.0492018138801043,1.4780604319555983,2,1.681171793310389,0.8519204169805382,1.2188596287271791,1.5022014814988118,-0.6411669159177181,-0.6485627226209891,152,0.8292513763298507,6
S20,6,DMT,Low,-0.2064570433257355,-0.0813099408463396,-0.506772689607509,-3.5,-0.2064570433257355,-0.0813099408463396,-0.5067726896075089,-0.4084722581073789,1,1.439467891942341,-0.1809827546866016,0.3614849709636498,3.186896182576091,-0.4084647839214757,2.3099016940505868,152,1.6204506466289426,6
S20,6,RS,High,-0.5107892708531927,-0.1508627241142335,0.390564460574777,-3.5,-0.5107892708531927,-0.1508627241142335,0.3905644605747769,-0.2477240340613796,2,-0.5900886534810771,-0.7581497325260954,-0.5482491823279981,-0.1445352391308594,-0.6162770459139736,0.208417510810458,152,0.1680610790450183,6
S20,6,RS,Low,-0.4777776882632111,-0.983287392890444,-0.3698855601858133,-3.5,-0.4777776882632111,-0.983287392890444,-0.3698855601858132,-1.086382735833426,1,0.2462787241913571,-0.6916709464855723,-0.4454882666428535,0.2520120634945754,-0.3118902793189754,-0.4821854063700392,152,0.9379496706769294,6
S20,7,DMT,High,1.8633289437626788,1.189679766131505,1.052827764279294,-2.5,1.8633289437626788,1.189679766131505,1.0528277642792938,2.4062052988014178,2,1.825814667114348,0.9481752716942982,1.2798895998063191,1.6485201875722482,-0.6361676672532269,-0.6485628793425725,180,0.8776393954200494,7
S20,7,DMT,Low,-0.4099192382716928,0.1406215484635432,-0.6657832810706134,-2.5,-0.4099192382716928,0.1406215484635431,-0.6657832810706132,-0.4703564220590385,1,1.3732658140883218,-0.181058603727187,0.4241628152134801,3.096802523267812,-0.4406566015583122,2.309193407397313,180,1.554324417815509,7
S20,7,RS,High,-0.5158183570908697,-0.0910725003163458,0.0810778200484843,-2.5,-0.5158183570908697,-0.0910725003163458,0.0810778200484842,-0.3511281008821751,2,-0.5978027830755731,-0.7591172483906568,-0.5636678592466398,-0.1425225693222793,-0.6135623818076678,0.1534059987818772,180,0.1613144653150836,7
S20,7,RS,Low,-0.4946585976879834,-0.912396675894274,-0.5934637900818559,-2.5,-0.4946585976879834,-0.912396675894274,-0.5934637900818558,-1.1522080713444007,1,0.2701790217895617,-0.6937974786635086,-0.4309086679693843,0.2910536932256092,-0.2766896849102781,-0.4845300559529034,180,0.9639765004530704,7
S20,8,DMT,High,0.6191086376254405,0.8596307958077045,2.190438619217868,-1.5,0.6191086376254405,0.8596307958077045,2.1904386192178675,1.909068703735793,2,1.9073285260770971,1.0835801804596494,1.316256339467731,1.7497856957195397,-0.6306528848328633,-0.6485628114045537,212,0.8237483456174479,8
S20,8,DMT,Low,-0.3286990347529971,-0.1358829406950917,-0.1231539425701591,-1.5,-0.3286990347529971,-0.1358829406950917,-0.123153942570159,-0.3502821090592556,1,1.3228691858158743,-0.1810585860144402,0.4836640116749348,2.9615117256153245,-0.4576331644954418,2.300988124060389,212,1.5039277718303146,8
S20,8,RS,High,-0.5170481707717569,-0.1615058999996321,0.1803105145476294,-1.5,-0.5170481707717569,-0.1615058999996321,0.1803105145476293,-0.3519112963325025,2,-0.6104410366951155,-0.7465697588713953,-0.5746232137687141,-0.1372488963086124,-0.6076547558513925,0.0738445759380293,212,0.1361287221762798,8
S20,8,RS,Low,-0.5078990427996565,-0.9652747354212056,-0.3595048337952462,-1.5,-0.5078990427996565,-0.9652747354212056,-0.3595048337952461,-1.0897574868000075,1,0.2924329328120789,-0.6827818953157222,-0.4281331672436376,0.315476101787555,-0.2527331703004942,-0.5057953867307055,212,0.9752148281278012,8
S20,9,DMT,High,1.3998645342474758,1.4659144258940664,2.4342686790812604,-0.5,1.3998645342474758,1.4659144258940664,2.43426867908126,2.897077059161425,2,1.9892290643531647,1.232452169468009,1.3549091430751137,1.8360356169081715,-0.6265851845900182,-0.6485632424983808,240,0.7567768948851556,9
S20,9,DMT,Low,-0.4175937611211802,-0.4102598152515003,-0.4922569788188526,-0.5,-0.4175937611211802,-0.4102598152515003,-0.4922569788188525,-0.7432525953086764,1,1.2782849804710754,-0.1810585860274379,0.5395526235143409,2.8498599768218247,-0.477920105056086,2.279918943571857,240,1.4593435664985133,9
S20,9,RS,High,-0.5146047577091963,-0.2705729264335395,-0.1003270495851971,-0.5,-0.5146047577091963,-0.2705729264335395,-0.100327049585197,-0.5435018076422353,2,-0.6023275494684952,-0.731941477769185,-0.5677190933436936,-0.1342335635984384,-0.609056817877493,-0.0317743800180928,240,0.1296139283006897,9
S20,9,RS,Low,-0.511294029588356,-0.8808606185898149,-0.5971522223611504,-0.5,-0.511294029588356,-0.8808606185898149,-0.5971522223611503,-1.1447359323435389,1,0.2906567348891019,-0.6530811859653322,-0.4163697194449706,0.3409314303880804,-0.2286104736783752,-0.4537185420398885,240,0.943737920854434,9
S20,10,DMT,High,0.8175335453380344,1.5331096101447146,1.6829587928570306,0.5,0.8175335453380344,1.5331096101447146,1.6829587928570302,2.2323312059530767,2,2.071776680948233,1.3330457907205755,1.409315115621259,1.9207036542613645,-0.6266525478547743,-0.6485683956962929,272,0.7387308902276575,10
S20,10,DMT,Low,-0.4872895977029348,-0.2669987370350002,-0.3856665982922527,0.5,-0.4872895977029348,-0.2669987370350002,-0.3856665982922526,-0.6506886638794974,1,1.221278135090405,-0.1810585860273772,0.5975475589310134,2.7287034122185965,-0.4935283247030501,2.2650261050887384,272,1.4023367211177822,10
S20,10,RS,High,-0.5119691502535905,-0.2446697523073849,0.6256402445020326,0.5,-0.5119691502535905,-0.2446697523073849,0.6256402445020325,-0.2027025295413482,2,-0.6142458787386268,-0.7158257108215457,-0.5713181410643853,-0.1238058918043189,-0.6149193628487691,-0.1414956911113232,272,0.1015798320829188,10
S20,10,RS,Low,-0.4935965150762904,-0.921065056074862,-0.4916513066415807,0.5,-0.4935965150762904,-0.921065056074862,-0.4916513066415806,-1.1116773286613832,1,0.276774541238962,-0.6457226854076945,-0.4033994501597223,0.3774869444811806,-0.2019131322513083,-0.459269602624001,272,0.9224972266466566,10
S20,11,DMT,High,-0.0826288470038038,1.6560083411922562,1.595994111700064,1.5,-0.0826288470038038,1.6560083411922562,1.5959941117000636,1.6945492272478575,2,2.1353451572183038,1.444157539662728,1.4623052991102763,1.990762232471968,-0.6266479433014432,-0.6493394585629263,300,0.6911876175555753,11
S20,11,DMT,Low,-0.4814899263729431,-0.4470625832925986,0.2979733977131022,1.5,-0.4814899263729431,-0.4470625832925986,0.2979733977131021,-0.4557414124858234,1,1.1654843238666106,-0.1810585861860109,0.6438903870378305,2.576751787126696,-0.506485591323054,2.239545576991987,300,1.3465429100526216,11
S20,11,RS,High,-0.50061163727338,-0.1602638900203275,-0.0298030588273606,1.5,-0.50061163727338,-0.1602638900203275,-0.0298030588273605,-0.4340641366245277,2,-0.626431516032464,-0.7203358410971035,-0.5958632808328295,-0.1042402339527039,-0.6260144174699404,-0.2739719658696529,300,0.0939043250646394,11
S20,11,RS,Low,-0.4955977707604359,-0.882106517398975,-0.1306831613280444,1.5,-0.4955977707604359,-0.882106517398975,-0.1306831613280443,-0.9280033041184156,1,0.2761495176937487,-0.6345675341293598,-0.39885925931551,0.4373467714023286,-0.1903606844744388,-0.5166736113511029,300,0.9107170518231086,11
S20,12,DMT,High,3.746681518944702,1.3507084303257255,1.1611576548916864,2.5,3.746681518944702,1.3507084303257255,1.1611576548916862,3.760633735256149,2,2.1548969719894497,1.5539656482566095,1.510185389990416,2.0364487128340847,-0.6265536036638769,-0.6513671583583769,332,0.6009313237328402,12
S20,12,DMT,Low,-0.4905888354209509,-0.4653163815771804,-0.540906140051198,2.5,-0.4905888354209509,-0.4653163815771804,-0.5409061400511979,-0.8461034537548827,1,1.1189250637921666,-0.1810583144753312,0.6826286764679362,2.443465769806328,-0.5263968560569742,2.207152472601898,332,1.299983378267498,12
S20,12,RS,High,-0.5139641004849931,-0.3185986253694476,-0.0301227890934182,2.5,-0.5139641004849931,-0.3185986253694476,-0.0301227890934181,-0.541958778171035,2,-0.6322312761374101,-0.7353413793660376,-0.6143608288499437,-0.0750007408418036,-0.6320667789407224,-0.4217866742900185,332,0.1031101032286274,12
S20,12,RS,Low,-0.5129005473786804,-0.8172146041309275,-0.5922873337435776,2.5,-0.5129005473786804,-0.8172146041309275,-0.5922873337435774,-1.103722105584714,1,0.2756154527918252,-0.6267553550087019,-0.4004116314730032,0.5299240733101245,-0.1730087535476371,-0.4756536916962935,332,0.9023708078005273,12
S20,13,DMT,High,0.0112307795775205,0.7744875942314539,1.4258300924207403,3.5,0.0112307795775205,0.7744875942314539,1.42583009242074,1.1266083159501938,2,2.149252875643102,1.6259461362117125,1.5661476871893705,2.057021369897537,-0.6315627394987773,-0.6484589762619024,360,0.5233067394313897,13
S20,13,DMT,Low,-0.5141655126135938,-0.7124538287634409,-0.709321486738844,3.5,-0.5141655126135938,-0.7124538287634409,-0.7093214867388439,-1.0909446954794413,1,1.062520863392482,-0.1837160249508196,0.7167399734779126,2.355291266473071,-0.5399953643246548,2.1469067092756857,360,1.2462368883433017,13
S20,13,RS,High,-0.515104297122582,-0.1448768239391761,0.7729370031099563,3.5,-0.515104297122582,-0.1448768239391761,0.7729370031099561,-0.0766704352830723,2,-0.6233993323328317,-0.7477403137002506,-0.6163681875309517,-0.0413395837503877,-0.6274460343960716,-0.5183288896781627,360,0.1243409813674188,13
S20,13,RS,Low,-0.4999002395046342,-0.8661230200089785,-0.4610351527715766,3.5,-0.4999002395046342,-0.8661230200089785,-0.4610351527715765,-1.0676701514725302,1,0.2832255927410516,-0.6362206539210643,-0.4040305116338224,0.628738464406177,-0.1491087062005766,-0.442249631483867,360,0.9194462466621158,13
S20,14,DMT,High,1.6580163428264147,0.6342946108983989,1.5704062212651428,4.5,1.6580163428264147,0.6342946108983989,1.5704062212651424,2.157019341890694,2,2.1277657025007435,1.6510920632313286,1.6124272824830068,2.0501644942729333,-0.6385895801076432,-0.6557904598770153,392,0.4766736392694148,14
S20,14,DMT,Low,-0.5038197652745001,-0.7814455130312002,-0.4324595668415203,4.5,-0.5038197652745001,-0.7814455130312002,-0.4324595668415202,-1.004413475551199,1,1.0068837649349924,-0.1883695583318252,0.7330686878480392,2.280294021817985,-0.5440750080717052,2.0836305471213814,392,1.1952533232668177,14
S20,14,RS,High,-0.5063117026891554,-0.2534048562825305,-0.2010194759676668,4.5,-0.5063117026891554,-0.2534048562825305,-0.2010194759676667,-0.5722214706700924,2,-0.6121782264776184,-0.7470542999515424,-0.6189392241207203,-0.0118154316844783,-0.6290804117680491,-0.5727573424301505,392,0.1348760734739239,14
S20,14,RS,Low,-0.5032058547022428,-0.914989945806076,-0.7524059438448236,4.5,-0.5032058547022428,-0.914989945806076,-0.7524059438448234,-1.229994588344515,1,0.3018633261705545,-0.6326254120611362,-0.3874349207753598,0.7074850420108325,-0.1143792537108436,-0.4679134833321757,392,0.9344887382316908,14
S20,15,DMT,High,2.994659129729377,0.6644500465161459,1.6095683706573671,5.5,2.994659129729377,0.6644500465161459,1.609568370657367,3.0487878709434835,2,2.0921728687532557,1.6249092534028975,1.6480038991297887,2.021846131493288,-0.6418146460498192,-0.6629759222229481,420,0.4672636153503575,15
S20,15,DMT,Low,-0.4931586682378017,-0.7925104023785928,-0.0874601271191149,5.5,-0.4931586682378017,-0.7925104023785928,-0.0874601271191148,-0.851080635736912,1,0.9720669769897112,-0.1883826203055949,0.742722899361846,2.1898366220451173,-0.5512789405541998,2.0264937715677966,420,1.160449597295306,15
S20,15,RS,High,-0.5141949370255926,-0.2269816304748486,0.6913243531642689,5.5,-0.5141949370255926,-0.2269816304748486,0.6913243531642688,-0.1638305253313344,2,-0.6048223370298355,-0.7416181164804005,-0.6193612219844568,0.036189187047573,-0.6399812702012188,-0.6134117013713203,420,0.1367957794505651,15
S20,15,RS,Low,-0.509618424463294,-0.9509326389395828,-0.707073879777139,5.5,-0.509618424463294,-0.9509326389395828,-0.7070738797771389,-1.23645707850922,1,0.3126900172816911,-0.6437074087063877,-0.4055067668386383,0.7718118519914602,-0.1018798159887765,-0.4713929835494574,420,0.9563974259880788,15
S20,16,DMT,High,-0.3855241402864431,0.3403281547368231,2.663881231238415,6.5,-0.3855241402864431,0.3403281547368231,2.6638812312384146,1.1512928952028687,2,2.0560077950235613,1.5892941428794032,1.6544745193578894,2.0029774884508997,-0.648710596971731,-0.6662325708212737,452,0.4667136521441581,16
S20,16,DMT,Low,-0.5120023194717481,-0.6431728971142334,-0.1788653941576448,6.5,-0.5120023194717481,-0.6431728971142334,-0.1788653941576447,-0.8102247376616971,1,0.9455092271652608,-0.1957140140163077,0.7493852963895804,2.1009996145592127,-0.5608407882076087,1.951503874873379,452,1.1412232411815686,16
S20,16,RS,High,-0.5105481841888823,-0.1632532622079445,0.013914434415154,6.5,-0.5105481841888823,-0.1632532622079445,0.0139144344151539,-0.4228527272208441,2,-0.5994496088550075,-0.7282065026737218,-0.6144502880711329,0.0880341661232491,-0.6565889419338059,-0.6457438514427063,452,0.1287568938187142,16
S20,16,RS,Low,-0.5046626857159139,-0.9155223448443351,-0.6218116258251419,6.5,-0.5046626857159139,-0.9155223448443351,-0.6218116258251418,-1.1731771893959295,1,0.3177726568535178,-0.6402877812819282,-0.4591789991643473,0.8587134981057541,-0.0942615625146946,-0.4615584407967527,452,0.958060438135446,16
S20,17,DMT,High,-0.3588083593618966,0.3567609985788818,1.460937641772517,7.5,-0.3588083593618966,0.3567609985788818,1.4609376417725168,0.6436640167306308,2,2.0036360406788853,1.5503699007446723,1.6186926106888495,1.9762763705606825,-0.6535162370408856,-0.6705520921867151,480,0.453266139934213,17
S20,17,DMT,Low,-0.48959287780786,-0.7037461443532423,-0.7169665350769868,7.5,-0.48959287780786,-0.7037461443532423,-0.7169665350769867,-1.0731624224203775,1,0.9319048857680104,-0.2118826971506381,0.7413423791073477,2.0074075746323152,-0.564777000079304,1.8702107179010967,480,1.1437875829186486,17
S20,17,RS,High,-0.5107053359978073,-0.1514381093149334,-0.1305819443009586,7.5,-0.5107053359978073,-0.1514381093149334,-0.1305819443009585,-0.4798168211916065,2,-0.6024439237305877,-0.7287030337933044,-0.6037218597636573,0.1187721220159252,-0.6624021917630263,-0.6691775977402307,480,0.1262591100627166,17
S20,17,RS,Low,-0.5065435199751798,-0.8337659745291264,-0.5230329764004759,7.5,-0.5065435199751798,-0.8337659745291264,-0.5230329764004757,-1.07922238390031,1,0.3290651913564007,-0.6124503059354562,-0.4458629693865887,0.9509004471324346,-0.0857801588378526,-0.4649649348780384,480,0.9415154972918568,17
S20,18,DMT,High,-0.3373734420787614,0.1342310830485892,0.5252846930402046,8.5,-0.3373734420787614,0.1342310830485891,0.5252846930402045,0.1018106093112499,2,1.9337864948564387,1.4811289497889082,1.557440994970167,1.919249090979045,-0.6587786751245854,-0.6703680676032316,512,0.4526575450675305,18
S20,18,DMT,Low,-0.4971820683782069,-0.8013480973202586,-0.7530350602226656,8.5,-0.4971820683782069,-0.8013480973202586,-0.7530350602226654,-1.1552152825928907,1,0.930880466279336,-0.223387464981456,0.7193333707617374,1.9011765581778672,-0.5748611310463437,1.787394797788423,512,1.154267931260792,18
S20,18,RS,High,-0.4970465928690346,-0.2475628262876984,-0.3311301102010507,8.5,-0.4970465928690346,-0.2475628262876984,-0.3311301102010506,-0.6204995953619206,2,-0.6118859700500187,-0.7365777758797332,-0.582499609746811,0.1778260786967698,-0.6648624405466611,-0.6712787863751419,512,0.1246918058297145,18
S20,18,RS,Low,-0.5147471094435305,-0.8868913820195491,-0.2768575970734367,8.5,-0.5147471094435305,-0.8868913820195491,-0.2768575970734366,-1.0082697743570426,1,0.3175261598479891,-0.6142723353834916,-0.4241452856107413,1.059867694068389,-0.0815638898095502,-0.5045764394457339,512,0.9317984952314808,18
