subject,State,Dose,session,window,t_start,t_center,t_end,n_rr,n_valid,valid_frac,meanRR,HR_bpm,RMSSD,RMSSD_n,SDNN
S04,DMT,High,session1,1,0.0,60.0,120.0,165,162,0.9675333333333334,716.6913580246913,83.71804588989183,42.60333349818066,0.0594444638143842,64.08159433336374
S04,DMT,High,session1,2,30.0,90.0,150.0,164,160,0.9726333333333336,729.4750000000001,82.25093389081187,54.32287141687301,0.0744684484278049,90.11815793688312
S04,DMT,High,session1,3,60.0,120.0,180.0,169,163,0.9682333333333336,712.8098159509204,84.17392501807413,49.79654809855261,0.0698595150967748,93.58184851875954
S04,DMT,High,session1,4,90.0,150.0,210.0,179,173,0.965733333333334,669.8728323699426,89.56923926549767,46.5750801957219,0.0695282416976726,114.62418882856008
S04,DMT,High,session1,5,120.0,180.0,240.0,185,180,0.971766666666667,647.8444444444447,92.61482523239458,42.12966995964884,0.0650305336735223,106.72942985893629
S04,DMT,High,session1,6,150.0,210.0,270.0,203,201,0.9932333333333336,592.9751243781095,101.1846830217807,22.078890074790124,0.0372340915615063,69.44526173980091
S04,DMT,High,session1,7,180.0,240.0,300.0,221,221,1.001866666666667,543.9999999999999,110.29411764705884,16.339578274294297,0.0300359894748057,67.54715524593298
S04,DMT,High,session1,8,210.0,270.0,330.0,228,228,1.0005666666666664,526.6140350877191,113.93543658593468,12.23269252943911,0.0232289527327191,60.63140733524565
S04,DMT,High,session1,9,240.0,300.0,360.0,240,240,1.0004999999999995,500.2499999999999,119.94002998500753,7.258525502373126,0.0145097961066929,30.603483817325586
S04,DMT,High,session1,10,270.0,330.0,390.0,242,242,0.9986666666666664,495.2066115702478,121.16154873164224,5.976440606552617,0.0120685799965431,19.4914248004872
S04,DMT,High,session1,11,300.0,360.0,420.0,236,236,1.0009,508.9322033898305,117.89389549405534,7.417059117835004,0.0145737665418545,19.25626897139953
S04,DMT,High,session1,12,330.0,390.0,450.0,230,230,0.9974333333333332,520.4,115.29592621060723,7.670051780997159,0.0147387620695564,23.91060498121495
S04,DMT,High,session1,13,360.0,420.0,480.0,223,223,0.9988999999999998,537.52466367713,111.62278506356994,8.330990661707022,0.0154988063333055,25.29907721403823
S04,DMT,High,session1,14,390.0,450.0,510.0,217,217,1.0025666666666668,554.4147465437788,108.22222961066596,11.4050021514286,0.0205712460257007,30.18206120479001
S04,DMT,High,session1,15,420.0,480.0,540.0,210,210,0.9962333333333332,569.2761904761904,105.39699534914848,13.944524400832853,0.0244951828903444,25.069661887240127
S04,DMT,High,session1,16,450.0,510.0,570.0,205,205,0.9992,584.8975609756097,102.58206565252202,23.07362470144132,0.0394490013994151,33.148126317120095
S04,DMT,High,session1,17,480.0,540.0,600.0,202,202,1.0034666666666672,596.1188118811884,100.6510762689343,27.244973063192575,0.0457039310288076,40.16465789540624
S04,DMT,High,session1,18,510.0,570.0,630.0,199,199,0.9994,602.6532663316583,99.5597358415049,28.537411206763444,0.0473529520224295,40.94286949530451
S04,DMT,High,session1,19,540.0,600.0,660.0,197,195,0.988633333333333,608.3897435897435,98.62099194173776,28.497075873386592,0.0468401648345391,40.59876461270985
S04,DMT,High,session1,20,570.0,630.0,690.0,195,193,0.986766666666666,613.5336787564762,97.79414248555898,28.208248140527218,0.0459766906320453,50.177706655946
S04,DMT,High,session1,21,600.0,660.0,720.0,194,192,0.9870333333333332,616.8958333333331,97.26115294991727,27.57500593618485,0.0446996144992358,49.72078671705088
S04,DMT,High,session1,22,630.0,690.0,750.0,192,190,0.9869999999999994,623.3684210526312,96.25126646403248,29.67056194258884,0.0475971527278949,51.33004578868222
S04,DMT,High,session1,23,660.0,720.0,780.0,191,191,0.9985666666666666,627.371727748691,95.63707981440064,30.966195490525624,0.0493586084945955,52.58720113096437
S04,DMT,High,session1,24,690.0,750.0,810.0,190,190,1.0005333333333328,631.915789473684,94.94936034115142,30.206345035820192,0.0478012189899207,48.67942062884135
S04,DMT,High,session1,25,720.0,780.0,840.0,184,184,0.997066666666666,650.2608695652169,92.27066060443975,34.866176636160425,0.05361875251616,63.72428135500988
S04,DMT,High,session1,26,750.0,810.0,870.0,181,177,0.9713000000000004,658.5084745762714,91.11500051477398,35.15711673534619,0.0533890118239839,66.4033062091099
S04,DMT,High,session1,27,780.0,840.0,900.0,173,167,0.9518333333333336,683.9520958083834,87.72544212922428,36.652572119088624,0.0535893849053388,74.63709859409991
S04,DMT,High,session1,28,810.0,870.0,930.0,170,164,0.954533333333334,698.4390243902444,85.90585277273355,39.26576116669746,0.0562193116299271,77.12949791972858
S04,DMT,High,session1,29,840.0,900.0,960.0,172,166,0.9558333333333338,690.963855421687,86.83522231909326,34.45232884672996,0.0498612605802717,67.7663446965439
S04,DMT,High,session1,30,870.0,930.0,990.0,173,171,0.9837,690.3157894736842,86.9167429094236,37.232857992448345,0.0539359790985451,66.04361069726674
S04,DMT,High,session1,31,900.0,960.0,1020.0,176,176,1.0059333333333331,685.8636363636364,87.48094638478362,41.040189361861046,0.0598372434197722,60.88700200360606
S04,DMT,High,session1,32,930.0,990.0,1050.0,179,179,1.0016,671.463687150838,89.3570287539936,36.50580991162953,0.0543675117660217,52.42246891365335
S04,DMT,High,session1,33,960.0,1020.0,1080.0,182,180,0.984766666666666,656.5111111111106,91.39220796804663,35.37154318680857,0.0538780571846592,57.97788914787844
S04,DMT,High,session1,34,990.0,1050.0,1110.0,184,182,0.9848666666666664,649.3626373626372,92.39829418533814,32.99696955783196,0.0508143950071534,57.46534223031409
S04,DMT,High,session1,35,1020.0,1080.0,1140.0,188,185,0.9771666666666636,633.8378378378359,94.66143612485104,26.0751239289912,0.0411384779708629,42.17143680568658
S04,RS,High,session1,1,0.0,60.0,120.0,140,134,0.9408333333333332,842.5373134328357,71.21346324180692,69.58504681436567,0.0825898695582373,99.42939889266486
S04,RS,High,session1,2,30.0,90.0,150.0,143,140,0.9755666666666664,836.1999999999998,71.75316909830185,70.7281456581137,0.0845828099235992,90.86674566432951
S04,RS,High,session1,3,60.0,120.0,180.0,143,141,0.9817333333333332,835.5177304964539,71.81176151025397,67.86175205006364,0.0812211992314526,86.3553789239461
S04,RS,High,session1,4,90.0,150.0,210.0,141,140,0.9862333333333332,845.342857142857,70.97711832899586,67.91640215116948,0.0803418418660537,85.27988380448274
S04,RS,High,session1,5,120.0,180.0,240.0,140,140,1.003966666666667,860.5428571428571,69.72343039277533,70.69968913061494,0.0821570808981547,79.8245712724378
S04,RS,High,session1,6,150.0,210.0,270.0,137,137,0.9964000000000004,872.7591240875917,68.7474909674829,70.96892443382423,0.0813155915247718,78.91101890806796
S04,RS,High,session1,7,180.0,240.0,300.0,137,136,0.9894,873.0000000000001,68.72852233676976,71.07028264068363,0.081409258465846,74.89291120091491
S04,RS,High,session1,8,210.0,270.0,330.0,136,135,0.9930333333333334,882.6962962962964,67.97354905844045,71.47006313703471,0.0809678973809177,78.6556138059774
S04,RS,High,session1,9,240.0,300.0,360.0,135,134,0.9892,885.8507462686567,67.73150020218358,70.48833989111787,0.0795713501264472,76.60095873511041
S04,RS,High,session1,10,270.0,330.0,390.0,138,136,0.9846333333333334,868.7941176470588,69.0612410711263,66.33974981875662,0.0763584242471893,79.39298575670281
S04,RS,High,session1,11,300.0,360.0,420.0,143,140,0.9837000000000002,843.1714285714288,71.15990647555147,76.12743829470473,0.090287023154575,106.00773304608776
S04,RS,High,session1,12,330.0,390.0,450.0,146,143,0.984133333333334,825.8461538461543,72.65275707898655,75.16534155732214,0.0910161550153862,103.34001772436568
S04,RS,High,session1,13,360.0,420.0,480.0,145,141,0.9769,831.404255319149,72.16705906438735,85.5982809023102,0.1029562698947839,117.28932351384144
S04,RS,High,session1,14,390.0,450.0,510.0,144,139,0.973,839.9999999999999,71.42857142857144,83.99928926493753,0.0999991538868304,117.82177648674644
S04,RS,High,session1,15,420.0,480.0,540.0,138,133,0.9670999999999996,872.5714285714283,68.76227897838902,84.43710677184386,0.0967681315328924,106.10931225479784
S06,DMT,High,session2,1,0.0,60.0,120.0,135,133,0.9712666666666668,876.3308270676691,68.46729356853594,58.23136876025004,0.0664490703300952,117.27413635428776
S06,DMT,High,session2,2,30.0,90.0,150.0,138,135,0.9675333333333332,860.0296296296294,69.76503824157653,58.86914096176069,0.0684501311740999,110.65449392582818
S06,DMT,High,session2,3,60.0,120.0,180.0,139,136,0.972333333333333,857.9411764705881,69.93486458690437,57.76071980056643,0.0673248019615789,106.93520119634064
S06,DMT,High,session2,4,90.0,150.0,210.0,134,132,0.9772666666666668,888.4242424242424,67.53530254451191,44.81483270937407,0.0504430547584877,102.22353303192229
S06,DMT,High,session2,5,120.0,180.0,240.0,132,130,0.9874333333333332,911.4769230769228,65.82722884245352,46.04345773288384,0.0505152204813396,84.55026626417447
S06,DMT,High,session2,6,150.0,210.0,270.0,132,132,0.9993666666666668,908.5151515151516,66.04182649011041,42.6739815612507,0.0469711280985048,79.19041549381892
S06,DMT,High,session2,7,180.0,240.0,300.0,135,131,0.9827000000000002,900.1832061068704,66.65309860588174,42.23522171704912,0.0469184732957958,82.47235448474294
S06,DMT,High,session2,8,210.0,270.0,330.0,137,133,0.9852666666666668,888.9624060150378,67.49441775492251,39.50997554971054,0.0444450465873156,61.72107419858892
S06,DMT,High,session2,9,240.0,300.0,360.0,136,132,0.9808000000000004,891.6363636363641,67.29200652528544,43.99999999999746,0.0493474714518731,60.27611691744215
S06,DMT,High,session2,10,270.0,330.0,390.0,135,131,0.9865333333333338,903.69465648855,66.39410731179886,41.62736130602102,0.0460635248943163,63.56315976191961
S06,DMT,High,session2,11,300.0,360.0,420.0,132,132,1.0043333333333335,913.0303030303032,65.7152339860604,39.41712728832249,0.0431717623801739,62.42454246686472
S06,DMT,High,session2,12,330.0,390.0,450.0,132,132,1.0006,909.6363636363636,65.96042374575255,39.77800995947313,0.0437295732114935,60.91406444939136
S06,DMT,High,session2,13,360.0,420.0,480.0,131,131,1.0011666666666668,917.0992366412214,65.42367238222074,36.35550958139802,0.0396418491357011,68.00371652307899
S06,DMT,High,session2,14,390.0,450.0,510.0,131,131,1.0000666666666664,916.0916030534348,65.49563362442505,39.717463703981295,0.0433553408541226,68.67800570350387
S06,DMT,High,session2,15,420.0,480.0,540.0,129,129,0.9984666666666664,928.8062015503874,64.59905187954865,47.30486232936701,0.0509308209294947,82.02801327132273
S06,DMT,High,session2,16,450.0,510.0,570.0,127,127,1.0029000000000006,947.6220472440948,63.31638249077672,49.27022991174154,0.0519935453750055,89.6772811148762
S06,DMT,High,session2,17,480.0,540.0,600.0,125,125,1.0029333333333332,962.8159999999998,62.31720287157672,46.41051048923371,0.0482028866255169,87.78716784764067
S06,DMT,High,session2,18,510.0,570.0,630.0,121,121,0.9969666666666668,988.7272727272727,60.68407502758367,46.65476038591075,0.0471866829942091,82.31646250902712
S06,DMT,High,session2,19,540.0,600.0,660.0,117,117,0.9949999999999996,1020.51282051282,58.79396984924625,42.02462332391719,0.0411799072772053,77.28235461098252
S06,DMT,High,session2,20,570.0,630.0,690.0,116,116,1.0013333333333332,1035.8620689655172,57.92276964047936,54.0209299213303,0.0521506979932949,92.48632298902498
S06,DMT,High,session2,21,600.0,660.0,720.0,115,115,0.9953666666666672,1038.64347826087,57.76765680988577,59.3213076715287,0.0571142157180419,94.25741083102092
S06,DMT,High,session2,22,630.0,690.0,750.0,114,114,0.9994999999999996,1052.105263157894,57.0285142571286,58.62374401923128,0.0557204170267831,95.27374332283117
S06,DMT,High,session2,23,660.0,720.0,780.0,113,113,1.0014333333333336,1063.469026548673,56.41913257664013,57.08264685024012,0.0536758903411537,92.98925348782508
S06,DMT,High,session2,24,690.0,750.0,810.0,112,112,0.999866666666667,1071.285714285715,56.00746766235496,46.34535458805226,0.0432614324731785,83.47621213422586
S06,DMT,High,session2,25,720.0,780.0,840.0,109,109,1.000666666666666,1101.6513761467884,54.46369087275153,37.32936486844303,0.0338849164778505,67.94597202063868
S06,DMT,High,session2,26,750.0,810.0,870.0,110,110,1.0090666666666674,1100.8000000000009,54.50581395348833,42.06766065987544,0.0382155347564275,63.05215548993216
S06,DMT,High,session2,27,780.0,840.0,900.0,110,110,0.997933333333333,1088.654545454545,55.11390206426617,57.73968790729749,0.0530376584090681,78.14458915376835
S06,DMT,High,session2,28,810.0,870.0,930.0,110,110,0.9988333333333324,1089.6363636363626,55.0642416152178,61.42766313448954,0.0563744614115956,76.11733184261381
S06,DMT,High,session2,29,840.0,900.0,960.0,112,112,1.0058666666666671,1077.7142857142862,55.6733828207847,64.8613212245183,0.0601841527799082,82.96785750918691
S06,DMT,High,session2,30,870.0,930.0,990.0,110,110,0.9932999999999992,1083.599999999999,55.370985603543794,67.78162452945497,0.062552255933421,87.51484277779032
S06,DMT,High,session2,31,900.0,960.0,1020.0,111,111,1.0075666666666667,1089.261261261261,55.0832037582294,64.19402407756579,0.0589335418054206,81.25556895171478
S06,DMT,High,session2,32,930.0,990.0,1050.0,109,109,0.9953333333333336,1095.779816513762,54.75552578700601,63.21040701936298,0.0576853178592645,84.63750129754307
S06,DMT,High,session2,33,960.0,1020.0,1080.0,109,109,0.9987666666666664,1099.5596330275228,54.56729966959251,57.59886830162753,0.0523835784540717,73.75904604818335
S06,DMT,High,session2,34,990.0,1050.0,1110.0,109,109,1.0036000000000012,1104.8807339449554,54.30450378636901,49.36185361786142,0.0446761827782224,62.09516662329311
S06,DMT,High,session2,35,1020.0,1080.0,1140.0,110,110,0.9944000000000008,1084.8000000000009,55.30973451327429,37.36652085400314,0.0344455391353273,70.81761041544277
S06,RS,High,session2,1,0.0,60.0,120.0,102,102,0.9862666666666668,1160.3137254901962,51.7101527646343,56.29061789824667,0.0485132741788998,68.3118910820877
S06,RS,High,session2,2,30.0,90.0,150.0,102,102,0.9983999999999998,1174.5882352941176,51.08173076923077,52.427790982710206,0.0446350383967384,64.08323067917767
S06,RS,High,session2,3,60.0,120.0,180.0,103,103,0.9989,1163.766990291262,51.55671238362199,53.21653878259955,0.0457278297344391,62.89692842705978
S06,RS,High,session2,4,90.0,150.0,210.0,102,102,0.9938333333333336,1169.21568627451,51.3164514506121,53.896857859512814,0.0460965914948038,59.02384607063339
S06,RS,High,session2,5,120.0,180.0,240.0,101,101,0.9975333333333336,1185.1881188118814,50.62487469090422,55.53377350765704,0.0468565054156365,59.73419671700307
S06,RS,High,session2,6,150.0,210.0,270.0,102,102,1.0009666666666663,1177.6078431372546,50.950747610643056,59.11827379947093,0.0502020041255622,62.78111541480759
S06,RS,High,session2,7,180.0,240.0,300.0,100,100,0.9983999999999996,1198.0799999999997,50.08012820512823,64.26963403182512,0.0536438585335079,66.06144675583772
S06,RS,High,session2,8,210.0,270.0,330.0,102,102,1.0004666666666666,1177.0196078431372,50.97621110148597,65.8843871888222,0.0559756071604906,80.64234452530181
S06,RS,High,session2,9,240.0,300.0,360.0,102,102,1.0003333333333333,1176.862745098039,50.98300566477841,65.5517330279637,0.0557004062716786,78.17244699775785
S06,RS,High,session2,10,270.0,330.0,390.0,100,100,0.994233333333334,1193.0800000000006,50.29000569953396,68.48549208600546,0.0574022631223433,83.64592040261152
S06,RS,High,session2,11,300.0,360.0,420.0,101,101,1.0028333333333337,1191.4851485148515,50.35732092404853,74.11882352007655,0.0622070897085568,86.01332616070506
S06,RS,High,session2,12,330.0,390.0,450.0,101,101,1.0053666666666663,1194.49504950495,50.23043002552968,70.59405074083888,0.0590994920992733,83.18817509266347
S06,RS,High,session2,13,360.0,420.0,480.0,104,104,1.0036666666666667,1158.076923076923,51.81002989040186,70.12886889453573,0.0605563132267661,99.3618172359038
S06,RS,High,session2,14,390.0,450.0,510.0,106,106,0.9992333333333328,1131.2075471698108,53.04066450945727,65.68032248629963,0.058062132497813,85.04908576884618
S06,RS,High,session2,15,420.0,480.0,540.0,106,106,0.9979,1129.698113207547,53.11153422186592,53.90503112838573,0.0477163150917667,76.67360256137246
S07,DMT,High,session2,1,0.0,60.0,120.0,285,285,0.9943666666666668,418.680701754386,143.3072977774798,5.784875861450172,0.0138169154613765,47.9841502536217
S07,DMT,High,session2,2,30.0,90.0,150.0,300,300,1.0013333333333334,400.53333333333336,149.80026631158455,3.6721859746986953,0.0091682406159255,20.76872702638616
S07,DMT,High,session2,3,60.0,120.0,180.0,300,300,1.001,400.4,149.85014985014985,3.650262280401997,0.0091165391618431,17.044502051019997
S07,DMT,High,session2,4,90.0,150.0,210.0,287,287,1.0010666666666668,418.5644599303136,143.34709643047415,4.443900510616622,0.0106170039170465,30.84274106727492
S07,DMT,High,session2,5,120.0,180.0,240.0,266,266,0.9999,451.0827067669172,133.01330133013303,7.715703174157227,0.0171048525213006,50.56839868038709
S07,DMT,High,session2,6,150.0,210.0,270.0,247,247,0.9984333333333332,485.0688259109312,123.69378693286149,10.283778369885033,0.0212006581758221,51.754495109729454
S07,DMT,High,session2,7,180.0,240.0,300.0,227,226,0.9925666666666664,527.0265486725662,113.84625717835918,17.80449381476193,0.0337829163627648,54.98354665849036
S07,DMT,High,session2,8,210.0,270.0,330.0,210,207,0.9796666666666662,567.9227053140094,105.64817965294324,24.048969648955733,0.0423454977656842,57.337645984244446
S07,DMT,High,session2,9,240.0,300.0,360.0,196,191,0.9631999999999998,605.1518324607329,99.14867109634554,34.27476270214842,0.0566382862343434,79.64191559918993
S07,DMT,High,session2,10,270.0,330.0,390.0,184,179,0.9651333333333332,647.0167597765361,92.73330109829388,40.89848058651496,0.0632108519115336,84.10436767107869
S07,DMT,High,session2,11,300.0,360.0,420.0,175,171,0.9736666666666668,683.2748538011698,87.81239301609035,45.17900903232146,0.0661212816203951,88.71017190403288
S07,DMT,High,session2,12,330.0,390.0,450.0,169,167,0.9871333333333336,709.3173652694612,84.58837036536771,48.23477935466891,0.0680016896757421,90.7982730197974
S07,DMT,High,session2,13,360.0,420.0,480.0,166,166,1.0000666666666669,722.9397590361448,82.99446703553095,48.12005189044402,0.0665616343394915,92.23650094516844
S07,DMT,High,session2,14,390.0,450.0,510.0,162,162,0.9996333333333336,740.4691358024693,81.02971089399445,49.30825841404037,0.066590565399601,95.64363026583926
S07,DMT,High,session2,15,420.0,480.0,540.0,160,160,0.9934333333333332,745.0749999999999,80.52880582491696,50.63024178934158,0.0679532151653747,95.33176429196403
S07,DMT,High,session2,16,450.0,510.0,570.0,160,160,0.998266666666667,748.7000000000002,80.13890743956189,51.06956656297431,0.0682109877961457,98.03559871981165
S07,DMT,High,session2,17,480.0,540.0,600.0,160,160,1.000133333333333,750.0999999999998,79.98933475536597,50.52578891923832,0.0673587373939985,101.31010988435357
S07,DMT,High,session2,18,510.0,570.0,630.0,158,158,1.0046333333333335,763.0126582278483,78.63565479942929,54.795043710961416,0.0718140690329133,109.5953755208852
S07,DMT,High,session2,19,540.0,600.0,660.0,157,157,1.0021000000000004,765.9363057324845,78.33549545953494,53.40892079524658,0.069730237874245,113.16120119323502
S07,DMT,High,session2,20,570.0,630.0,690.0,156,156,1.0020999999999995,770.8461538461535,77.83654325915582,54.37931295464836,0.0705449624199609,112.64607169796358
S07,DMT,High,session2,21,600.0,660.0,720.0,155,155,1.002466666666667,776.1032258064519,77.30930371749682,56.388264414118666,0.0726556243282269,110.0016041319608
S07,DMT,High,session2,22,630.0,690.0,750.0,155,155,0.9996333333333336,773.9096774193549,77.52842708993296,56.16487787303985,0.0725729106532493,109.05529204913012
S07,DMT,High,session2,23,660.0,720.0,780.0,153,153,1.0033,786.9019607843136,76.24838034486197,59.04414049095389,0.0750336680214952,108.168713536934
S07,DMT,High,session2,24,690.0,750.0,810.0,151,151,0.9974666666666668,792.6887417218545,75.69175243951341,60.35274089329155,0.0761367453790187,110.131811052663
S07,DMT,High,session2,25,720.0,780.0,840.0,148,148,0.9933333333333328,805.405405405405,74.49664429530205,59.649771484010365,0.0740617968090062,111.53827553516474
S07,DMT,High,session2,26,750.0,810.0,870.0,147,147,0.997866666666666,814.5850340136049,73.65713522180657,55.75779323869475,0.0684493219375345,110.02645034029568
S07,DMT,High,session2,27,780.0,840.0,900.0,146,146,0.9973666666666664,819.7534246575341,73.19274088432874,58.62610928293629,0.0715167604300382,115.21994329550198
S07,DMT,High,session2,28,810.0,870.0,930.0,145,145,1.0029333333333332,830.013793103448,72.287955331029,57.59533160093623,0.0693908126340713,110.14850998934946
S07,DMT,High,session2,29,840.0,900.0,960.0,144,144,1.0050333333333337,837.527777777778,71.63941494477793,63.1145035585316,0.0753581018243884,115.78905007859956
S07,DMT,High,session2,30,870.0,930.0,990.0,145,145,1.0015666666666665,828.8827586206895,72.38659433554099,67.41167060184678,0.0813283542222833,118.87852713824768
S07,DMT,High,session2,31,900.0,960.0,1020.0,146,146,1.0034666666666672,824.7671232876717,72.74780760031885,61.65174718556896,0.0747504907079878,109.94299721130469
S07,DMT,High,session2,32,930.0,990.0,1050.0,143,141,0.977200000000002,831.6595744680867,72.14490380679479,65.25125760247506,0.0784590950500491,109.80553133265306
S07,DMT,High,session2,33,960.0,1020.0,1080.0,145,143,0.9802666666666672,822.601398601399,72.93933623503806,60.308427130694135,0.0733142774048665,101.3178056637092
S07,DMT,High,session2,34,990.0,1050.0,1110.0,143,141,0.9798000000000012,833.8723404255329,71.95345988977334,61.22114648533039,0.0734178884673026,98.73896691087276
S07,DMT,High,session2,35,1020.0,1080.0,1140.0,143,141,0.9786000000000012,832.8510638297882,72.04169221336595,65.70919145542388,0.078896689107013,104.5128109830294
S07,RS,High,session2,1,0.0,60.0,120.0,133,133,0.9925,895.4887218045113,67.00251889168766,53.038579440732704,0.0592286403494328,79.52192536818366
S07,RS,High,session2,2,30.0,90.0,150.0,134,134,0.9948666666666668,890.9253731343283,67.34570796756685,51.38795388523726,0.0576793022567663,81.6037212465727
S07,RS,High,session2,3,60.0,120.0,180.0,135,135,0.9932999999999998,882.9333333333333,67.95530051344005,48.97516885299221,0.0554687052850259,81.55532871487364
S07,RS,High,session2,4,90.0,150.0,210.0,135,135,1.0043999999999995,892.7999999999998,67.20430107526883,49.64109996736704,0.0556015904652408,85.35481694737227
S07,RS,High,session2,5,120.0,180.0,240.0,137,137,1.0027666666666666,878.3357664233577,68.31100621613535,51.51241997581378,0.0586477540195998,86.87874218535683
S07,RS,High,session2,6,150.0,210.0,270.0,137,137,1.0031333333333332,878.6569343065692,68.28603708380409,52.28204055606253,0.0595022226704705,90.92890224819436
S07,RS,High,session2,7,180.0,240.0,300.0,137,137,1.0019,877.5766423357665,68.37009681604951,55.76315460736171,0.0635422046545609,99.16398499957482
S07,RS,High,session2,8,210.0,270.0,330.0,138,138,0.9996666666666666,869.2753623188406,69.02300766922308,59.9415773960756,0.0689557992719109,107.92155627242327
S07,RS,High,session2,9,240.0,300.0,360.0,134,134,0.9957666666666668,891.7313432835822,67.28483915241186,59.10408812495621,0.0662801510456276,113.63066171103998
S07,RS,High,session2,10,270.0,330.0,390.0,132,131,0.9928000000000002,909.435114503817,65.97502014504431,60.888511664460026,0.0669520130610752,111.42718210263196
S07,RS,High,session2,11,300.0,360.0,420.0,135,134,0.9953333333333336,891.34328358209,67.31413261888811,57.5584024879941,0.0645748989734695,115.52684838993838
S07,RS,High,session2,12,330.0,390.0,450.0,130,129,0.9916666666666673,922.4806201550392,65.04201680672266,54.79122867902881,0.0593955336100396,116.97670045617076
S07,RS,High,session2,13,360.0,420.0,480.0,133,132,0.9953333333333332,904.8484848484848,66.30944407233757,53.14363700243191,0.0587320837602228,112.76080776883222
S07,RS,High,session2,14,390.0,450.0,510.0,130,130,1.0025666666666664,925.4461538461536,64.833593775975,51.77770014743994,0.0559489063002227,119.4083646284141
S07,RS,High,session2,15,420.0,480.0,540.0,124,124,1.0009333333333337,968.6451612903228,61.942187291860925,54.73364922717519,0.056505365859945,100.03886996988815
S08,DMT,High,session2,1,0.0,60.0,120.0,194,193,0.9863666666666668,613.2849740932643,97.83380081781624,30.772011092333425,0.0501757133995163,118.71256704801536
S08,DMT,High,session2,2,30.0,90.0,150.0,211,211,0.9966,566.7867298578199,105.85992374071846,21.919332628006277,0.038672981340803,73.84544357880515
S08,DMT,High,session2,3,60.0,120.0,180.0,221,221,0.9965,541.0859728506788,110.88810837932763,9.678467196450123,0.0178871153237621,27.530756892465035
S08,DMT,High,session2,4,90.0,150.0,210.0,220,220,1.0016,546.3272727272728,109.82428115015972,10.872444327846788,0.0199009730441817,33.11695315295995
S08,DMT,High,session2,5,120.0,180.0,240.0,212,212,0.9982333333333332,565.0377358490566,106.18759808995893,11.763869499124535,0.0208196174392627,35.19018727084857
S08,DMT,High,session2,6,150.0,210.0,270.0,207,207,1.0031,581.5072463768116,103.1801415611604,12.531901040517186,0.0215507220565169,36.491370114948936
S08,DMT,High,session2,7,180.0,240.0,300.0,201,201,1.0000999999999998,597.0746268656715,100.48995100489954,13.290598180670022,0.0222595260000222,28.50893549371999
S08,DMT,High,session2,8,210.0,270.0,330.0,197,197,0.9989333333333332,608.48730964467,98.60517885744795,14.430692913342453,0.0237156842626173,33.04798754826643
S08,DMT,High,session2,9,240.0,300.0,360.0,192,192,0.9997333333333333,624.8333333333331,96.02560682848762,16.45428380384226,0.0263338764532018,43.37361532208509
S08,DMT,High,session2,10,270.0,330.0,390.0,187,187,0.9966333333333334,639.5508021390374,93.8158466838356,22.952030387848545,0.0358877360658189,54.50590711696703
S08,DMT,High,session2,11,300.0,360.0,420.0,184,184,1.0,652.1739130434783,92.0,24.09090252978103,0.0369393838789975,53.62949369927398
S08,DMT,High,session2,12,330.0,390.0,450.0,179,179,0.9987999999999998,669.5865921787708,89.60752903484182,26.17143137515679,0.0390859549472122,58.75321687684541
S08,DMT,High,session2,13,360.0,420.0,480.0,180,180,0.9983,665.5333333333333,90.15326054292298,29.460701975575848,0.0442663056830249,65.47091127717428
S08,DMT,High,session2,14,390.0,450.0,510.0,177,177,0.9994333333333336,677.5819209039549,88.55017843444617,29.26835088685709,0.0431952948918862,67.33249680380601
S08,DMT,High,session2,15,420.0,480.0,540.0,177,177,1.0029333333333332,679.9548022598868,88.24115926615264,30.054495957718228,0.0442007260744825,68.02671761296028
S08,DMT,High,session2,16,450.0,510.0,570.0,178,178,1.002233333333333,675.6629213483144,88.80167625636082,29.27678164523349,0.0433304547581365,65.66322979681702
S08,DMT,High,session2,17,480.0,540.0,600.0,171,169,0.9881333333333336,701.6331360946747,85.51477533396302,34.43574246740514,0.0490794130093059,71.58001077872593
S08,DMT,High,session2,18,510.0,570.0,630.0,168,166,0.9867333333333334,713.3012048192771,84.11593811228971,40.071886623427766,0.0561780722543156,80.94139068370689
S08,DMT,High,session2,19,540.0,600.0,660.0,159,157,0.9809666666666677,749.7834394904467,80.02310645961458,46.93550825850348,0.0625987529017723,85.66529369881755
S08,DMT,High,session2,20,570.0,630.0,690.0,155,153,0.985966666666668,773.3071895424846,77.58882991311394,52.77968704188199,0.0682519026793327,76.66445009583799
S08,DMT,High,session2,21,600.0,660.0,720.0,151,149,0.9819333333333332,790.8187919463086,75.87073121053704,56.0320607932157,0.070853223726909,78.08727391310137
S08,DMT,High,session2,22,630.0,690.0,750.0,147,145,0.9797333333333332,810.8137931034481,73.9997278170931,53.71877040389846,0.0662529064759567,73.51511430074564
S08,DMT,High,session2,23,660.0,720.0,780.0,145,143,0.9869999999999997,828.2517482517478,72.44174265450864,56.39073411135352,0.0680840508098915,76.91841924242402
S08,DMT,High,session2,24,690.0,750.0,810.0,141,135,0.9521666666666648,846.3703703703686,70.89095046385451,60.98978476887275,0.0720603968475217,80.2225208210048
S08,DMT,High,session2,25,720.0,780.0,840.0,141,137,0.9788999999999988,857.4306569343055,69.97650423945254,62.21089525736167,0.0725550162619484,81.84308835854904
S08,DMT,High,session2,26,750.0,810.0,870.0,143,139,0.9791666666666656,845.3237410071935,70.97872340425539,61.34009624550461,0.0725640287500012,88.13084934455861
S08,DMT,High,session2,27,780.0,840.0,900.0,141,133,0.9415999999999988,849.563909774435,70.62446898895506,62.02815540939343,0.0730117589692131,93.54024845790894
S08,DMT,High,session2,28,810.0,870.0,930.0,139,133,0.9477666666666664,855.127819548872,70.16494917877115,56.30275304103222,0.0658413300958154,91.6255070293804
S08,DMT,High,session2,29,840.0,900.0,960.0,137,131,0.9419333333333336,862.8396946564887,69.53782999504564,53.902910955932505,0.0624715243048619,94.41445593306354
S08,DMT,High,session2,30,870.0,930.0,990.0,135,128,0.9399333333333326,881.1874999999993,68.0899354564154,55.364571454647226,0.0628295016153171,92.14484916882718
S08,DMT,High,session2,31,900.0,960.0,1020.0,138,130,0.9452999999999993,872.5846153846147,68.76123981804723,54.492378869329926,0.0624493921948314,93.51580595294688
S08,DMT,High,session2,32,930.0,990.0,1050.0,136,126,0.927666666666666,883.492063492063,67.91232482932091,59.68770265926455,0.0675588441885315,94.73565293229716
S08,DMT,High,session2,33,960.0,1020.0,1080.0,136,126,0.9287000000000006,884.476190476191,67.83676106385265,59.90131941140401,0.0677251915386822,91.04211898111784
S08,DMT,High,session2,34,990.0,1050.0,1110.0,137,126,0.9133,869.8095238095239,68.9806197306471,63.72314065912689,0.0732610288974961,102.1178702704516
S08,DMT,High,session2,35,1020.0,1080.0,1140.0,140,134,0.9394666666666684,841.3134328358224,71.31705932443927,55.13842719779302,0.065538508058688,103.59757435475044
S08,RS,High,session2,1,0.0,60.0,120.0,116,116,0.9877666666666668,1021.8275862068964,58.71832079101002,65.90533395316567,0.0644975090150104,91.69081086783558
S08,RS,High,session2,2,30.0,90.0,150.0,118,118,0.9933333333333336,1010.1694915254238,59.39597315436241,62.33847503817774,0.0617109064975249,84.75064531784143
S08,RS,High,session2,3,60.0,120.0,180.0,120,120,0.9942666666666666,994.2666666666668,60.34598363953332,60.03360403511894,0.0603797814487584,86.03729241598992
S08,RS,High,session2,4,90.0,150.0,210.0,120,120,0.9944333333333332,994.4333333333332,60.33586967452151,56.283794703435966,0.0565988617002339,81.81191108584505
S08,RS,High,session2,5,120.0,180.0,240.0,118,118,0.9943333333333332,1011.186440677966,59.33623868588669,53.74329614325804,0.0531487507953775,85.46073713905825
S08,RS,High,session2,6,150.0,210.0,270.0,117,117,1.003033333333333,1028.7521367521365,58.32308663720052,50.705369368132224,0.0492882275104804,79.19409874206178
S08,RS,High,session2,7,180.0,240.0,300.0,115,115,0.9999666666666668,1043.4434782608696,57.50191673055768,46.38511557998568,0.0444538842269605,59.54420314477789
S08,RS,High,session2,8,210.0,270.0,330.0,116,116,1.0078999999999998,1042.655172413793,57.54539140787777,45.72127275797175,0.0438508089420637,59.141555088034586
S08,RS,High,session2,9,240.0,300.0,360.0,120,120,1.0033,1003.2999999999998,59.80265125087213,46.59858980085756,0.0464453202440521,85.06592599099827
S08,RS,High,session2,10,270.0,330.0,390.0,124,124,0.9973000000000004,965.1290322580649,62.16785320364984,45.43842434002341,0.0470801549029287,87.98013151001393
S08,RS,High,session2,11,300.0,360.0,420.0,123,123,1.000833333333333,976.422764227642,61.448792672772704,51.47910605921357,0.0527221485868715,98.7154387023536
S08,RS,High,session2,12,330.0,390.0,450.0,123,123,0.9980666666666668,973.7235772357726,61.61913031861597,56.19287627682279,0.0577092694379901,101.48934376856546
S08,RS,High,session2,13,360.0,420.0,480.0,118,118,0.9963,1013.186440677966,59.219110709625625,58.16451762983307,0.0574075168148842,99.4704740070579
S08,RS,High,session2,14,390.0,450.0,510.0,115,115,1.0059333333333331,1049.669565217391,57.160845649148406,61.8226098423506,0.0588972109804354,80.55244796166399
S08,RS,High,session2,15,420.0,480.0,540.0,116,116,1.0055,1040.1724137931035,57.68274490303332,57.64056542583043,0.0554144338587463,76.76845772808934
S10,DMT,High,session1,1,0.0,60.0,120.0,172,172,0.9893333333333332,690.2325581395348,86.92722371967656,30.22566199895152,0.043790548044303,80.39110166035908
S10,DMT,High,session1,2,30.0,90.0,150.0,176,176,0.9943333333333332,677.9545454545455,88.50150854844117,26.742368737908723,0.0394456662577265,60.1422901537268
S10,DMT,High,session1,3,60.0,120.0,180.0,172,172,1.0004666666666666,698.0,85.95988538681948,27.027384856175303,0.0387211817423714,44.92592994348118
S10,DMT,High,session1,4,90.0,150.0,210.0,167,167,0.9956333333333336,715.4251497005989,83.86621580903277,24.500799101796662,0.0342464884160839,44.54054700537204
S10,DMT,High,session1,5,120.0,180.0,240.0,165,165,1.0009333333333332,727.9515151515152,82.42307179965366,24.78984843370275,0.0340542576225602,45.68180056847785
S10,DMT,High,session1,6,150.0,210.0,270.0,160,160,1.0038666666666665,752.8999999999999,79.69185814849251,25.7984446900947,0.0342654332449126,56.10403633502547
S10,DMT,High,session1,7,180.0,240.0,300.0,154,154,0.9976000000000004,777.3506493506495,77.18524458700881,30.87736654421784,0.0397212848153029,46.0887935945442
S10,DMT,High,session1,8,210.0,270.0,330.0,152,152,1.0049333333333332,793.3684210526314,75.62690725752954,33.989480258044324,0.0428419878534458,48.69933219696927
S10,DMT,High,session1,9,240.0,300.0,360.0,146,146,0.9959333333333332,818.5753424657535,73.29807885400629,35.77246099330034,0.0437008777781465,53.876466056242336
S10,DMT,High,session1,10,270.0,330.0,390.0,143,143,0.9972333333333334,836.8391608391609,71.69836547782197,40.9616791029016,0.0489480906484183,64.84104620169272
S10,DMT,High,session1,11,300.0,360.0,420.0,138,138,1.0002,869.7391304347826,68.9862027594481,42.211839761588735,0.0485339089440382,63.82449754466855
S10,DMT,High,session1,12,330.0,390.0,450.0,134,134,0.9938666666666668,890.0298507462687,67.41346927823987,43.04500180567623,0.0483635484468122,56.99807941606694
S10,DMT,High,session1,13,360.0,420.0,480.0,133,133,1.0038333333333331,905.7142857142856,66.24605678233439,46.73069201025432,0.0515954012731514,65.53146034060451
S10,DMT,High,session1,14,390.0,450.0,510.0,132,132,1.0005333333333335,909.5757575757578,65.9648187633262,44.87948238261524,0.0493411153593517,66.23715444667563
S10,DMT,High,session1,15,420.0,480.0,540.0,130,130,1.0029333333333337,925.7846153846156,64.80989098643977,47.92371198627328,0.0517655091582651,71.1074069796573
S10,DMT,High,session1,16,450.0,510.0,570.0,126,126,0.999133333333333,951.5555555555552,63.05464736104626,51.68891563962915,0.054320439135528,77.25734197400813
S10,DMT,High,session1,17,480.0,540.0,600.0,125,125,1.0010666666666672,961.0240000000005,62.433404368673386,49.28259523958928,0.0512813366155155,73.18541014481268
S10,DMT,High,session1,18,510.0,570.0,630.0,120,120,0.9955333333333332,995.5333333333332,60.26920243755441,47.85412006006672,0.0480688274895199,65.85378932625906
S10,DMT,High,session1,19,540.0,600.0,660.0,119,119,0.9977666666666664,1006.1512605042012,59.63318077038722,45.26831495630493,0.0449915601493359,64.53545059880463
S10,DMT,High,session1,20,570.0,630.0,690.0,121,121,1.0027666666666666,994.479338842975,60.33307848286409,48.31562894137271,0.0485838438811463,71.39235476967727
S10,DMT,High,session1,21,600.0,660.0,720.0,120,120,1.0005666666666666,1000.5666666666664,59.966019255755086,52.26307081897399,0.0522334718515914,70.2041121797514
S10,DMT,High,session1,22,630.0,690.0,750.0,121,121,1.0016666666666671,993.3884297520664,60.39933444259565,53.623377986346085,0.0539802723489839,68.25190740934578
S10,DMT,High,session1,23,660.0,720.0,780.0,123,123,1.002666666666666,978.2113821138204,61.33643617021281,58.31851490159004,0.0596174977800497,72.10048225578298
S10,DMT,High,session1,24,690.0,750.0,810.0,122,122,1.0009000000000006,984.4918032786892,60.94514936557095,54.8512639510111,0.0557153079064121,67.57881788306871
S10,DMT,High,session1,25,720.0,780.0,840.0,123,123,0.9970999999999997,972.7804878048776,61.67886871928596,55.62638835989312,0.0571828784162977,69.78309915465552
S10,DMT,High,session1,26,750.0,810.0,870.0,126,126,1.0067999999999997,958.8571428571424,62.5744934445769,57.90585462627073,0.0603904920119033,69.48654134845697
S10,DMT,High,session1,27,780.0,840.0,900.0,124,124,0.9947666666666672,962.6774193548392,62.32617364206008,56.99008614398349,0.0591995667480979,69.14619229381253
S10,DMT,High,session1,28,810.0,870.0,930.0,125,125,1.002533333333333,962.4319999999996,62.34206676419739,61.59388323212495,0.0639981663453885,78.0965424041513
S10,DMT,High,session1,29,840.0,900.0,960.0,124,124,1.0003666666666675,968.0967741935492,61.97727499916691,57.99803753338238,0.0599093386936407,75.32082269181971
S10,DMT,High,session1,30,870.0,930.0,990.0,123,123,0.997,972.6829268292682,61.68505516549649,55.69942755099647,0.0572637043528298,76.7943087322122
S10,DMT,High,session1,31,900.0,960.0,1020.0,122,122,0.9980333333333332,981.672131147541,61.12020306602986,51.4285189557686,0.0523886920326957,78.13163745005751
S10,DMT,High,session1,32,930.0,990.0,1050.0,121,121,0.9959999999999998,987.768595041322,60.74297188755021,44.527145278661976,0.0450785188982438,72.11342458592189
S10,DMT,High,session1,33,960.0,1020.0,1080.0,121,121,0.999466666666666,991.2066115702472,60.53228388473856,44.32004813475098,0.0447132289246337,69.53870832797156
S10,DMT,High,session1,34,990.0,1050.0,1110.0,122,122,0.9971666666666664,980.8196721311472,61.17332441918772,47.27412585343882,0.048198590624432,71.22064613758734
S10,DMT,High,session1,35,1020.0,1080.0,1140.0,123,123,1.0002333333333335,975.837398373984,61.48565334755222,48.4811945965449,0.0496816320806396,68.62852893177848
S10,RS,High,session1,1,0.0,60.0,120.0,129,129,0.9902666666666666,921.1782945736434,65.133970647637,56.49557504796296,0.0613296854482565,98.71474446704389
S10,RS,High,session1,2,30.0,90.0,150.0,127,127,0.9970666666666668,942.1102362204724,63.68681465632522,56.49216830114692,0.0599634375354845,77.37737132263462
S10,RS,High,session1,3,60.0,120.0,180.0,128,128,1.0048666666666668,942.0625,63.69004179658993,56.50503426808899,0.0599801332375389,71.75809647314256
S10,RS,High,session1,4,90.0,150.0,210.0,128,128,0.998,935.625,64.12825651302606,54.970285459188574,0.0587524761086851,67.56122915577672
S10,RS,High,session1,5,120.0,180.0,240.0,129,129,1.0022333333333333,932.31007751938,64.35627099477833,43.98010914038481,0.0471732637036422,51.30938608846555
S10,RS,High,session1,6,150.0,210.0,270.0,128,128,1.0021,939.46875,63.865881648538064,45.698084868295865,0.0486424746627238,51.19392457495131
S10,RS,High,session1,7,180.0,240.0,300.0,128,128,1.0008666666666668,938.3125,63.94458136281888,41.79891872165169,0.0445469059845751,52.60725826392355
S10,RS,High,session1,8,210.0,270.0,330.0,130,130,1.0028,925.6615384615388,64.81850817710409,38.10389713328676,0.041163962798558,52.74901135722862
S10,RS,High,session1,9,240.0,300.0,360.0,131,131,0.9989000000000002,915.022900763359,65.5721293422765,36.3301104192739,0.0397040449905302,52.6844694162756
S10,RS,High,session1,10,270.0,330.0,390.0,135,135,1.0007,889.5111111111111,67.4527830518637,33.623019832939285,0.0377994377056627,58.69194389868831
S10,RS,High,session1,11,300.0,360.0,420.0,135,135,0.9974333333333336,886.6074074074075,67.67369581926945,33.183344140664865,0.0374273256273581,57.18431789728226
S10,RS,High,session1,12,330.0,390.0,450.0,136,136,1.003,885.0000000000001,67.79661016949152,37.23956478243039,0.0420786042739326,61.46218349521853
S10,RS,High,session1,13,360.0,420.0,480.0,133,133,0.9946333333333331,897.4135338345865,66.85880894131842,39.46920548754547,0.0439810678126239,69.04051597251227
S10,RS,High,session1,14,390.0,450.0,510.0,130,130,0.9993333333333329,922.461538461538,65.04336224149436,38.738239025420256,0.0419944218921333,60.29053094513014
S10,RS,High,session1,15,420.0,480.0,540.0,131,131,1.003,918.7786259541986,65.30408773678963,41.29891039725069,0.0449497944669312,63.48813215279945
S11,DMT,High,session2,1,0.0,60.0,120.0,230,230,0.9942333333333332,518.7304347826087,115.66701310892816,18.09243611406404,0.0348783007529648,84.24453092679974
S11,DMT,High,session2,2,30.0,90.0,150.0,251,251,1.0032333333333334,479.63346613545815,125.0955244708775,11.38419957660633,0.0237352069452785,62.61751444714047
S11,DMT,High,session2,3,60.0,120.0,180.0,264,264,0.9978333333333332,453.560606060606,132.2866210121931,5.975870364721981,0.0131754616359328,17.626137511821987
S11,DMT,High,session2,4,90.0,150.0,210.0,257,257,0.9978,465.898832684825,128.78332331128482,7.150174823034825,0.0153470545994517,34.32026151116184
S11,DMT,High,session2,5,120.0,180.0,240.0,250,250,1.0013,480.624,124.83771097573154,9.167780144125848,0.0190747447986905,36.071251221140166
S11,DMT,High,session2,6,150.0,210.0,270.0,236,236,0.9973333333333332,507.1186440677965,118.3155080213904,12.429203771077178,0.0245094593079396,40.253276751308384
S11,DMT,High,session2,7,180.0,240.0,300.0,227,227,1.0017,529.5330396475771,113.30737745832086,15.10084097757734,0.0285172781430739,34.699882826218115
S11,DMT,High,session2,8,210.0,270.0,330.0,222,222,1.0014999999999996,541.3513513513512,110.83374937593612,17.161463722658464,0.0317011561526891,42.464922686837134
S11,DMT,High,session2,9,240.0,300.0,360.0,211,211,0.9998666666666666,568.6445497630332,105.51406854247232,19.9255758117211,0.0350404761991028,39.496373626920274
S11,DMT,High,session2,10,270.0,330.0,390.0,208,208,1.0012,577.6153846153846,103.8753495805034,20.548987069081857,0.0355755535887686,39.63707523499562
S11,DMT,High,session2,11,300.0,360.0,420.0,205,205,0.9993666666666664,584.9951219512194,102.56495780661088,20.39030911689162,0.0348555199039623,36.63097606480775
S11,DMT,High,session2,12,330.0,390.0,450.0,205,205,0.999766666666667,585.2292682926832,102.5239222485246,21.72736595569137,0.0371262462984423,35.153042458224924
S11,DMT,High,session2,13,360.0,420.0,480.0,208,208,0.9981,575.826923076923,104.19797615469392,19.986468852651573,0.0347091600820853,33.52710124694595
S11,DMT,High,session2,14,390.0,450.0,510.0,207,207,0.9989666666666668,579.1111111111112,103.60706062931696,19.812715344454425,0.0342122866654047,34.139380532287326
S11,DMT,High,session2,15,420.0,480.0,540.0,210,210,0.997133333333334,569.7904761904765,105.30186534732896,18.916082623478392,0.0331983130886078,40.223227653115934
S11,DMT,High,session2,16,450.0,510.0,570.0,212,212,0.9982333333333334,565.0377358490566,106.18759808995893,17.256360871322578,0.0305401918783215,39.39132257712874
S11,DMT,High,session2,17,480.0,540.0,600.0,211,211,1.0001666666666664,568.8151658767771,105.4824195967339,18.47314653374445,0.0324765365657397,43.8075766152497
S11,DMT,High,session2,18,510.0,570.0,630.0,218,218,1.000666666666666,550.8256880733941,108.92738174550308,16.94664981912885,0.0307659032359268,41.29624212419008
S11,DMT,High,session2,19,540.0,600.0,660.0,214,214,1.0024000000000002,562.0934579439253,106.7438148443735,17.40972692345365,0.0309730111201373,42.381130691508815
S11,DMT,High,session2,20,570.0,630.0,690.0,209,209,1.0017666666666665,575.1770334928229,104.31570891425147,16.96602940720316,0.0294970564178739,48.73488176627693
S11,DMT,High,session2,21,600.0,660.0,720.0,205,205,1.0029666666666666,587.1024390243903,102.19681611220048,17.25926860967955,0.0293973716722415,51.74271042627484
S11,DMT,High,session2,22,630.0,690.0,750.0,205,205,0.999666666666667,585.1707317073173,102.53417805935308,16.84997236280735,0.0287949677757211,57.09190322346673
S11,DMT,High,session2,23,660.0,720.0,780.0,205,205,0.9994333333333324,585.0341463414629,102.55811626588408,19.954850999979797,0.034108865482072,57.04851568653976
S11,DMT,High,session2,24,690.0,750.0,810.0,202,202,0.9986,593.2277227722773,101.14159823753252,22.58339988241117,0.0380686859624061,62.92566588149328
S11,DMT,High,session2,25,720.0,780.0,840.0,199,199,0.9961666666666674,600.7035175879402,99.88288439016222,23.84122564810828,0.0396888397521628,70.46331187857662
S11,DMT,High,session2,26,750.0,810.0,870.0,189,189,0.9989000000000005,634.2222222222225,94.60406447091796,28.02886050620744,0.0441940687729269,47.32384282040871
S11,DMT,High,session2,27,780.0,840.0,900.0,186,186,0.9975000000000004,643.5483870967744,93.2330827067669,27.65501762790902,0.0429727090959989,44.03893022954677
S11,DMT,High,session2,28,810.0,870.0,930.0,186,186,1.0042333333333335,647.8924731182798,92.6079596375344,30.00684606570039,0.0463145464883681,46.62430925290012
S11,DMT,High,session2,29,840.0,900.0,960.0,185,185,1.001199999999999,649.4270270270264,92.38913304035168,30.68068362710429,0.0472426960232246,45.34932438407115
S11,DMT,High,session2,30,870.0,930.0,990.0,179,179,0.9992999999999996,669.9217877094969,89.56269388572004,30.32853812368016,0.0452717595995426,56.24719244069483
S11,DMT,High,session2,31,900.0,960.0,1020.0,173,173,1.0032666666666672,695.9075144508674,86.21835337896201,29.168316675368494,0.0419140705764398,47.57750838022081
S11,DMT,High,session2,32,930.0,990.0,1050.0,171,171,0.998466666666667,700.6783625730995,85.631301328704,28.91936050061653,0.0412733745543619,44.70881673421568
S11,DMT,High,session2,33,960.0,1020.0,1080.0,168,168,0.9970333333333344,712.1666666666673,84.2499414930961,27.98973293370556,0.0393022227012013,43.26186337128236
S11,DMT,High,session2,34,990.0,1050.0,1110.0,170,170,1.0026999999999997,707.7882352941174,84.77111798145012,29.34552373554175,0.0414608809135509,43.91980160700549
S11,DMT,High,session2,35,1020.0,1080.0,1140.0,170,170,0.999199999999999,705.3176470588229,85.06805444355491,32.15642242162726,0.0455914048878823,45.22716149000125
S11,RS,High,session2,1,0.0,60.0,120.0,169,169,0.9903666666666664,703.2189349112425,85.32193463700314,23.23380132069482,0.0330392146275573,47.32114820993313
S11,RS,High,session2,2,30.0,90.0,150.0,172,172,1.0007,698.1627906976744,85.93984211052263,21.43833806948048,0.0307067898133859,42.33723161084826
S11,RS,High,session2,3,60.0,120.0,180.0,176,176,0.9991333333333332,681.2272727272727,88.07633282177888,19.092556515191745,0.0280267060341775,38.65325039674952
S11,RS,High,session2,4,90.0,150.0,210.0,174,174,0.9998666666666666,689.5632183908046,87.01160154687291,20.382470083512437,0.0295585227574606,41.68411381444293
S11,RS,High,session2,5,120.0,180.0,240.0,174,174,0.9981333333333334,688.3678160919541,87.16270371359872,20.54291996512942,0.0298429407722124,44.83653416979384
S11,RS,High,session2,6,150.0,210.0,270.0,173,173,0.9989333333333332,692.9017341040461,86.59236518953553,18.317611299538854,0.0264360881174938,40.09083650154998
S11,RS,High,session2,7,180.0,240.0,300.0,171,171,0.9988999999999998,700.9824561403508,85.59415356892583,20.15703059364125,0.0287553995354277,35.22790900345074
S11,RS,High,session2,8,210.0,270.0,330.0,171,171,1.0002,701.8947368421053,85.48290341931613,18.59032006179674,0.026485908906279,30.96355592734169
S11,RS,High,session2,9,240.0,300.0,360.0,171,171,0.9997333333333333,701.5672514619881,85.5228060816218,17.03422161069735,0.0242802405260506,23.389788698109868
S11,RS,High,session2,10,270.0,330.0,390.0,171,171,0.9973666666666668,699.9064327485382,85.72574446041239,18.211825505293294,0.0260203716570732,24.384964379470134
S11,RS,High,session2,11,300.0,360.0,420.0,173,173,1.0027,695.5144508670521,86.26707888700507,19.36671803486187,0.0278451698749302,31.339774664231125
S11,RS,High,session2,12,330.0,390.0,450.0,174,174,0.9972333333333334,687.7471264367816,87.24136778420296,19.0818135127782,0.0277453918442976,32.05819072953042
S11,RS,High,session2,13,360.0,420.0,480.0,175,175,1.0048333333333332,689.0285714285715,87.079117598275,20.618036964655985,0.0299233410915143,34.58712612988355
S11,RS,High,session2,14,390.0,450.0,510.0,174,174,1.004733333333333,692.9195402298849,86.59014000398118,19.303478377139548,0.0278581815873389,36.97811206702893
S11,RS,High,session2,15,420.0,480.0,540.0,172,172,0.9994999999999996,697.3255813953485,86.04302151075541,20.287985094170164,0.0290939922977928,37.43858654941233
S15,DMT,High,session1,1,0.0,60.0,120.0,147,139,0.9221333333333332,796.0863309352516,75.36871023713131,59.51149738168932,0.0747550800323056,152.62910819000157
S15,DMT,High,session1,2,30.0,90.0,150.0,162,157,0.9631333333333332,736.152866242038,81.50481068733995,45.74736267866268,0.062143835576158,124.05365700151658
S15,DMT,High,session1,3,60.0,120.0,180.0,181,177,0.9674999999999998,655.9322033898304,91.47286821705428,38.73343606972599,0.0590509748866623,94.50394371402626
S15,DMT,High,session1,4,90.0,150.0,210.0,193,193,0.9975333333333332,620.2279792746114,96.73862193410412,22.57579825093037,0.036399193530956,73.16441134925437
S15,DMT,High,session1,5,120.0,180.0,240.0,198,198,0.9963,603.8181818181819,99.36766034327007,19.423153277693547,0.0321672216282187,59.60996129005888
S15,DMT,High,session1,6,150.0,210.0,270.0,201,201,1.0,597.0149253731344,100.5,20.855694665966336,0.0349332885654936,40.382233421634815
S15,DMT,High,session1,7,180.0,240.0,300.0,191,191,0.9975,626.7015706806283,95.73934837092732,25.88395154083861,0.0413018775630758,49.97504585336894
S15,DMT,High,session1,8,210.0,270.0,330.0,185,185,1.0036999999999998,651.0486486486486,92.15901165686958,31.35213743493676,0.0481563666555685,54.49494203504639
S15,DMT,High,session1,9,240.0,300.0,360.0,180,180,1.0003666666666666,666.9111111111112,89.96701209556495,35.44198186067294,0.0531434868458326,49.27692683509803
S15,DMT,High,session1,10,270.0,330.0,390.0,176,176,0.995366666666667,678.6590909090911,88.4096312916513,39.24312496658301,0.0578245034837966,49.30531964661143
S15,DMT,High,session1,11,300.0,360.0,420.0,178,178,1.0032999999999996,676.3820224719099,88.70726602212702,42.22832744045111,0.0624326579321597,52.078494779373365
S15,DMT,High,session1,12,330.0,390.0,450.0,177,177,0.9980333333333332,676.632768361582,88.67439297284659,44.24415729274678,0.0653887298421577,53.27763527159771
S15,DMT,High,session1,13,360.0,420.0,480.0,170,170,1.0009,706.5176470588235,84.92356878809072,44.74887192389822,0.0633372317169772,66.52394003650916
S15,DMT,High,session1,14,390.0,450.0,510.0,164,164,1.004233333333333,734.8048780487804,81.65433000298736,44.266898267310815,0.0602430653221277,80.23790378027343
S15,DMT,High,session1,15,420.0,480.0,540.0,156,156,0.9978333333333336,767.5641025641028,78.16936696175044,44.28529210442852,0.0576958874919897,76.38216136002114
S15,DMT,High,session1,16,450.0,510.0,570.0,150,150,1.0001,800.08,74.992500749925,43.10872784144384,0.0538805217496298,55.92414805404351
S15,DMT,High,session1,17,480.0,540.0,600.0,153,150,0.9862333333333324,788.9866666666659,76.04691249535277,53.79224332724353,0.0681789003539268,74.24817686204891
S15,DMT,High,session1,18,510.0,570.0,630.0,155,152,0.9857999999999996,778.2631578947364,77.09474538445936,58.119986974417294,0.0746790932923466,78.87106897391267
S15,DMT,High,session1,19,540.0,600.0,660.0,155,152,0.9842333333333328,777.0263157894733,77.21746198394693,66.50952396854784,0.0855949439768625,94.87139760934156
S15,DMT,High,session1,20,570.0,630.0,690.0,153,150,0.985166666666666,788.1333333333328,76.12925054982242,71.82897298822836,0.091138098022621,107.6573402433722
S15,DMT,High,session1,21,600.0,660.0,720.0,148,148,1.0012,811.7837837837837,73.91130643228126,68.62141035553515,0.0845316348100546,102.54108455131096
S15,DMT,High,session1,22,630.0,690.0,750.0,149,149,0.9994333333333336,804.9127516778525,74.54224060300835,69.24379179899314,0.0860264564757527,114.78687259473205
S15,DMT,High,session1,23,660.0,720.0,780.0,151,151,0.9980333333333334,793.1390728476822,75.64877592598776,61.71245147186176,0.0778078568873044,110.87663052450468
S15,DMT,High,session1,24,690.0,750.0,810.0,153,151,0.9885999999999996,785.6423841059599,76.37062512644147,61.84024754329607,0.0787129727142567,107.90145778260462
S15,DMT,High,session1,25,720.0,780.0,840.0,153,151,0.9835666666666658,781.6423841059595,76.76144643643889,64.79572892163777,0.0828968979154718,109.04606637385568
S15,DMT,High,session1,26,750.0,810.0,870.0,147,141,0.9584666666666654,815.7163120567366,73.55498365444816,63.147819113749854,0.0774139467120986,105.50303490835344
S15,DMT,High,session1,27,780.0,840.0,900.0,142,134,0.9530333333333328,853.4626865671636,70.30184323738244,72.04859471217821,0.0844191501821542,100.52558546997798
S15,DMT,High,session1,28,810.0,870.0,930.0,141,131,0.9431000000000012,863.908396946566,69.45180786767037,83.76653269653792,0.0969622855763479,107.22395329271438
S15,DMT,High,session1,29,840.0,900.0,960.0,142,130,0.937433333333335,865.3230769230785,69.33826405433263,83.70991335257855,0.0967383346001066,120.36882695319063
S15,DMT,High,session1,30,870.0,930.0,990.0,144,130,0.927000000000001,855.6923076923085,70.11866235167199,95.33237799972942,0.1114096470690831,131.47852397236437
S15,DMT,High,session1,31,900.0,960.0,1020.0,145,133,0.9347333333333344,843.3684210526325,71.14328507239134,94.90914619649254,0.1125358073972389,140.62444470916446
S15,DMT,High,session1,32,930.0,990.0,1050.0,141,133,0.9493000000000006,856.5112781954892,70.05161698093328,79.08697743624374,0.0923361775257243,126.970684790157
S15,DMT,High,session1,33,960.0,1020.0,1080.0,136,130,0.9581666666666668,884.4615384615387,67.83788484953904,73.55291799808438,0.0831612396916939,116.7780744158844
S15,DMT,High,session1,34,990.0,1050.0,1110.0,134,134,0.9979666666666672,893.701492537314,67.13651090550782,60.055112533034574,0.0671981786250929,105.30628652990524
S15,DMT,High,session1,35,1020.0,1080.0,1140.0,130,130,0.9974333333333324,920.7076923076916,65.16726264077805,54.17056038481339,0.058835785599921,81.83244804338494
S15,RS,High,session1,1,0.0,60.0,120.0,109,109,0.9901666666666666,1090.091743119266,55.041238848678674,58.18234427371474,0.0533738051324264,83.67059987262225
S15,RS,High,session1,2,30.0,90.0,150.0,111,110,0.9881666666666664,1077.9999999999998,55.658627087198525,60.241489332825445,0.0558826431658863,87.89944212909111
S15,RS,High,session1,3,60.0,120.0,180.0,112,110,0.9841333333333332,1073.6,55.88673621460507,60.27724109805032,0.0561449712165148,94.09922539629888
S15,RS,High,session1,4,90.0,150.0,210.0,113,111,0.9884666666666668,1068.6126126126126,56.1475686248061,60.654455425491655,0.0567600033067172,99.98428705380496
S15,RS,High,session1,5,120.0,180.0,240.0,113,109,0.9696666666666668,1067.5229357798164,56.20488140254383,62.42099768812548,0.0584727462014925,99.50503396257872
S15,RS,High,session1,6,150.0,210.0,270.0,114,111,0.9861000000000004,1066.0540540540546,56.28232430787949,64.59446140687635,0.0605921070899103,96.67770616734134
S15,RS,High,session1,7,180.0,240.0,300.0,112,110,0.9909666666666668,1081.0545454545456,55.50136230616569,61.27291710348187,0.0566788395286,86.12289452172631
S15,RS,High,session1,8,210.0,270.0,330.0,111,108,0.9792333333333334,1088.0370370370372,55.1451816046567,61.33498962566555,0.056372152360451,75.60941516878943
S15,RS,High,session1,9,240.0,300.0,360.0,112,108,0.9776666666666672,1086.296296296297,55.23354926696212,61.36603682975073,0.0564910669759041,80.59443398828614
S15,RS,High,session1,10,270.0,330.0,390.0,111,107,0.9707666666666668,1088.710280373832,55.111080589225,62.35382907247504,0.0572731149843322,80.57306649408176
S15,RS,High,session1,11,300.0,360.0,420.0,112,108,0.9700666666666666,1077.851851851852,55.66627723180537,70.7166040985982,0.0656088348107398,99.40898385611092
S15,RS,High,session1,12,330.0,390.0,450.0,111,108,0.9820666666666668,1091.1851851851854,54.98608376892267,69.78349266880242,0.0639520162262461,96.2656127061204
S15,RS,High,session1,13,360.0,420.0,480.0,110,108,0.9814333333333336,1090.4814814814815,55.02156709574432,72.66776295982476,0.0666382365898606,95.97775068119756
S15,RS,High,session1,14,390.0,450.0,510.0,112,109,0.9801999999999998,1079.1192660550455,55.6008977759641,75.09892846508895,0.0695927974111975,101.3163111407051
S15,RS,High,session1,15,420.0,480.0,540.0,112,109,0.9781666666666664,1076.880733944954,55.71647640143125,70.50759359613187,0.0654739112453431,87.76122116400302
S16,DMT,High,session2,1,0.0,60.0,120.0,190,187,0.9774,627.2085561497327,95.66196030284428,17.198365730026822,0.027420489662327,48.24639193764497
S16,DMT,High,session2,2,30.0,90.0,150.0,196,194,0.9849,609.2164948453608,98.48715605645243,11.775681155103204,0.0193292224598945,42.47772395279446
S16,DMT,High,session2,3,60.0,120.0,180.0,202,200,0.9858,591.48,101.44045445323594,10.367002820233436,0.0175272246233743,46.42354280570528
S16,DMT,High,session2,4,90.0,150.0,210.0,213,213,1.0026333333333333,564.8638497652582,106.22028657867617,6.27664133236089,0.0111117773512489,21.42836372432232
S16,DMT,High,session2,5,120.0,180.0,240.0,216,216,1.0016000000000005,556.4444444444445,107.82747603833866,5.496722067594551,0.0098782944505493,15.231139054556085
S16,DMT,High,session2,6,150.0,210.0,270.0,217,217,0.9971666666666666,551.4285714285714,108.80829015544042,5.610836076866565,0.0101750913311051,10.415698367693189
S16,DMT,High,session2,7,180.0,240.0,300.0,218,218,0.9980666666666664,549.3944954128439,109.2111415403113,5.961473853583922,0.0108509894135436,9.743265048203147
S16,DMT,High,session2,8,210.0,270.0,330.0,218,218,0.9991333333333334,549.9816513761468,109.09454860879428,6.174124688426174,0.0112260557656377,9.602209472485152
S16,DMT,High,session2,9,240.0,300.0,360.0,215,215,0.9980333333333332,557.0418604651161,107.71183327210184,6.775436669032883,0.0121632450806759,17.498547770960247
S16,DMT,High,session2,10,270.0,330.0,390.0,211,211,1.0011,569.345971563981,105.3840775147338,7.318599918149044,0.0128543983512257,30.78541275436045
S16,DMT,High,session2,11,300.0,360.0,420.0,205,205,1.0021333333333335,586.6146341463416,102.28179882916444,8.303082347570285,0.0141542366389361,33.35890363094384
S16,DMT,High,session2,12,330.0,390.0,450.0,198,198,1.0002666666666664,606.2222222222222,98.97360703812318,9.48629789305115,0.0156482186652236,26.27598759267969
S16,DMT,High,session2,13,360.0,420.0,480.0,191,191,1.001,628.9005235602094,95.4045954045954,10.650426233130103,0.0169349934276377,31.583232555769133
S16,DMT,High,session2,14,390.0,450.0,510.0,188,188,0.9983,637.2127659574468,94.16007212260844,12.523347180323364,0.0196533212285952,28.760814228552324
S16,DMT,High,session2,15,420.0,480.0,540.0,183,183,1.0006,656.1311475409836,91.44513292024784,15.48625764425164,0.0236023814785965,39.06804802070904
S16,DMT,High,session2,16,450.0,510.0,570.0,176,176,0.999166666666667,681.2500000000001,88.07339449541283,21.44707772301655,0.0314819489512169,47.9807699574974
S16,DMT,High,session2,17,480.0,540.0,600.0,174,174,0.996133333333334,686.9885057471267,87.3377057957435,23.93826356333084,0.0348452170059192,51.01048158251539
S16,DMT,High,session2,18,510.0,570.0,630.0,170,170,1.0042333333333335,708.8705882352942,84.64168353968199,28.12651047882688,0.0396779199837402,50.702004030111866
S16,DMT,High,session2,19,540.0,600.0,660.0,166,166,0.998466666666667,721.7831325301206,83.12746210856645,30.22501472540659,0.0418754794386183,52.188016316939446
S16,DMT,High,session2,20,570.0,630.0,690.0,164,164,0.9975666666666664,729.9268292682925,82.20002004878539,30.469536229427803,0.0417432748156026,55.927161325544446
S16,DMT,High,session2,21,600.0,660.0,720.0,162,162,1.0033666666666667,743.2345679012345,80.72821500946813,33.72965225130569,0.0453822436522999,56.49916650952967
S16,DMT,High,session2,22,630.0,690.0,750.0,160,160,0.9985666666666664,748.9249999999998,80.11483125813668,34.248077575397865,0.0457296492644762,53.43867937019004
S16,DMT,High,session2,23,660.0,720.0,780.0,160,160,1.0016333333333327,751.2249999999995,79.86954640753441,35.38965488608884,0.0471092613878516,54.47426834708024
S16,DMT,High,session2,24,690.0,750.0,810.0,160,160,1.0048999999999997,753.6749999999998,79.60991143397355,36.030734609196415,0.0478067265189855,53.971288663511245
S16,DMT,High,session2,25,720.0,780.0,840.0,158,158,0.998,757.9746835443038,79.15831663326652,33.41764284780238,0.0440880725613959,51.87686908514793
S16,DMT,High,session2,26,750.0,810.0,870.0,158,158,0.9967000000000004,756.9873417721521,79.26156315842277,33.42221695201232,0.0441516193306072,56.92894077134756
S16,DMT,High,session2,27,780.0,840.0,900.0,159,159,0.9968000000000008,752.3018867924535,79.75521669341887,31.889048157718115,0.0423886324327613,60.16946055732341
S16,DMT,High,session2,28,810.0,870.0,930.0,161,161,0.9986333333333334,744.3229813664597,80.61016722854568,30.456526394190725,0.0409184280972721,58.59347259768607
S16,DMT,High,session2,29,840.0,900.0,960.0,163,163,1.000866666666666,736.8343558282205,81.42942782921472,30.30218180631084,0.0411248221077455,57.68959764627171
S16,DMT,High,session2,30,870.0,930.0,990.0,166,166,1.0048999999999997,726.4337349397589,82.59528311274755,28.79898988127833,0.0396443453767556,57.02061142940913
S16,DMT,High,session2,31,900.0,960.0,1020.0,166,166,1.000866666666666,723.5180722891561,82.92812895490582,29.59443027041171,0.0409035121635278,52.20527349323726
S16,DMT,High,session2,32,930.0,990.0,1050.0,168,168,0.9972999999999994,712.3571428571424,84.22741401784825,28.263939912928684,0.0396766428136971,50.83038434466483
S16,DMT,High,session2,33,960.0,1020.0,1080.0,168,168,0.996866666666668,712.04761904762,84.26402728549445,27.501115927273787,0.0386225797146224,49.126478527375816
S16,DMT,High,session2,34,990.0,1050.0,1110.0,168,168,0.997999999999999,712.8571428571422,84.16833667334677,27.1151900774135,0.0380373407899588,46.146121175808766
S16,DMT,High,session2,35,1020.0,1080.0,1140.0,169,169,1.0023666666666666,711.7396449704142,84.30048884307139,26.30046170154104,0.0369523629706397,45.326628380560095
S16,RS,High,session2,1,0.0,60.0,120.0,146,145,0.9859666666666668,815.9724137931034,73.53189763007539,23.97915761656395,0.0293872160519437,37.75504837979853
S16,RS,High,session2,2,30.0,90.0,150.0,147,147,0.9971666666666664,814.0136054421766,73.7088417182016,21.43355454127883,0.0263307079856927,35.08228807976703
S16,RS,High,session2,3,60.0,120.0,180.0,147,147,1.0008,816.9795918367346,73.44124700239809,23.73368220974023,0.0290505202906992,37.69696571993328
S16,RS,High,session2,4,90.0,150.0,210.0,146,146,0.9974999999999998,819.86301369863,73.18295739348372,23.13379376136184,0.0282166573864563,36.12213575558207
S16,RS,High,session2,5,120.0,180.0,240.0,148,148,1.0026333333333333,812.9459459459458,73.80564513447922,23.43553903361363,0.028827917957502,37.55916580322123
S16,RS,High,session2,6,150.0,210.0,270.0,147,147,1.0038,819.4285714285714,73.22175732217573,24.166091947191564,0.0294913953330441,39.42045918986486
S16,RS,High,session2,7,180.0,240.0,300.0,148,148,1.0022666666666666,812.6486486486486,73.83264600239457,20.96709440096877,0.0258009343100919,37.2731898076029
S16,RS,High,session2,8,210.0,270.0,330.0,148,148,0.9993333333333332,810.2702702702703,74.04936624416277,20.626909311750268,0.0254568260351821,36.75300803915902
S16,RS,High,session2,9,240.0,300.0,360.0,148,148,1.0011,811.7027027027027,73.91868944161422,18.8455953099144,0.023217361784265,33.359199377711555
S16,RS,High,session2,10,270.0,330.0,390.0,148,148,0.9994,810.3243243243244,74.04442665599359,17.71428571428586,0.0218607354889125,26.5494574335622
S16,RS,High,session2,11,300.0,360.0,420.0,147,147,0.9972666666666667,814.0952380952383,73.7014506317267,20.112015082654207,0.0247047447786463,28.044322389119245
S16,RS,High,session2,12,330.0,390.0,450.0,148,148,1.0029666666666666,813.2162162162163,73.78111602246668,21.363074506751012,0.0262698579796532,31.82147064088839
S16,RS,High,session2,13,360.0,420.0,480.0,150,150,1.0006333333333337,800.5066666666669,74.95253006429259,21.10504249680588,0.0263646055375002,45.734680813172936
S16,RS,High,session2,14,390.0,450.0,510.0,150,150,0.9956666666666668,796.5333333333335,75.32641446267156,22.733944109309903,0.0285411082724848,49.6704126029095
S16,RS,High,session2,15,420.0,480.0,540.0,152,152,0.996933333333333,787.0526315789471,76.23378360304937,20.35707729578501,0.0258649504226237,45.40148923567393
S18,DMT,High,session1,1,0.0,60.0,120.0,180,180,0.9884333333333332,658.9555555555555,91.053181802853,34.234811907891086,0.051953142543928,85.60620651951399
S18,DMT,High,session1,2,30.0,90.0,150.0,183,183,1.0016,656.7868852459017,91.35383386581468,29.63366069444976,0.0451191419319447,78.50634077158266
S18,DMT,High,session1,3,60.0,120.0,180.0,185,185,1.0014666666666665,649.5999999999999,92.36453201970444,27.89109254723118,0.0429357951773879,67.20144925973445
S18,DMT,High,session1,4,90.0,150.0,210.0,182,182,1.0016666666666667,660.4395604395604,90.8485856905158,28.79533418313237,0.0436002564170556,63.21885319033184
S18,DMT,High,session1,5,120.0,180.0,240.0,171,171,1.0022666666666666,703.3450292397661,85.3066382865505,34.96822086678396,0.0497170228167824,70.82931610049478
S18,DMT,High,session1,6,150.0,210.0,270.0,160,160,0.9986000000000002,748.9500000000002,80.11215701982775,38.37189747358551,0.0512342579258769,64.14682450706093
S18,DMT,High,session1,7,180.0,240.0,300.0,152,152,0.9986,788.3684210526316,76.10654916883637,38.09781763578447,0.0483248905187198,59.82819599403865
S18,DMT,High,session1,8,210.0,270.0,330.0,146,146,0.994533333333333,817.4246575342464,73.40126022254995,35.72307281064682,0.0437019760553897,48.88322970542952
S18,DMT,High,session1,9,240.0,300.0,360.0,143,143,1.001333333333333,840.2797202797201,71.40479360852198,30.542512509989905,0.0363480300343588,43.788609618435245
S18,DMT,High,session1,10,270.0,330.0,390.0,138,138,0.9998333333333332,869.4202898550723,69.01150191698618,30.520544713937003,0.0351044771672221,46.71216593812387
S18,DMT,High,session1,11,300.0,360.0,420.0,135,135,0.9994666666666672,888.4148148148153,67.53601921024543,32.14519299733384,0.0361826395297497,47.35202956850388
S18,DMT,High,session1,12,330.0,390.0,450.0,133,133,1.0045333333333335,906.3458646616544,66.19989381470666,34.01425726029628,0.0375290036469621,41.6627959013173
S18,DMT,High,session1,13,360.0,420.0,480.0,131,131,0.9947000000000004,911.1755725190842,65.84899969840151,39.14627401466053,0.0429623830964154,46.45916005003074
S18,DMT,High,session1,14,390.0,450.0,510.0,133,133,1.0025666666666673,904.571428571429,66.32975363234362,40.262773241429954,0.0445103304943161,48.229609557773614
S18,DMT,High,session1,15,420.0,480.0,540.0,132,132,0.9987333333333336,907.939393939394,66.08370602763499,42.4688480351817,0.0467749811481541,54.40472554348572
S18,DMT,High,session1,16,450.0,510.0,570.0,131,131,1.0002999999999995,916.30534351145,65.48035589323206,42.27383260454187,0.0461350933986053,56.79137165365963
S18,DMT,High,session1,17,480.0,540.0,600.0,131,131,1.0053333333333332,920.916030534351,65.15251989389921,40.04305375275504,0.0434817642706474,47.93473739092982
S18,DMT,High,session1,18,510.0,570.0,630.0,129,129,0.9998999999999996,930.1395348837204,64.50645064506455,39.39860403618113,0.0423577351124059,48.36074469967057
S18,DMT,High,session1,19,540.0,600.0,660.0,127,127,0.9971666666666664,942.2047244094484,63.68042787899049,38.30868772948449,0.0406585604349367,49.515003110755735
S18,DMT,High,session1,20,570.0,630.0,690.0,127,127,0.9984666666666668,943.433070866142,63.59751619149362,40.06819583485028,0.0424706288895137,51.38024920870539
S18,DMT,High,session1,21,600.0,660.0,720.0,125,125,0.9955000000000004,955.6800000000004,62.78252134605722,40.54786100718051,0.0424282824870045,47.02943484601115
S18,DMT,High,session1,22,630.0,690.0,750.0,124,124,0.9969000000000005,964.7419354838714,62.19279767278561,40.54426467916077,0.0420260208330485,41.810620459582616
S18,DMT,High,session1,23,660.0,720.0,780.0,125,125,0.9989666666666664,959.0079999999998,62.56465013847644,39.83838317745452,0.0415412417596667,37.70053820100104
S18,DMT,High,session1,24,690.0,750.0,810.0,124,124,0.9950666666666668,962.967741935484,62.30738308991022,39.70787638686701,0.0412348977620553,38.31532319591845
S18,DMT,High,session1,25,720.0,780.0,840.0,126,126,1.0022999999999995,954.571428571428,62.85543250523799,39.410049479802254,0.0412855950850966,44.63244175645205
S18,DMT,High,session1,26,750.0,810.0,870.0,126,126,0.9988,951.2380952380952,63.0756908289948,38.16930704113738,0.0401259235013959,42.59040804151691
S18,DMT,High,session1,27,780.0,840.0,900.0,126,126,1.0061666666666664,958.253968253968,62.61388106675502,37.65782787151207,0.0392983792596531,46.58307615569265
S18,DMT,High,session1,28,810.0,870.0,930.0,125,125,0.9997666666666662,959.7759999999996,62.5145867369053,36.7203907492103,0.0382593342084093,45.35253736188739
S18,DMT,High,session1,29,840.0,900.0,960.0,124,124,0.9972333333333336,965.0645161290324,62.17200922552393,34.72540364828846,0.0359824685996905,39.01589043284655
S18,DMT,High,session1,30,870.0,930.0,990.0,125,125,1.0012999999999996,961.2479999999996,62.41885548786579,35.721142198989185,0.0371612135463368,39.985210168988445
S18,DMT,High,session1,31,900.0,960.0,1020.0,126,126,0.9958333333333332,948.4126984126984,63.26359832635984,36.22507418903144,0.0381954757139578,36.94520696194012
S18,DMT,High,session1,32,930.0,990.0,1050.0,129,129,1.0062000000000002,936.0000000000002,64.10256410256409,34.053267097313025,0.0363816956167874,32.365104665371085
S18,DMT,High,session1,33,960.0,1020.0,1080.0,129,129,1.0005666666666664,930.7596899224804,64.46347069993672,36.19737559547987,0.0388901410185636,40.52097743642141
S18,DMT,High,session1,34,990.0,1050.0,1110.0,128,128,0.999733333333333,937.2499999999995,64.01707121899176,36.68808727682437,0.0391443982681508,46.06807697891492
S18,DMT,High,session1,35,1020.0,1080.0,1140.0,128,128,1.0038666666666671,941.1250000000005,63.75348651879396,35.563406832179524,0.037788186300629,46.70682561526269
S18,RS,High,session1,1,0.0,60.0,120.0,127,127,0.9929333333333332,938.2047244094484,63.95192695044987,44.44793637075959,0.0473755196646843,79.21152499345362
S18,RS,High,session1,2,30.0,90.0,150.0,130,130,1.0023666666666666,925.2615384615384,64.8465298792857,43.478231209967504,0.0469902069875941,70.3480333489461
S18,RS,High,session1,3,60.0,120.0,180.0,131,131,1.0047666666666668,920.3969465648856,65.18926450585542,41.616564749370326,0.0452158874545293,57.40405766806639
S18,RS,High,session1,4,90.0,150.0,210.0,129,129,0.9999666666666668,930.2015503875969,64.50215007166906,41.78666055094633,0.0449221574975172,48.5385445813688
S18,RS,High,session1,5,120.0,180.0,240.0,131,131,0.9952333333333332,911.6641221374044,65.81371202733028,38.73539426972064,0.0424886680622082,51.450440782595805
S18,RS,High,session1,6,150.0,210.0,270.0,132,132,1.002133333333333,911.030303030303,65.85949973390102,37.428812838964696,0.0410840481534671,51.15131562319521
S18,RS,High,session1,7,180.0,240.0,300.0,131,131,1.001,916.9465648854962,65.43456543456544,36.2962172218493,0.0395837866805049,53.41237439123322
S18,RS,High,session1,8,210.0,270.0,330.0,129,129,0.9995,929.7674418604652,64.53226613306653,39.98593502721032,0.043006383345924,63.80420632047779
S18,RS,High,session1,9,240.0,300.0,360.0,126,126,1.001133333333333,953.4603174603172,62.9286808283945,42.153244240508975,0.0442108008782058,50.8477965372973
S18,RS,High,session1,10,270.0,330.0,390.0,126,126,0.9995666666666664,951.968253968254,63.027311835128565,43.418705646299145,0.0456094050041158,51.89156948991759
S18,RS,High,session1,11,300.0,360.0,420.0,125,125,0.9955333333333336,955.712,62.78041920578584,48.34152692878231,0.0505816887606123,63.42315848535198
S18,RS,High,session1,12,330.0,390.0,450.0,125,125,0.9980333333333334,958.112,62.62315887912895,48.30547955292898,0.0504173620129264,63.1344208556171
S18,RS,High,session1,13,360.0,420.0,480.0,126,126,0.9989333333333336,951.3650793650796,63.0672717565403,47.31511386438667,0.049733919071282,64.16860331029241
S18,RS,High,session1,14,390.0,450.0,510.0,125,125,0.9955000000000002,955.6800000000002,62.78252134605725,48.04970544705088,0.0502780276316872,64.01330506860695
S18,RS,High,session1,15,420.0,480.0,540.0,128,128,1.0030333333333337,940.3437500000005,63.80645375693727,44.99798770653567,0.0478527003625383,56.637601585745
S19,DMT,High,session2,1,0.0,60.0,120.0,196,196,0.9948,609.0612244897959,98.51226377161238,20.226410761864685,0.0332091585354298,76.45596236433772
S19,DMT,High,session2,2,30.0,90.0,150.0,219,219,1.0002333333333333,548.0730593607306,109.47445596027596,16.872973884481905,0.0307859939405933,89.1344420876995
S19,DMT,High,session2,3,60.0,120.0,180.0,239,238,0.9977,503.0420168067227,119.27433096121078,14.611349199294136,0.0290459816697738,75.0535555574984
S19,DMT,High,session2,4,90.0,150.0,210.0,254,253,0.998366666666667,473.5335968379448,126.70695469266464,12.35594280939942,0.0260930647622621,42.01874885883943
S19,DMT,High,session2,5,120.0,180.0,240.0,256,255,0.9934333333333336,467.49803921568633,128.34278428346138,7.928534548014242,0.0169595033196627,29.79402710709492
S19,DMT,High,session2,6,150.0,210.0,270.0,249,248,0.9941333333333336,481.0322580645162,124.73175965665234,8.6070494835929,0.0178928737923403,30.454036644046827
S19,DMT,High,session2,7,180.0,240.0,300.0,239,239,0.9985333333333332,501.3556485355648,119.67552410201633,7.756807798760839,0.0154716673112551,30.955156632808023
S19,DMT,High,session2,8,210.0,270.0,330.0,232,232,0.9989666666666668,516.7068965517242,116.11999065701224,7.744848867648447,0.0149888629691884,26.383458428314743
S19,DMT,High,session2,9,240.0,300.0,360.0,229,229,1.0031666666666663,525.6768558951965,114.1385612227945,7.317366988825997,0.0139198956673961,25.322835486746214
S19,DMT,High,session2,10,270.0,330.0,390.0,221,221,0.9987333333333334,542.2986425339367,110.64014418263132,7.336087637031604,0.0135277632316265,23.90286114414336
S19,DMT,High,session2,11,300.0,360.0,420.0,216,216,1.0005666666666668,555.8703703703706,107.93883466035908,6.997674032168277,0.012588679672755,29.43280643679641
S19,DMT,High,session2,12,330.0,390.0,450.0,209,209,0.9979333333333332,572.976076555024,104.71641392210567,8.320502943379278,0.01452155383765,30.08520595284161
S19,DMT,High,session2,13,360.0,420.0,480.0,201,201,0.9993666666666664,596.6368159203979,100.5636903372136,11.19285486370619,0.018759913175052,35.535790941119565
S19,DMT,High,session2,14,390.0,450.0,510.0,194,194,1.0040666666666669,621.0721649484536,96.60713100059756,13.560075503786202,0.0218333331762044,44.016070410205096
S19,DMT,High,session2,15,420.0,480.0,540.0,187,187,0.9995333333333328,641.4117647058821,93.5436537050624,16.234835769822926,0.0253110975868479,47.626418874676
S19,DMT,High,session2,16,450.0,510.0,570.0,183,183,1.0009999999999997,656.3934426229506,91.40859140859143,17.293840610951076,0.0263467601715288,41.3042631524492
S19,DMT,High,session2,17,480.0,540.0,600.0,180,180,0.9955999999999998,663.7333333333332,90.39775010044195,17.138280847012986,0.0258210338193245,33.2186929942422
S19,DMT,High,session2,18,510.0,570.0,630.0,178,178,0.9964666666666664,671.7752808988762,89.31558172208473,17.97172921139235,0.0267525908177881,37.07428877724735
S19,DMT,High,session2,19,540.0,600.0,660.0,175,175,1.0015666666666667,686.7885714285715,87.36313109461842,19.69888263358351,0.0286826010989209,47.98941317293946
S19,DMT,High,session2,20,570.0,630.0,690.0,169,169,0.9974333333333332,708.2366863905326,84.71744143301139,22.390474164998377,0.0316143947288434,52.97565324348174
S19,DMT,High,session2,21,600.0,660.0,720.0,164,164,1.0001000000000004,731.7804878048784,81.99180081991797,25.117148835893072,0.0343233377419463,50.77123585205103
S19,DMT,High,session2,22,630.0,690.0,750.0,161,161,0.9984,744.1490683229814,80.62900641025641,27.43537861958933,0.0368681219764446,51.37876642886104
S19,DMT,High,session2,23,660.0,720.0,780.0,159,159,1.001666666666667,755.9748427672957,79.36772046589017,29.25055446840638,0.0386924971753462,55.719908685024855
S19,DMT,High,session2,24,690.0,750.0,810.0,157,157,1.0016,765.5541401273886,78.37460063897764,31.344242508983644,0.0409432081495476,59.852210603785664
S19,DMT,High,session2,25,720.0,780.0,840.0,154,154,1.0031666666666663,781.6883116883116,76.75693636816747,32.698264030199844,0.0418303095252598,62.85875020130273
S19,DMT,High,session2,26,750.0,810.0,870.0,149,149,0.999533333333334,804.9932885906045,74.534782898686,35.63933447979065,0.0442728343017475,66.17569740943924
S19,DMT,High,session2,27,780.0,840.0,900.0,145,145,0.9972,825.2689655172413,72.70356999598877,37.493703175038455,0.0454321012199205,67.48284300188328
S19,DMT,High,session2,28,810.0,870.0,930.0,142,142,0.9988333333333336,844.0845070422537,71.08293008509926,37.764481041965325,0.0447401660934346,59.18878235651881
S19,DMT,High,session2,29,840.0,900.0,960.0,139,139,0.996066666666667,859.9136690647484,69.77444615487583,36.63371378262321,0.0426016181629795,53.19358711680613
S19,DMT,High,session2,30,870.0,930.0,990.0,139,139,0.999466666666666,862.8489208633088,69.53708644610464,33.177607255320474,0.0384512357298021,43.67533606866762
S19,DMT,High,session2,31,900.0,960.0,1020.0,141,141,1.001266666666667,852.1418439716314,70.41081297023769,30.299457798068467,0.0355568242686568,47.2474612409837
S19,DMT,High,session2,32,930.0,990.0,1050.0,141,141,0.9997333333333328,850.8368794326237,70.5188050146706,32.82507752139132,0.0385797540220406,52.159182743579855
S19,DMT,High,session2,33,960.0,1020.0,1080.0,140,140,0.9994,856.6285714285714,70.04202521512909,34.96843386407459,0.0408209987740181,56.85528048306332
S19,DMT,High,session2,34,990.0,1050.0,1110.0,139,139,1.0036999999999996,866.5035971223017,69.24379794759393,33.04630041342646,0.0381375224790465,58.30707990181888
S19,DMT,High,session2,35,1020.0,1080.0,1140.0,136,136,1.000066666666666,882.4117647058819,67.99546696886878,32.34261035296755,0.0366525148990366,50.390544466967846
S19,RS,High,session2,1,0.0,60.0,120.0,137,137,0.9885,865.8394160583941,69.29691451694487,28.62331423240571,0.0330584559925778,61.02075750689528
S19,RS,High,session2,2,30.0,90.0,150.0,141,141,0.9969666666666668,848.4822695035461,70.71450065197766,26.86474056666616,0.0316621119052787,56.19654321306861
S19,RS,High,session2,3,60.0,120.0,180.0,139,139,0.9981333333333332,861.6978417266187,69.62997595511622,32.60656997902578,0.0378399113936396,67.16620685385023
S19,RS,High,session2,4,90.0,150.0,210.0,137,137,0.9960666666666668,872.4671532846716,68.77049728933807,38.96302923360545,0.0446584482715677,77.85667932875984
S19,RS,High,session2,5,120.0,180.0,240.0,136,136,0.9990333333333332,881.5,68.06579693703914,43.660644198773234,0.0495299423695669,86.39881686432771
S19,RS,High,session2,6,150.0,210.0,270.0,133,133,0.9992666666666667,901.593984962406,66.54880245513377,48.84483782159672,0.0541760910523747,87.67009766249485
S19,RS,High,session2,7,180.0,240.0,300.0,134,134,0.9956666666666668,891.6417910447761,67.2915969199866,48.6645723448148,0.0545786131085134,93.99723264084206
S19,RS,High,session2,8,210.0,270.0,330.0,137,137,0.9988666666666663,874.9197080291968,68.57772141760664,43.680659335683465,0.0499253347876646,90.03333193177845
S19,RS,High,session2,9,240.0,300.0,360.0,139,139,0.9987333333333336,862.2158273381297,69.58814498364593,37.15537295103307,0.0430928913306321,79.08487117729564
S19,RS,High,session2,10,270.0,330.0,390.0,141,141,1.0002,851.2340425531913,70.48590281943612,34.695409329931024,0.0407589541718345,73.91719675206846
S19,RS,High,session2,11,300.0,360.0,420.0,140,140,1.0048,861.257142857143,69.6656050955414,38.96355057462423,0.0452403221241987,78.32650455317923
S19,RS,High,session2,12,330.0,390.0,450.0,137,137,0.9989666666666668,875.0072992700732,68.57085655177015,46.12132338287999,0.0527096441610877,88.52222189856325
S19,RS,High,session2,13,360.0,420.0,480.0,136,136,1.001966666666667,884.0882352941177,67.86652915932,50.77182070576115,0.0574284541733217,96.31856638746768
S19,RS,High,session2,14,390.0,450.0,510.0,136,136,1.0044333333333335,886.2647058823532,67.69986393654796,50.31692153334262,0.0567741456918875,97.04823049079424
S19,RS,High,session2,15,420.0,480.0,540.0,136,136,0.9974,880.0588235294117,68.17726087828355,47.855337563674375,0.0543774305582824,92.41963593714163
S20,DMT,High,session2,1,0.0,60.0,120.0,166,157,0.8834000000000001,675.2101910828027,88.86121802128139,41.3353271611971,0.0612184586475355,109.58611131394343
S20,DMT,High,session2,2,30.0,90.0,150.0,174,167,0.9034333333333336,649.1736526946108,92.42519278308671,37.33187259777426,0.0575067586967153,109.11279573544054
S20,DMT,High,session2,3,60.0,120.0,180.0,181,174,0.9006333333333333,621.1264367816092,96.59868981087384,45.204893019904944,0.0727788906460588,112.95349747508637
S20,DMT,High,session2,4,90.0,150.0,210.0,185,175,0.882833333333333,605.3714285714284,99.1127053048896,44.050238698690364,0.0727656387792223,88.6617898087181
S20,DMT,High,session2,5,120.0,180.0,240.0,185,179,0.9567999999999998,641.4301675977651,93.54096989966558,49.2280988286721,0.076747401845843,115.58123455575422
S20,DMT,High,session2,6,150.0,210.0,270.0,176,172,0.9654999999999996,673.6046511627903,89.0730191610565,56.19998104823828,0.083431699812679,113.44239118861576
S20,DMT,High,session2,7,180.0,240.0,300.0,167,162,0.9645999999999996,714.5185185185184,83.97263114244248,53.30400037235642,0.074601286028075,85.62914566087531
S20,DMT,High,session2,8,210.0,270.0,330.0,171,170,0.9964999999999996,703.4117647058822,85.29854490717513,49.79672966886744,0.0707931430315058,87.35499147346346
S20,DMT,High,session2,9,240.0,300.0,360.0,174,172,0.9864,688.1860465116279,87.18572587185726,47.96645770837045,0.069699840546767,78.75738326148725
S20,DMT,High,session2,10,270.0,330.0,390.0,170,168,0.9927666666666668,709.1190476190476,84.61202699526577,44.27024447023714,0.0624299186700453,94.14670737347792
S20,DMT,High,session2,11,300.0,360.0,420.0,163,161,0.9893666666666672,737.4161490683233,81.36518311377645,49.79858164824663,0.0675311785769322,102.123856113925
S20,DMT,High,session2,12,330.0,390.0,450.0,155,152,0.9764666666666666,770.8947368421052,77.83163787806377,55.89952376144593,0.0725125248492846,95.19774872781454
S20,DMT,High,session2,13,360.0,420.0,480.0,149,147,0.9914666666666666,809.3605442176871,74.13259817105971,55.72252686301847,0.0688475948835371,84.59994054033197
S20,DMT,High,session2,14,390.0,450.0,510.0,145,143,0.9843666666666664,826.0419580419579,72.63553553892521,54.02433314191197,0.065401439498268,88.24532658302384
S20,DMT,High,session2,15,420.0,480.0,540.0,142,139,0.9782666666666662,844.5467625899277,71.04402344282407,51.73347988659356,0.061255909297367,98.64496601019924
S20,DMT,High,session2,16,450.0,510.0,570.0,135,133,0.9847999999999996,888.5413533834582,67.52640129975633,48.04869325046301,0.0540759223726609,102.5407909431428
S20,DMT,High,session2,17,480.0,540.0,600.0,131,129,0.9855999999999994,916.837209302325,65.44237012987017,56.720982372224654,0.0618659253755494,109.70605546026805
S20,DMT,High,session2,18,510.0,570.0,630.0,127,125,0.9872333333333332,947.7439999999998,63.3082351352264,55.82173030076134,0.0588995871255965,88.32015661510297
S20,DMT,High,session2,19,540.0,600.0,660.0,124,123,0.9953999999999996,971.121951219512,61.78420735382762,58.17613608617654,0.0599061075832137,68.24168541989859
S20,DMT,High,session2,20,570.0,630.0,690.0,123,122,0.997733333333334,981.3770491803284,61.138580783108345,56.965486627138496,0.058046483433373,71.82673457345298
S20,DMT,High,session2,21,600.0,660.0,720.0,120,119,0.9897000000000002,998.0168067226894,60.11922804890369,50.01059716759709,0.0501099749330104,68.86759381488463
S20,DMT,High,session2,22,630.0,690.0,750.0,119,118,0.9947999999999998,1011.6610169491524,59.30840369923604,48.245064067698166,0.0476889622703758,64.48019908600062
S20,DMT,High,session2,23,660.0,720.0,780.0,116,116,0.9960666666666668,1030.4137931034484,58.22903420119135,40.08165578459412,0.0388986017586918,53.54852638178751
S20,DMT,High,session2,24,690.0,750.0,810.0,117,117,0.998,1023.5897435897436,58.61723446893788,46.35396051226461,0.0452856828651883,65.05463934874858
S20,DMT,High,session2,25,720.0,780.0,840.0,117,117,0.995933333333333,1021.4700854700852,58.738871410402325,39.835870164012654,0.038998567584757,60.13685149516236
S20,DMT,High,session2,26,750.0,810.0,870.0,116,116,1.0000333333333336,1034.5172413793105,57.99806673110896,41.16393524940657,0.0397904777251688,61.40506745249729
S20,DMT,High,session2,27,780.0,840.0,900.0,115,115,0.997133333333333,1040.4869565217386,57.66530721401353,41.201260413356216,0.0395980556556793,64.76765020120749
S20,DMT,High,session2,28,810.0,870.0,930.0,114,114,1.0025333333333333,1055.298245614035,56.855964888948,31.93577625970423,0.030262322895384,46.6665690774614
S20,DMT,High,session2,29,840.0,900.0,960.0,116,116,1.0071333333333343,1041.8620689655183,57.589197060965056,40.82965674072965,0.0391891191328906,68.88817612330405
S20,DMT,High,session2,30,870.0,930.0,990.0,116,116,0.9997000000000004,1034.172413793104,58.01740522156644,40.26520776703825,0.0389347145891803,67.18259037708653
S20,DMT,High,session2,31,900.0,960.0,1020.0,118,118,1.002733333333334,1019.7288135593228,58.83917292733192,40.87086187528083,0.0400801284928124,63.471598200044326
S20,DMT,High,session2,32,930.0,990.0,1050.0,118,118,0.9933,1010.1355932203392,59.39796637471055,40.32856509217785,0.0399239125547584,59.90689574825419
S20,DMT,High,session2,33,960.0,1020.0,1080.0,116,116,0.998799999999999,1033.2413793103435,58.06968362034448,32.74566018375116,0.0316921687801623,41.46672226583885
S20,DMT,High,session2,34,990.0,1050.0,1110.0,116,116,1.0002333333333338,1034.7241379310349,57.98646982370778,35.52733179324917,0.0343350758824349,45.27204458592088
S20,DMT,High,session2,35,1020.0,1080.0,1140.0,113,112,0.9683000000000004,1037.464285714286,57.83331612103685,33.05687155125239,0.0318631417066014,40.46217866338223
S20,RS,High,session2,1,0.0,60.0,120.0,119,119,0.9859333333333332,994.218487394958,60.34890797214146,39.903272878808416,0.0401353157125076,63.83601338172884
S20,RS,High,session2,2,30.0,90.0,150.0,120,120,0.9970333333333332,997.0333333333332,60.17852963792585,37.6699510231169,0.0377820377350642,55.341860906798345
S20,RS,High,session2,3,60.0,120.0,180.0,122,122,0.9957,979.3770491803278,61.26343276087175,32.61597235853186,0.0333027738252894,54.86939080597663
S20,RS,High,session2,4,90.0,150.0,210.0,125,125,1.0012333333333332,961.184,62.42301161900323,33.516486073419415,0.0348699999931536,58.66036525297935
S20,RS,High,session2,5,120.0,180.0,240.0,127,127,1.0049666666666666,949.5748031496062,63.18617532919832,35.67044928762502,0.0375646543793192,60.33590098259595
S20,RS,High,session2,6,150.0,210.0,270.0,127,127,1.0046666666666668,949.2913385826772,63.20504313205042,34.60250472629616,0.0364508800617087,58.55808542659961
S20,RS,High,session2,7,180.0,240.0,300.0,126,126,1.001766666666667,954.0634920634922,62.88889628323295,39.10682804831149,0.0409897542182747,61.991966709469935
S20,RS,High,session2,8,210.0,270.0,330.0,126,126,1.0049,957.0476190476192,62.69280525425415,39.33039537050325,0.0410955469589296,62.51717935324413
S20,RS,High,session2,9,240.0,300.0,360.0,124,124,0.9987333333333333,966.516129032258,62.07863293505108,43.12960238196192,0.0446237792484086,66.14980336861821
S20,RS,High,session2,10,270.0,330.0,390.0,125,125,0.9994999999999998,959.52,62.531265632816414,44.96450212793382,0.0468614537768194,67.59576241728605
S20,RS,High,session2,11,300.0,360.0,420.0,125,125,1.000033333333333,960.0319999999996,62.49791673610881,42.26032990726576,0.0440197096630797,68.02939781992748
S20,RS,High,session2,12,330.0,390.0,450.0,124,124,0.9966333333333334,964.483870967742,62.20943844275728,52.41485546265076,0.0543449787398298,71.54434452613427
S20,RS,High,session2,13,360.0,420.0,480.0,126,126,1.003,955.2380952380952,62.81156530408774,48.97150191692895,0.0512662781782406,68.36460236952136
S20,RS,High,session2,14,390.0,450.0,510.0,125,125,0.9951333333333332,955.328,62.80565418369399,49.03718141665816,0.0513302043032949,70.39013127310693
S20,RS,High,session2,15,420.0,480.0,540.0,125,125,0.9949999999999996,955.1999999999996,62.814070351758815,48.47613313652976,0.0507497206203201,68.62144873001705
S04,DMT,Low,session2,1,0.0,60.0,120.0,202,188,0.8669666666666667,553.3829787234042,108.42400707447425,31.219411996276342,0.0564155624524198,66.5549680557202
S04,DMT,Low,session2,2,30.0,90.0,150.0,207,194,0.8750666666666664,541.2783505154638,110.84869724211492,31.390134446040484,0.0579925918266404,61.45333833991465
S04,DMT,Low,session2,3,60.0,120.0,180.0,218,211,0.9398666666666669,534.5213270142181,112.24996453397644,16.39512122553412,0.0306725296016074,40.66791493176546
S04,DMT,Low,session2,4,90.0,150.0,210.0,210,203,0.9338999999999996,552.0591133004924,108.6840132776529,18.170093127552203,0.0329133107121845,44.67613327447196
S04,DMT,Low,session2,5,120.0,180.0,240.0,205,201,0.9530999999999996,569.0149253731341,105.44538873150776,19.346912681432933,0.0340007121408038,40.49894783965868
S04,DMT,Low,session2,6,150.0,210.0,270.0,203,201,0.9810333333333336,585.6915422885573,102.44300227651114,16.36763567188195,0.0279458289732617,39.34367011489233
S04,DMT,Low,session2,7,180.0,240.0,300.0,195,193,0.9769333333333332,607.4196891191708,98.7784905145353,19.29652872779272,0.0317680329983621,48.78689870569336
S04,DMT,Low,session2,8,210.0,270.0,330.0,188,187,0.9912666666666664,636.1069518716575,94.3237608447105,24.517713587732302,0.0385433825484728,61.71238617429803
S04,DMT,Low,session2,9,240.0,300.0,360.0,182,182,1.0009,659.934065934066,90.91817364372064,25.693475750329387,0.0389333981629862,58.80049652096213
S04,DMT,Low,session2,10,270.0,330.0,390.0,176,176,0.999733333333333,681.6363636363634,88.02347292611366,31.759093186049057,0.0465924279870018,60.1761569903716
S04,DMT,Low,session2,11,300.0,360.0,420.0,172,171,0.9957666666666668,698.7836257309943,85.8634887691226,31.361982789630567,0.044880820950581,57.69549855782105
S04,DMT,Low,session2,12,330.0,390.0,450.0,169,168,0.9919333333333336,708.5238095238097,84.68311042408762,31.736869972677525,0.044792947740186,62.49971998796703
S04,DMT,Low,session2,13,360.0,420.0,480.0,168,167,0.9915000000000004,712.4550898203595,84.2158345940494,33.42436055914714,0.0469143403376834,65.94253673956209
S04,DMT,Low,session2,14,390.0,450.0,510.0,166,165,0.996833333333334,724.9696969696975,82.7620799197458,33.05618938174387,0.0455966497909023,68.45351139619181
S04,DMT,Low,session2,15,420.0,480.0,540.0,165,165,0.9999333333333332,727.2242424242422,82.50550036669114,36.66725794054099,0.0504208410576477,71.56085177163823
S04,DMT,Low,session2,16,450.0,510.0,570.0,166,166,0.9988000000000004,722.0240963855425,83.09971966359628,35.17712755514128,0.0487201573067134,66.54886122990266
S04,DMT,Low,session2,17,480.0,540.0,600.0,164,164,1.0022333333333333,733.3414634146341,81.81727475305152,35.74414877681931,0.0487414806881162,61.82544585282536
S04,DMT,Low,session2,18,510.0,570.0,630.0,163,163,0.9945000000000004,732.1472392638038,81.95072900955252,33.751451729184524,0.0460992679056232,53.29237236423225
S04,DMT,Low,session2,19,540.0,600.0,660.0,165,165,1.0026000000000002,729.1636363636364,82.28605625374027,31.46659087768562,0.0431543611179111,47.334859390576106
S04,DMT,Low,session2,20,570.0,630.0,690.0,164,162,0.9898666666666668,733.2345679012345,81.8292025862069,33.3041694366223,0.0454208937965787,48.86240577641774
S04,DMT,Low,session2,21,600.0,660.0,720.0,161,159,0.9824666666666672,741.4842767295602,80.91877587025849,35.5986115810277,0.0480099345302928,54.70945760299642
S04,DMT,Low,session2,22,630.0,690.0,750.0,159,157,0.9896666666666666,756.4331210191082,79.31963624115865,37.367572624818,0.049399704463594,62.265897350709366
S04,DMT,Low,session2,23,660.0,720.0,780.0,152,150,0.9811666666666666,784.9333333333333,76.43961270596229,40.222354951417735,0.0512430205768019,64.54701908979123
S04,DMT,Low,session2,24,690.0,750.0,810.0,152,152,1.0004333333333326,789.8157894736836,75.96708093159637,42.82105071230946,0.0542165037506334,67.02588420166424
S04,DMT,Low,session2,25,720.0,780.0,840.0,153,153,1.0015333333333332,785.5163398692808,76.38287958463691,42.88417693717721,0.0545936153846445,73.19189851047639
S04,DMT,Low,session2,26,750.0,810.0,870.0,155,155,0.9970666666666658,771.9225806451607,77.72800213960959,41.57046903877713,0.053853158439844,73.03366378078681
S04,DMT,Low,session2,27,780.0,840.0,900.0,156,154,0.9812000000000002,764.5714285714288,78.47533632286994,43.8742221403494,0.057384072306137,74.6532601009318
S04,DMT,Low,session2,28,810.0,870.0,930.0,155,153,0.9828000000000012,770.8235294117657,77.83882783882774,43.282530926962544,0.0561510245542095,71.08465280056683
S04,DMT,Low,session2,29,840.0,900.0,960.0,153,151,0.9831000000000008,781.2715231788086,76.79788424371878,45.90389727718714,0.0587553698238162,72.63625667436683
S04,DMT,Low,session2,30,870.0,930.0,990.0,152,150,0.9831333333333344,786.5066666666675,76.28670238014504,47.12834689526668,0.0599211028877906,75.8459005246695
S04,DMT,Low,session2,31,900.0,960.0,1020.0,156,156,1.0029666666666666,771.5128205128206,77.76928445611352,42.16098180896985,0.05464715645418,70.68526215687982
S04,DMT,Low,session2,32,930.0,990.0,1050.0,153,153,0.9963666666666664,781.4640522875815,76.77896356762908,48.287516093974055,0.0617910906491756,84.1861991865119
S04,DMT,Low,session2,33,960.0,1020.0,1080.0,154,153,0.9936666666666656,779.3464052287574,76.98758805769884,47.76543126405313,0.0612890890925875,79.27229225416457
S04,DMT,Low,session2,34,990.0,1050.0,1110.0,153,152,0.9961666666666664,786.4473684210525,76.29245440856619,51.96409016491496,0.0660744663298232,81.32941677379095
S04,DMT,Low,session2,35,1020.0,1080.0,1140.0,152,151,0.9888666666666666,785.8543046357615,76.3500303377604,52.11036300859264,0.0663104632769625,81.42566322326054
S04,RS,Low,session2,1,0.0,60.0,120.0,156,156,0.9925333333333334,763.4871794871794,78.58678130037615,49.58667875223564,0.0649476246418991,99.07100660992126
S04,RS,Low,session2,2,30.0,90.0,150.0,156,156,1.0037333333333334,772.1025641025641,77.70988310308184,50.9927256039143,0.0660439790964618,97.78126870475757
S04,RS,Low,session2,3,60.0,120.0,180.0,154,154,0.9949,775.2467532467532,77.39471303648608,53.3019515516614,0.0687548207437586,102.16354386605845
S04,RS,Low,session2,4,90.0,150.0,210.0,157,157,1.0009333333333337,765.0445859872614,78.42680165179164,46.62672283199042,0.0609464123869596,92.00573727575043
S04,RS,Low,session2,5,120.0,180.0,240.0,151,151,0.9939666666666668,789.9072847682119,75.95828163251619,53.9046071005688,0.0682416887905856,93.7740085520066
S04,RS,Low,session2,6,150.0,210.0,270.0,152,152,1.0,789.4736842105264,76.0,54.96681720254169,0.0696246351232194,91.76033766172527
S04,RS,Low,session2,7,180.0,240.0,300.0,152,152,1.003866666666667,792.5263157894736,75.70726524106787,55.17845822108252,0.0696235028689446,91.1881068235983
S04,RS,Low,session2,8,210.0,270.0,330.0,150,149,0.9926666666666664,799.4630872483219,75.05036937541976,57.48279837345772,0.0719017541776796,85.77614828569196
S04,RS,Low,session2,9,240.0,300.0,360.0,151,145,0.9553999999999996,790.6758620689653,75.88444630521249,56.352487406319774,0.0712712884125006,77.18240325130903
S04,RS,Low,session2,10,270.0,330.0,390.0,153,147,0.9525333333333332,777.5782312925168,77.16265397536397,56.58831824889082,0.0727750803347822,83.19715198382877
S04,RS,Low,session2,11,300.0,360.0,420.0,160,154,0.9526999999999995,742.363636363636,80.82292432035271,51.01633725255717,0.0687214927477503,86.79943210725263
S04,RS,Low,session2,12,330.0,390.0,450.0,160,153,0.9444000000000002,740.7058823529413,81.00381194409147,56.39363094125317,0.0761349845934961,93.2174793266404
S04,RS,Low,session2,13,360.0,420.0,480.0,160,157,0.9751,745.2993630573249,80.50456363449902,53.86274041668008,0.0722699402233854,91.03757078516249
S04,RS,Low,session2,14,390.0,450.0,510.0,157,153,0.9676666666666668,758.9542483660131,79.05614881157423,55.77615857847957,0.0734908048786373,90.86342700284314
S04,RS,Low,session2,15,420.0,480.0,540.0,151,147,0.9635666666666668,786.5850340136057,76.27910194762512,59.357869262269325,0.0754627493475074,74.63783273819669
S06,DMT,Low,session1,1,0.0,60.0,120.0,162,162,0.9895,732.9629629629629,81.85952501263264,44.66020780841346,0.0609310566360365,86.63630619673708
S06,DMT,Low,session1,2,30.0,90.0,150.0,159,159,0.9739333333333337,735.0440251572329,81.6277637073037,39.22541155159995,0.0533647104242623,84.15231413080095
S06,DMT,Low,session1,3,60.0,120.0,180.0,140,137,0.8771333333333333,768.2919708029198,78.0953104811127,97.11390791802825,0.1264023465148767,190.76788176857693
S06,DMT,Low,session1,4,90.0,150.0,210.0,140,137,0.8766666666666667,767.8832116788321,78.13688212927757,98.00136053477416,0.1276253459435747,188.87589551675555
S06,DMT,Low,session1,5,120.0,180.0,240.0,140,137,0.8742333333333333,765.7518248175182,78.35436763640523,97.41062380269284,0.1272091304854627,186.4105912882625
S06,DMT,Low,session1,6,150.0,210.0,270.0,143,140,0.9039000000000004,774.7714285714288,77.4421949330678,96.90758038817536,0.1250789288485502,185.7352623144276
S06,DMT,Low,session1,7,180.0,240.0,300.0,155,155,0.9974,772.1806451612903,77.7020252656908,35.893059054802634,0.0464827230256534,78.19833848898698
S06,DMT,Low,session1,8,210.0,270.0,330.0,148,148,1.0012333333333332,811.8108108108108,73.90884575689982,42.587085647474375,0.0524593724059177,66.62202771012534
S06,DMT,Low,session1,9,240.0,300.0,360.0,144,144,0.9968,830.6666666666665,72.23113964686999,42.13066587407093,0.0507191001694272,69.09282293999854
S06,DMT,Low,session1,10,270.0,330.0,390.0,140,140,0.9949666666666664,852.8285714285711,70.3541157157694,39.622680809506186,0.0464603111773498,61.63713059875424
S06,DMT,Low,session1,11,300.0,360.0,420.0,140,140,1.0022333333333335,859.057142857143,69.84401503309275,45.93645908623184,0.0534731123164304,65.14198895943183
S06,DMT,Low,session1,12,330.0,390.0,450.0,137,137,0.9995333333333336,875.5036496350367,68.5319815914093,38.79508762110627,0.0443117371781127,66.58995729877549
S06,DMT,Low,session1,13,360.0,420.0,480.0,136,136,1.0035333333333336,885.4705882352944,67.76057928652094,35.88624001232621,0.0405278735275058,64.46094897963552
S06,DMT,Low,session1,14,390.0,450.0,510.0,133,133,0.9999333333333332,902.1954887218044,66.5044336289086,34.96665077851598,0.038757288432084,67.55014508279307
S06,DMT,Low,session1,15,420.0,480.0,540.0,131,131,0.9964666666666664,912.7938931297708,65.73225396400616,27.04981160178847,0.029634084764788,54.980656396627175
S06,DMT,Low,session1,16,450.0,510.0,570.0,130,130,1.000166666666667,923.2307692307696,64.98916847192133,30.03254049147392,0.0325298305606699,53.02413352274486
S06,DMT,Low,session1,17,480.0,540.0,600.0,130,130,1.001566666666666,924.5230769230762,64.89832595600231,29.67733455090112,0.0321001555198285,53.18363905683015
S06,DMT,Low,session1,18,510.0,570.0,630.0,131,131,1.0072666666666663,922.6870229007632,65.02746707260575,34.64989732474004,0.037553250955895,56.15460580732537
S06,DMT,Low,session1,19,540.0,600.0,660.0,125,122,0.9670666666666656,951.2131147540974,63.07734730456369,43.75690421712132,0.0460011574045981,67.51237774582775
S06,DMT,Low,session1,20,570.0,630.0,690.0,126,121,0.956466666666666,948.561983471074,63.25364187635049,47.99434994995121,0.0505969570637075,76.90566651878949
S06,DMT,Low,session1,21,600.0,660.0,720.0,122,117,0.9539000000000006,978.3589743589748,61.32718314288706,54.31422546367341,0.0555156408712459,83.48636699965179
S06,DMT,Low,session1,22,630.0,690.0,750.0,120,115,0.9568666666666672,998.469565217392,60.09196683620144,52.87046164244651,0.0529515004605426,80.88038837377901
S06,DMT,Low,session1,23,660.0,720.0,780.0,122,120,0.9917333333333346,991.7333333333346,60.50013444474313,48.863698355204974,0.0492710053326212,74.16671356181264
S06,DMT,Low,session1,24,690.0,750.0,810.0,119,119,0.9962,1004.5714285714284,59.72696245733789,41.56921938164657,0.0413800534231407,62.33270102789719
S06,DMT,Low,session1,25,720.0,780.0,840.0,119,119,0.9974999999999996,1005.882352941176,59.64912280701757,38.72545696243363,0.0384989923018346,51.05483533776164
S06,DMT,Low,session1,26,750.0,810.0,870.0,122,122,0.9962999999999994,979.9672131147536,61.22653819130788,46.00107796077674,0.0469414459434471,71.50332991450892
S06,DMT,Low,session1,27,780.0,840.0,900.0,122,122,1.0038666666666662,987.4098360655734,60.76504183822556,43.52865494881288,0.0440836756521049,71.83943921286516
S06,DMT,Low,session1,28,810.0,870.0,930.0,121,121,1.002266666666667,993.9834710743804,60.363176799255,42.55349574358955,0.0428110697832773,71.96318311829718
S06,DMT,Low,session1,29,840.0,900.0,960.0,127,125,0.9947333333333336,954.9440000000004,62.83090945647073,53.80230965850526,0.0563408007783757,97.11070370558195
S06,DMT,Low,session1,30,870.0,930.0,990.0,122,120,0.9895333333333336,989.5333333333336,60.63464259246782,50.80547786603428,0.0513428665357753,98.53813264637093
S06,DMT,Low,session1,31,900.0,960.0,1020.0,122,120,0.9828999999999996,982.8999999999996,61.04384983212943,51.56159705243813,0.0524586397928966,98.54192470400432
S06,DMT,Low,session1,32,930.0,990.0,1050.0,124,122,0.9893666666666672,973.1475409836067,61.65560459553247,52.9632820329039,0.0544247195850398,98.31839592555222
S06,DMT,Low,session1,33,960.0,1020.0,1080.0,118,118,0.9957666666666672,1012.6440677966108,59.25082850734773,44.2170249920262,0.0436649227484608,66.63377719785242
S06,DMT,Low,session1,34,990.0,1050.0,1110.0,120,120,0.9986333333333336,998.6333333333336,60.082112220034034,44.58586277805827,0.0446468801809722,60.53763789776099
S06,DMT,Low,session1,35,1020.0,1080.0,1140.0,120,120,1.0043333333333342,1004.3333333333342,59.74112180550941,43.86993764038375,0.0436806548029044,63.329647541278256
S06,RS,Low,session1,1,0.0,60.0,120.0,119,119,0.9449,952.8403361344537,62.969626415493714,59.85405980028647,0.0628164630845776,63.88522324480535
S06,RS,Low,session1,2,30.0,90.0,150.0,125,125,0.9976666666666668,957.7600000000002,62.646174406949534,68.07680671787827,0.0710791917786066,68.65603843001212
S06,RS,Low,session1,3,60.0,120.0,180.0,126,126,0.9964333333333334,948.984126984127,63.22550429866524,52.87630849444869,0.0557188545002219,62.83680248096489
S06,RS,Low,session1,4,90.0,150.0,210.0,129,129,1.0057333333333336,935.5658914728684,64.13230810022536,49.24936547814665,0.0526412580097517,57.734825517354906
S06,RS,Low,session1,5,120.0,180.0,240.0,128,128,0.9977666666666668,935.40625,64.14325326562656,49.16435556648481,0.0525593618457058,60.53221144190308
S06,RS,Low,session1,6,150.0,210.0,270.0,130,130,0.9991333333333332,922.2769230769228,65.05638219790487,35.142235901917665,0.0381037788354014,58.75807915876849
S06,RS,Low,session1,7,180.0,240.0,300.0,130,130,1.0052,927.876923076923,64.66374850775965,34.39307664240194,0.0370664209735396,57.68223772183809
S06,RS,Low,session1,8,210.0,270.0,330.0,130,130,0.997,920.3076923076922,65.19558676028085,36.46044899730487,0.0396176727653764,59.67273099239336
S06,RS,Low,session1,9,240.0,300.0,360.0,128,128,1.000133333333333,937.6249999999998,63.991467804292775,60.17611946885674,0.0641793035263103,77.43679159749048
S06,RS,Low,session1,10,270.0,330.0,390.0,127,127,0.9993333333333336,944.2519685039372,63.5423615743829,58.298629132505845,0.0617405428604756,66.96836122247727
S06,RS,Low,session1,11,300.0,360.0,420.0,125,125,0.9949666666666668,955.168,62.81617474622264,73.035563586426,0.0764635787488965,84.73457001034863
S06,RS,Low,session1,12,330.0,390.0,450.0,124,124,1.0005666666666666,968.290322580645,61.96488656428025,74.90959320722204,0.0773627407610315,82.8094859451301
S06,RS,Low,session1,13,360.0,420.0,480.0,127,127,1.0028333333333337,947.5590551181106,63.32059165697189,56.83392682276814,0.0599792978767787,73.44446703995328
S06,RS,Low,session1,14,390.0,450.0,510.0,125,125,1.0062666666666669,966.0160000000002,62.11077249238107,57.93656152457383,0.059974743197394,78.88190274483276
S06,RS,Low,session1,15,420.0,480.0,540.0,128,128,1.0033333333333336,940.6250000000002,63.787375415282376,42.52206467532154,0.0452061817146275,72.28715702575445
S07,DMT,Low,session1,1,0.0,60.0,120.0,211,211,0.9944333333333332,565.5545023696683,106.09057084436697,14.139441627017565,0.0250010238938483,85.52009296686202
S07,DMT,Low,session1,2,30.0,90.0,150.0,232,232,1.0003333333333335,517.4137931034484,115.96134621792734,11.125416476469956,0.0215019711974427,51.5599208361721
S07,DMT,Low,session1,3,60.0,120.0,180.0,236,236,0.9963,506.59322033898303,118.43822141925124,11.01797371030045,0.0217491534982008,42.18041035445719
S07,DMT,Low,session1,4,90.0,150.0,210.0,228,228,0.9979333333333332,525.2280701754386,114.23608791502438,17.084397911029615,0.0325275796956606,72.92335425814798
S07,DMT,Low,session1,5,120.0,180.0,240.0,209,209,0.9983,573.1866028708134,104.67795251928275,30.392306718843685,0.0530234073277766,112.746689412595
S07,DMT,Low,session1,6,150.0,210.0,270.0,184,184,1.0003,652.3695652173913,91.97240827751676,40.28315082558946,0.0617489732405983,125.13788830933794
S07,DMT,Low,session1,7,180.0,240.0,300.0,165,165,1.0033333333333332,729.6969696969696,82.22591362126246,47.09512946698656,0.0645406674589101,113.66630795416884
S07,DMT,Low,session1,8,210.0,270.0,330.0,158,155,0.9828333333333336,760.9032258064518,78.85365440054262,51.705644606855934,0.0679529838397716,95.45358389205872
S07,DMT,Low,session1,9,240.0,300.0,360.0,152,147,0.961,784.4897959183673,76.4828303850156,57.08832562859843,0.0727712787669438,99.0153141155952
S07,DMT,Low,session1,10,270.0,330.0,390.0,150,142,0.9375333333333336,792.2816901408453,75.73064068833106,60.071976293163225,0.0758214875349247,100.27213794562766
S07,DMT,Low,session1,11,300.0,360.0,420.0,147,138,0.9337333333333332,811.9420289855072,73.89690132800229,75.07733386719327,0.0924663722125577,120.91812806656932
S07,DMT,Low,session1,12,330.0,390.0,450.0,136,130,0.9522333333333332,878.9846153846152,68.26058038996047,80.29074152480439,0.0913448769403907,131.93121208690164
S07,DMT,Low,session1,13,360.0,420.0,480.0,130,126,0.9665333333333332,920.5079365079364,65.18140433163195,79.85841128934581,0.0867547232588768,123.62315291444344
S07,DMT,Low,session1,14,390.0,450.0,510.0,125,121,0.9750999999999996,967.0413223140492,62.044918469900544,80.73677817715294,0.083488446992065,117.8881105606924
S07,DMT,Low,session1,15,420.0,480.0,540.0,123,113,0.9196666666666676,976.637168141594,61.43530264588612,78.31276325662003,0.0801861385284346,113.74478496262668
S07,DMT,Low,session1,16,450.0,510.0,570.0,124,114,0.925966666666668,974.7017543859664,61.55729147917483,78.12525555513035,0.080152985468203,118.44717502427343
S07,DMT,Low,session1,17,480.0,540.0,600.0,126,113,0.9010333333333344,956.849557522125,62.70578225000918,85.31219976398258,0.0891594703611595,129.3781294472379
S07,DMT,Low,session1,18,510.0,570.0,630.0,125,115,0.9157666666666684,955.582608695654,62.78892003057536,84.94358624425921,0.0888919340633512,128.15930209092608
S07,DMT,Low,session1,19,540.0,600.0,660.0,127,120,0.9446000000000008,944.6000000000008,63.5189498200296,86.96786013034816,0.0920684523929156,137.7003444946666
S07,DMT,Low,session1,20,570.0,630.0,690.0,128,120,0.9335999999999994,933.5999999999992,64.26735218509002,91.50745344007528,0.0980156956299007,135.42180602184897
S07,DMT,Low,session1,21,600.0,660.0,720.0,128,120,0.9365,936.5,64.06833956219968,83.0161849070559,0.0886451520630602,128.97169254915113
S07,DMT,Low,session1,22,630.0,690.0,750.0,129,121,0.9410999999999992,933.322314049586,64.28647327595374,81.95457109971501,0.0878095057474013,125.18081687943048
S07,DMT,Low,session1,23,660.0,720.0,780.0,124,118,0.9587,974.9491525423728,61.54167101282988,90.5049746835922,0.0928304562833688,124.61927300543948
S07,DMT,Low,session1,24,690.0,750.0,810.0,120,115,0.9631666666666672,1005.04347826087,59.698909845994095,88.21595124496085,0.0877732686725254,124.95959987864218
S07,DMT,Low,session1,25,720.0,780.0,840.0,117,115,0.9892333333333342,1032.2434782608705,58.125821343127626,87.3866612900803,0.0846570243653269,111.05527241718345
S07,DMT,Low,session1,26,750.0,810.0,870.0,114,112,0.9820000000000004,1052.142857142857,57.0264765784114,87.35632359895861,0.083027055694869,107.8670233356535
S07,DMT,Low,session1,27,780.0,840.0,900.0,115,113,0.9874666666666664,1048.6371681415928,57.21712125303808,70.95572059893576,0.0676647011517666,101.22473776091805
S07,DMT,Low,session1,28,810.0,870.0,930.0,118,114,0.9705666666666682,1021.6491228070192,58.72857780677945,76.72109309783411,0.0750953447569553,120.0776284643877
S07,DMT,Low,session1,29,840.0,900.0,960.0,118,114,0.9740000000000008,1025.2631578947378,58.52156057494861,83.64317174868931,0.0815821490361958,130.7354995517192
S07,DMT,Low,session1,30,870.0,930.0,990.0,119,115,0.9797666666666676,1022.3652173913052,58.68744258837133,80.44785356277433,0.078687979788717,130.863684965373
S07,DMT,Low,session1,31,900.0,960.0,1020.0,117,115,0.982133333333334,1024.8347826086963,58.54602226445827,81.14490480135616,0.0791785233857924,133.33034626707618
S07,DMT,Low,session1,32,930.0,990.0,1050.0,114,114,1.0025666666666655,1055.3333333333323,56.854074542008895,69.78703381355962,0.0661279537083635,109.17929288148052
S07,DMT,Low,session1,33,960.0,1020.0,1080.0,115,115,0.9984999999999994,1041.9130434782603,57.58637956935407,60.21365468501413,0.0577914395658206,96.27642633049828
S07,DMT,Low,session1,34,990.0,1050.0,1110.0,114,114,0.9946333333333344,1046.9824561403518,57.30755052113001,59.87243075574321,0.0571857058392935,89.26018272702527
S07,DMT,Low,session1,35,1020.0,1080.0,1140.0,114,114,0.997666666666667,1050.1754385964916,57.13331105913797,53.43294532418814,0.0508800181002125,75.42144076906824
S07,RS,Low,session1,1,0.0,60.0,120.0,124,123,0.9817,957.7560975609756,62.6464296628298,80.03470321684397,0.0835648067609912,109.40692139997324
S07,RS,Low,session1,2,30.0,90.0,150.0,125,124,0.9872,955.3548387096772,62.803889789303085,82.9125551607155,0.0867871829410514,123.08805715338488
S07,RS,Low,session1,3,60.0,120.0,180.0,125,125,1.0012333333333332,961.184,62.42301161900324,83.20204712121718,0.0865620392362099,131.13698722845052
S07,RS,Low,session1,4,90.0,150.0,210.0,125,125,0.9950000000000002,955.2000000000002,62.81407035175879,83.30588795362485,0.0872130317772454,138.30961061002503
S07,RS,Low,session1,5,120.0,180.0,240.0,122,119,0.9805333333333336,988.7731092436976,60.68126189828664,86.7799436545654,0.0877652748070206,143.76937965017584
S07,RS,Low,session1,6,150.0,210.0,270.0,119,116,0.9787333333333336,1012.48275862069,59.26026837408895,84.52595558845499,0.0834838468791361,135.97253448741913
S07,RS,Low,session1,7,180.0,240.0,300.0,119,112,0.9531333333333334,1021.2142857142856,58.7535846681122,75.94095099077404,0.07436338489689,128.65803746711902
S07,RS,Low,session1,8,210.0,270.0,330.0,118,108,0.9336333333333332,1037.3703703703702,57.83855189403407,76.72410465618977,0.0739601851446722,126.87609619931366
S07,RS,Low,session1,9,240.0,300.0,360.0,117,110,0.9583333333333334,1045.4545454545455,57.391304347826086,71.88040381655004,0.0687551688680043,116.52677263452094
S07,RS,Low,session1,10,270.0,330.0,390.0,118,111,0.9598666666666664,1037.6936936936934,57.82053062925408,71.33229490417605,0.0687411857060316,118.67946079425202
S07,RS,Low,session1,11,300.0,360.0,420.0,116,113,0.9815666666666666,1042.3716814159293,57.56104187183753,76.45289428821519,0.0733451374891187,123.58413810395552
S07,RS,Low,session1,12,330.0,390.0,450.0,116,115,0.9935666666666666,1036.7652173913043,57.87231187304996,78.88515232055413,0.0760877689541359,126.642910775664
S07,RS,Low,session1,13,360.0,420.0,480.0,115,114,0.9891333333333336,1041.1929824561405,57.62620475837433,77.53063910480574,0.0744632747350193,121.71509437249576
S07,RS,Low,session1,14,390.0,450.0,510.0,117,116,0.9933,1027.5517241379312,58.39122118191885,84.5694980474614,0.0823019377622195,135.4030598092113
S07,RS,Low,session1,15,420.0,480.0,540.0,120,118,0.985733333333334,1002.4406779661024,59.853915866360026,87.83621121155014,0.0876223532645991,136.19697540304514
S08,DMT,Low,session1,1,0.0,60.0,120.0,185,180,0.9428666666666669,628.5777777777778,95.4535812769568,33.47180278862917,0.053250057466178,76.42179012694812
S08,DMT,Low,session1,2,30.0,90.0,150.0,195,194,0.9907,612.8041237113403,97.91056828505096,26.127890589686693,0.0426366102620976,57.434736862380745
S08,DMT,Low,session1,3,60.0,120.0,180.0,193,193,0.9991333333333332,621.2227979274611,96.58370587842798,24.265888265903747,0.0390614902525474,56.29458509378008
S08,DMT,Low,session1,4,90.0,150.0,210.0,191,191,1.001,628.9005235602094,95.4045954045954,20.242737489101128,0.0321875030004854,53.01147392919332
S08,DMT,Low,session1,5,120.0,180.0,240.0,183,183,0.9995333333333332,655.4316939890709,91.54271993597014,22.21374685753488,0.0338917801217975,52.73554675046762
S08,DMT,Low,session1,6,150.0,210.0,270.0,175,175,1.0015333333333334,686.7657142857142,87.36603874059776,26.669540075078828,0.038833534523221,52.89011566422834
S08,DMT,Low,session1,7,180.0,240.0,300.0,171,171,1.0017333333333334,702.9707602339181,85.35205643551178,30.784258773525305,0.0437916632027221,59.9016278773779
S08,DMT,Low,session1,8,210.0,270.0,330.0,166,164,0.9801666666666664,717.1951219512193,83.6592416255739,33.12974866963896,0.046193494149131,62.49327601118974
S08,DMT,Low,session1,9,240.0,300.0,360.0,157,155,0.9851666666666666,762.7096774193549,78.66689223481644,39.66131122193269,0.0520005349297882,96.16321135147103
S08,DMT,Low,session1,10,270.0,330.0,390.0,149,147,0.9810333333333332,800.843537414966,74.92100166491115,42.75995548528103,0.0533936449350711,100.3120952212389
S08,DMT,Low,session1,11,300.0,360.0,420.0,144,142,0.9864999999999996,833.6619718309855,71.97161682716678,46.46965215523277,0.0557415999834689,93.39399401497946
S08,DMT,Low,session1,12,330.0,390.0,450.0,140,139,0.9904999999999996,855.1079136690644,70.16658253407373,66.03515984508543,0.0772243582236823,91.33095500823757
S08,DMT,Low,session1,13,360.0,420.0,480.0,140,137,0.978733333333333,857.2846715328465,69.98842040732922,67.14297509402792,0.078320512804661,95.3025329045138
S08,DMT,Low,session1,14,390.0,450.0,510.0,141,138,0.9764666666666666,849.1014492753623,70.66293438929475,67.50407395113032,0.079500599143647,100.41638057077618
S08,DMT,Low,session1,15,420.0,480.0,540.0,137,134,0.9745000000000004,872.6865671641796,68.75320677270392,67.50425488427213,0.0773522332349278,105.82724025792253
S08,DMT,Low,session1,16,450.0,510.0,570.0,134,132,0.9921666666666672,901.9696969696976,66.52108180749198,57.41294413150101,0.0636528525563424,91.47009183700898
S08,DMT,Low,session1,17,480.0,540.0,600.0,133,133,0.998,900.4511278195488,66.63326653306613,54.22288457950043,0.0602174653396255,88.22238310822415
S08,DMT,Low,session1,18,510.0,570.0,630.0,132,132,1.0072,915.6363636363634,65.52819698173155,55.25568603949725,0.0603467579859481,74.50019444897856
S08,DMT,Low,session1,19,540.0,600.0,660.0,135,135,1.000599999999999,889.4222222222213,67.45952428542881,53.23112096139203,0.0598491016205937,77.88620350561112
S08,DMT,Low,session1,20,570.0,630.0,690.0,137,137,1.0011666666666663,876.934306569343,68.42017646079574,43.0977002252564,0.0491458709077753,61.49942663285749
S08,DMT,Low,session1,21,600.0,660.0,720.0,137,137,1.0020999999999998,877.751824817518,68.35645145195092,46.94803134380668,0.0534866804219598,69.33611454165637
S08,DMT,Low,session1,22,630.0,690.0,750.0,135,135,0.9947000000000004,884.177777777778,67.85965617774201,52.072280419242034,0.0588934507606788,74.04374127426811
S08,DMT,Low,session1,23,660.0,720.0,780.0,132,132,0.9983666666666674,907.6060606060612,66.10797636139021,54.87417947012271,0.0604603493210259,74.36466344370538
S08,DMT,Low,session1,24,690.0,750.0,810.0,129,129,0.998866666666666,929.1782945736428,64.57318294066614,57.49130369021394,0.0618732745114263,72.74510825611478
S08,DMT,Low,session1,25,720.0,780.0,840.0,128,128,0.9975666666666674,935.2187500000008,64.15611320880805,63.67931467997246,0.0680902886944604,80.18727464971391
S08,DMT,Low,session1,26,750.0,810.0,870.0,128,128,1.0045666666666666,941.78125,63.70906195042639,55.95611328687309,0.0594151914649745,76.87405975355085
S08,DMT,Low,session1,27,780.0,840.0,900.0,129,129,1.005633333333333,935.4728682170538,64.13868540554877,55.62036497543244,0.0594569515216844,73.49384301586555
S08,DMT,Low,session1,28,810.0,870.0,930.0,128,128,0.9989666666666676,936.5312500000008,64.0662017417998,54.25051253431737,0.0579270713436602,73.41800692035774
S08,DMT,Low,session1,29,840.0,900.0,960.0,128,128,0.998333333333333,935.9374999999995,64.10684474123542,41.87269796234148,0.0447387757861411,51.81915099119868
S08,DMT,Low,session1,30,870.0,930.0,990.0,132,132,0.9947666666666664,904.3333333333331,66.3472171028382,40.69473023257926,0.0449997016947061,67.13330326391288
S08,DMT,Low,session1,31,900.0,960.0,1020.0,134,134,0.9935000000000004,889.7014925373137,67.43834927025665,43.994531444175216,0.0494486429585596,75.20258652673944
S08,DMT,Low,session1,32,930.0,990.0,1050.0,133,133,0.9957666666666664,898.4360902255636,66.78271348709539,49.566606549651645,0.0551698747288828,89.21317280973257
S08,DMT,Low,session1,33,960.0,1020.0,1080.0,133,133,1.000866666666667,903.0375939849628,66.44241657230398,52.43524144555848,0.0580654025865855,93.44601471916344
S08,DMT,Low,session1,34,990.0,1050.0,1110.0,129,129,1.0054,935.2558139534884,64.15357071812213,56.0568907450222,0.0599374950774804,87.74076510074777
S08,DMT,Low,session1,35,1020.0,1080.0,1140.0,126,126,1.0037999999999994,955.9999999999992,62.76150627615067,52.96217518190633,0.05539976483463,69.46838129681362
S08,RS,Low,session1,1,0.0,60.0,120.0,139,139,0.9919,856.31654676259,70.06754713176731,49.21764735939943,0.057475997101157,68.45383888105893
S08,RS,Low,session1,2,30.0,90.0,150.0,139,139,0.9991,862.5323741007194,69.56260634571115,48.94836084064018,0.0567495926070879,68.6282045959382
S08,RS,Low,session1,3,60.0,120.0,180.0,139,139,1.0032,866.071942446043,69.27830940988838,46.26201371582783,0.053415901668827,71.04577421040685
S08,RS,Low,session1,4,90.0,150.0,210.0,138,138,0.9998,869.391304347826,69.01380276055211,45.18380951553036,0.0519717752979195,73.9771551621006
S08,RS,Low,session1,5,120.0,180.0,240.0,138,138,1.0009333333333332,870.3768115942029,68.93566005061942,50.69675121683479,0.0582469001259091,82.94807124982749
S08,RS,Low,session1,6,150.0,210.0,270.0,139,139,0.9988666666666668,862.3309352517988,69.57885603684174,50.79198841310044,0.0589008074936674,83.93496347796034
S08,RS,Low,session1,7,180.0,240.0,300.0,143,143,0.9961666666666666,835.9440559440559,71.7751380291116,46.35320612762196,0.0554501294650321,87.11719290086472
S08,RS,Low,session1,8,210.0,270.0,330.0,146,146,1.0029666666666666,824.3561643835617,72.78407391405497,45.96850496019989,0.0557629177123631,81.50436753484875
S08,RS,Low,session1,9,240.0,300.0,360.0,147,147,0.9982333333333332,814.8843537414964,73.63007980766022,35.86733546591793,0.0440152462140609,61.25944344386618
S08,RS,Low,session1,10,270.0,330.0,390.0,148,148,0.9992666666666664,810.216216216216,74.05430649142707,33.124789820923816,0.0408838889643799,55.85264146282461
S08,RS,Low,session1,11,300.0,360.0,420.0,142,142,0.9998333333333336,844.929577464789,71.01183530588429,35.97004269710259,0.0425716457992045,61.44300800290005
S08,RS,Low,session1,12,330.0,390.0,450.0,141,141,1.0037000000000005,854.212765957447,70.24011158712761,36.5997658072143,0.0428461939060244,62.62710601085532
S08,RS,Low,session1,13,360.0,420.0,480.0,140,140,1.0004333333333335,857.5142857142858,69.96967980541764,39.32378049260039,0.0458578721634296,71.53883944995118
S08,RS,Low,session1,14,390.0,450.0,510.0,138,138,0.9988,868.5217391304348,69.08289947937526,41.63519005715126,0.0479379941587144,70.37057461848605
S08,RS,Low,session1,15,420.0,480.0,540.0,141,141,1.0018,852.5957446808511,70.37332800958275,40.32864986582759,0.0473010217531916,66.00594981010833
S10,DMT,Low,session2,1,0.0,60.0,120.0,161,161,0.9912,738.7826086956521,81.21468926553673,30.826936273331093,0.0417266675074514,84.20931477961447
S10,DMT,Low,session2,2,30.0,90.0,150.0,150,150,0.9975666666666668,798.0533333333334,75.18294516657198,36.52267843776519,0.045764708838714,65.03811857679244
S10,DMT,Low,session2,3,60.0,120.0,180.0,145,145,0.9985333333333332,826.3724137931034,72.60648951795967,35.828294219326125,0.0433561111446979,64.0720021221334
S10,DMT,Low,session2,4,90.0,150.0,210.0,141,141,0.9989666666666668,850.1843971631206,70.57292535620141,36.73379137213302,0.0432068519425969,58.916842466658814
S10,DMT,Low,session2,5,120.0,180.0,240.0,139,139,1.0038,866.589928057554,69.23689978083284,37.06946084766,0.0427762424273156,53.69341483246831
S10,DMT,Low,session2,6,150.0,210.0,270.0,138,138,0.9998333333333334,869.4202898550725,69.01150191698616,37.40955028538684,0.043028154187226,58.061735530055245
S10,DMT,Low,session2,7,180.0,240.0,300.0,137,137,0.9998,875.7372262773723,68.51370274054811,41.61871750857854,0.0475242073304265,65.07769904382043
S10,DMT,Low,session2,8,210.0,270.0,330.0,136,136,1.0040333333333331,885.9117647058824,67.7268350984363,41.7541304233167,0.0471312517643095,64.93204089384878
S10,DMT,Low,session2,9,240.0,300.0,360.0,134,134,0.9976333333333331,893.4029850746268,67.15894283136757,44.05737885506623,0.0493141164637882,67.55227654350496
S10,DMT,Low,session2,10,270.0,330.0,390.0,134,134,1.0041666666666669,899.2537313432836,66.72199170124482,42.33202097703071,0.0470746125387727,61.80477225255551
S10,DMT,Low,session2,11,300.0,360.0,420.0,134,134,1.002033333333333,897.3432835820894,66.86404311233825,41.303570819067865,0.0460287289989945,60.69064964679725
S10,DMT,Low,session2,12,330.0,390.0,450.0,137,137,1.0027,878.2773722627737,68.31554802034506,42.45135624522087,0.048334794434986,65.63678240749368
S10,DMT,Low,session2,13,360.0,420.0,480.0,137,137,1.0037333333333331,879.1824817518246,68.24521785334751,42.13005075323815,0.0479195748637887,65.78420816423525
S10,DMT,Low,session2,14,390.0,450.0,510.0,134,134,0.998,893.7313432835821,67.13426853707415,43.41511465435769,0.0485773660962252,76.26064961292161
S10,DMT,Low,session2,15,420.0,480.0,540.0,132,132,0.9950333333333338,904.575757575758,66.32943619979227,42.97345177259909,0.0475067471272576,79.59766397394247
S10,DMT,Low,session2,16,450.0,510.0,570.0,130,130,0.9975,920.7692307692308,65.16290726817043,40.60625834836389,0.0441003641210301,70.82257977230815
S10,DMT,Low,session2,17,480.0,540.0,600.0,132,132,0.9966666666666668,906.0606060606062,66.22073578595317,37.53471675438612,0.0414262760165465,74.27694797954743
S10,DMT,Low,session2,18,510.0,570.0,630.0,137,137,1.0024666666666673,878.0729927007303,68.33144909223911,33.30076840660796,0.0379248293518096,67.7314805420564
S10,DMT,Low,session2,19,540.0,600.0,660.0,140,140,1.0044000000000002,860.9142857142858,69.69334926324173,32.55808312813068,0.0378180309798411,64.03118459161212
S10,DMT,Low,session2,20,570.0,630.0,690.0,140,140,0.9975333333333328,855.028571428571,70.17309363095639,30.96714434327218,0.0362176719913963,61.24252329725554
S10,DMT,Low,session2,21,600.0,660.0,720.0,139,139,1.0038333333333336,866.6187050359714,69.2346006973269,31.402021535591583,0.0362351070350923,65.7403098809126
S10,DMT,Low,session2,22,630.0,690.0,750.0,138,138,0.9968,866.782608695652,69.2215088282504,33.88257955174764,0.0390900546594199,67.51758236868028
S10,DMT,Low,session2,23,660.0,720.0,780.0,137,137,0.996466666666666,872.8175182481746,68.7428915501439,30.33731928131983,0.0347579174879643,58.99180139673079
S10,DMT,Low,session2,24,690.0,750.0,810.0,138,138,1.000133333333334,869.6811594202903,68.9908012265031,31.726937137806267,0.0364811135600025,57.68438991202232
S10,DMT,Low,session2,25,720.0,780.0,840.0,139,139,0.9948333333333332,858.8489208633093,69.86094823253477,36.062747248798736,0.0419896286445219,59.6963225227523
S10,DMT,Low,session2,26,750.0,810.0,870.0,138,138,0.9993333333333332,868.9855072463766,69.04603068712477,37.47816882781426,0.0431286465830417,64.71283963205951
S10,DMT,Low,session2,27,780.0,840.0,900.0,137,137,1.005033333333334,880.3211678832121,68.15694338496233,39.13175331680549,0.0444516782561303,69.89076921994472
S10,DMT,Low,session2,28,810.0,870.0,930.0,135,135,0.9984999999999996,887.5555555555551,67.60140210315477,39.749964798632526,0.04478588923231,69.08643371446452
S10,DMT,Low,session2,29,840.0,900.0,960.0,135,135,0.998533333333333,887.585185185185,67.59914541327282,35.81711422827674,0.040353438550018,62.9736245647606
S10,DMT,Low,session2,30,870.0,930.0,990.0,136,136,1.0017000000000005,883.8529411764711,67.88459618648294,33.230062248465885,0.0375968226164799,58.164330346172896
S10,DMT,Low,session2,31,900.0,960.0,1020.0,139,139,0.9965333333333328,860.3165467625895,69.74177147444477,34.70287963659542,0.04033733835201,58.326546516730026
S10,DMT,Low,session2,32,930.0,990.0,1050.0,140,140,1.0054999999999996,861.8571428571425,69.61710591745403,33.874928654779794,0.0393045749351,57.77338156692039
S10,DMT,Low,session2,33,960.0,1020.0,1080.0,139,139,1.0017999999999991,864.8633093525173,69.37512477540433,34.935966268736955,0.0403947836507157,59.90865044101959
S10,DMT,Low,session2,34,990.0,1050.0,1110.0,139,139,1.0005666666666666,863.7985611510791,69.46063897124964,34.21839491742494,0.0396138595922482,56.22176326460463
S10,DMT,Low,session2,35,1020.0,1080.0,1140.0,137,137,0.9965000000000004,872.8467153284674,68.74059207225287,30.93256422302792,0.0354387129833987,45.90125118616292
S10,RS,Low,session2,1,0.0,60.0,120.0,133,133,0.9870666666666666,890.5864661654135,67.3713359448872,44.55435903579947,0.0500281115068327,51.8463826241071
S10,RS,Low,session2,2,30.0,90.0,150.0,134,134,0.9969666666666664,892.8059701492535,67.20385168343978,42.35332940015768,0.0474384477884677,49.95222945222032
S10,RS,Low,session2,3,60.0,120.0,180.0,134,134,0.9960333333333334,891.9701492537315,67.26682507278872,44.862362609958325,0.0502958116339347,53.39932419083328
S10,RS,Low,session2,4,90.0,150.0,210.0,137,137,1.0016,877.3138686131387,68.3905750798722,41.72317736476667,0.0475578682355983,52.96415988871999
S10,RS,Low,session2,5,120.0,180.0,240.0,140,140,1.0034666666666665,860.1142857142856,69.75817167153868,35.57381625406061,0.0413594063543755,51.534033696020174
S10,RS,Low,session2,6,150.0,210.0,270.0,141,141,1.002033333333333,852.7943262411347,70.35694088686338,33.95122551964119,0.0398117394486993,49.48932319637832
S10,RS,Low,session2,7,180.0,240.0,300.0,143,143,1.0038333333333331,842.3776223776223,71.22696330732194,27.828448307642013,0.0330355977751353,40.258986258830966
S10,RS,Low,session2,8,210.0,270.0,330.0,141,141,0.9949666666666668,846.7801418439716,70.85664511373916,29.64937966105655,0.0350142595414333,46.684211494217394
S10,RS,Low,session2,9,240.0,300.0,360.0,140,140,0.9966666666666668,854.2857142857144,70.23411371237457,33.62253440988147,0.0393574817506973,54.13150596773509
S10,RS,Low,session2,10,270.0,330.0,390.0,140,140,1.0016333333333336,858.5428571428573,69.88585310659255,34.243310537192684,0.0398853828347613,57.16005188369098
S10,RS,Low,session2,11,300.0,360.0,420.0,140,140,0.9989666666666668,856.2571428571431,70.07240815509358,34.15748545999175,0.0398916210450702,60.3952653616889
S10,RS,Low,session2,12,330.0,390.0,450.0,140,140,1.0016666666666667,858.5714285714286,69.88352745424292,32.88698765217877,0.0383043117413063,60.072036235778775
S10,RS,Low,session2,13,360.0,420.0,480.0,140,140,1.000833333333333,857.8571428571425,69.94171523730228,30.21267540943272,0.0352187723340598,55.15375127357768
S10,RS,Low,session2,14,390.0,450.0,510.0,139,139,0.9974666666666664,861.1223021582731,69.67651383504881,32.37103733232797,0.0375916838423471,56.06006877094945
S10,RS,Low,session2,15,420.0,480.0,540.0,136,136,0.9992666666666672,881.7058823529414,68.0499032623924,31.70792633699924,0.0359620219980643,50.07285324213237
S11,DMT,Low,session1,1,0.0,60.0,120.0,186,184,0.9754666666666666,636.1739130434783,94.313832695462,36.17880701941503,0.0568693658725085,103.4511165884749
S11,DMT,Low,session1,2,30.0,90.0,150.0,200,198,0.9826,595.5151515151515,100.75310400977,24.31080797948482,0.0408231560819763,60.93224391031776
S11,DMT,Low,session1,3,60.0,120.0,180.0,205,205,0.9997,585.1902439024391,102.53075922776831,16.04650105407483,0.0274209989337246,37.29148436724866
S11,DMT,Low,session1,4,90.0,150.0,210.0,203,203,0.9985,590.2463054187192,101.65247871807712,14.62670824414784,0.024780685808396,38.36869629130463
S11,DMT,Low,session1,5,120.0,180.0,240.0,203,203,1.0001,591.192118226601,101.4898510148985,15.262715847762635,0.0258168459578693,38.65533837770496
S11,DMT,Low,session1,6,150.0,210.0,270.0,201,201,1.002033333333333,598.2288557213931,100.29606466850736,14.568459081180965,0.0243526519021104,38.64669925341742
S11,DMT,Low,session1,7,180.0,240.0,300.0,199,199,1.0017666666666665,604.0804020100501,99.3245266695505,14.934199109101952,0.0247222042950062,39.959494236483565
S11,DMT,Low,session1,8,210.0,270.0,330.0,197,197,1.0016000000000005,610.1116751269037,98.34265175718848,14.627343698480086,0.0239748627912055,31.505226578640503
S11,DMT,Low,session1,9,240.0,300.0,360.0,192,192,1.0000999999999998,625.0624999999999,95.99040095990402,15.019707821282202,0.0240291296010914,34.04149377494035
S11,DMT,Low,session1,10,270.0,330.0,390.0,189,189,1.0002,635.047619047619,94.48110377924417,15.739907269456229,0.0247853968700195,33.596207630821205
S11,DMT,Low,session1,11,300.0,360.0,420.0,187,187,0.9988333333333336,640.9625668449198,93.60921074587016,16.76401676402578,0.0261544396368498,33.748177009142054
S11,DMT,Low,session1,12,330.0,390.0,450.0,186,186,1.0015666666666667,646.1720430107526,92.85452790628015,18.28069429162413,0.0282907539707964,34.44215633639701
S11,DMT,Low,session1,13,360.0,420.0,480.0,186,186,0.9975666666666668,643.5913978494625,93.22685200654924,18.052176630007605,0.0280491266513634,34.56360734399653
S11,DMT,Low,session1,14,390.0,450.0,510.0,189,189,1.0017666666666665,636.0423280423279,94.33334442484946,18.28148697336628,0.0287425634542826,36.45338478984386
S11,DMT,Low,session1,15,420.0,480.0,540.0,187,187,1.0002333333333335,641.860962566845,93.47818842270136,19.75984850405393,0.0307852473610997,45.29713045023277
S11,DMT,Low,session1,16,450.0,510.0,570.0,183,183,0.9961,653.1803278688524,91.85824716393938,19.82561335885729,0.0303524348682435,45.3092577918695
S11,DMT,Low,session1,17,480.0,540.0,600.0,181,181,1.0016333333333336,664.0662983425416,90.35242437352322,20.621455924461632,0.0310533089481143,48.30362330669364
S11,DMT,Low,session1,18,510.0,570.0,630.0,173,173,0.9944999999999998,689.8265895953756,86.97838109602817,22.972177307183404,0.0333013798738288,50.5862605259479
S11,DMT,Low,session1,19,540.0,600.0,660.0,171,171,1.0004999999999995,702.1052631578943,85.45727136431789,22.05021008303014,0.0314058464450954,46.97997729090312
S11,DMT,Low,session1,20,570.0,630.0,690.0,171,171,1.0043666666666666,704.8187134502924,85.12827320699611,23.161834733784644,0.0328621165865485,50.07273416311759
S11,DMT,Low,session1,21,600.0,660.0,720.0,169,169,0.9978333333333336,708.5207100591717,84.68348087522965,22.65265673475597,0.0319717637228474,50.08481957513332
S11,DMT,Low,session1,22,630.0,690.0,750.0,171,171,1.0022,703.2982456140351,85.31231291159449,22.14603934845212,0.0314888306441271,46.16363411334741
S11,DMT,Low,session1,23,660.0,720.0,780.0,172,172,1.0013000000000003,698.5813953488375,85.88834515130327,24.64816755344124,0.0352831720362852,51.11653126730901
S11,DMT,Low,session1,24,690.0,750.0,810.0,168,168,0.999466666666667,713.904761904762,84.04482390608322,23.229137185249684,0.0325381457370759,49.97331480657738
S11,DMT,Low,session1,25,720.0,780.0,840.0,168,168,0.999866666666666,714.1904761904757,84.01120149353252,21.87607995622924,0.03063059601819,46.71495322551054
S11,DMT,Low,session1,26,750.0,810.0,870.0,169,169,1.0035666666666665,712.5917159763313,84.19968778025044,19.44711999732917,0.0272906905333363,45.50803359235203
S11,DMT,Low,session1,27,780.0,840.0,900.0,172,172,1.0,697.6744186046511,86.0,16.60268420488729,0.0237971806936717,51.757292756298014
S11,DMT,Low,session1,28,810.0,870.0,930.0,172,172,0.9951999999999998,694.3255813953486,86.41479099678459,17.197851082952923,0.0247691451154533,49.92613066372909
S11,DMT,Low,session1,29,840.0,900.0,960.0,172,172,0.9999666666666672,697.6511627906982,86.00286676222534,18.967500675401897,0.0271876572233168,56.67735037405709
S11,DMT,Low,session1,30,870.0,930.0,990.0,169,169,0.9968333333333332,707.810650887574,84.76843337234577,20.302474632189917,0.0286834828025421,58.014465603129565
S11,DMT,Low,session1,31,900.0,960.0,1020.0,165,165,1.0006,727.709090909091,82.45052968219068,20.021939186316917,0.0275136581862739,42.67303629468671
S11,DMT,Low,session1,32,930.0,990.0,1050.0,168,168,1.0016333333333327,715.4523809523804,83.86302372791114,21.613923212760323,0.0302101492540828,48.71115028370944
S11,DMT,Low,session1,33,960.0,1020.0,1080.0,168,168,1.0033666666666656,716.6904761904755,83.71814889870777,22.1459502792903,0.0309002993830834,43.82872931701883
S11,DMT,Low,session1,34,990.0,1050.0,1110.0,170,170,0.9985666666666674,704.8705882352946,85.12200821177015,20.945689138617407,0.0297156520476429,43.07356806586044
S11,DMT,Low,session1,35,1020.0,1080.0,1140.0,171,171,0.995666666666666,698.7134502923972,85.87211248744566,20.827583520297164,0.0298084765816104,43.43304238672327
S11,RS,Low,session1,1,0.0,60.0,120.0,171,170,0.9898,698.6823529411764,85.87593453222874,24.871096247882523,0.0355971438854653,53.878278717010296
S11,RS,Low,session1,2,30.0,90.0,150.0,173,172,0.9964333333333336,695.1860465116281,86.3078312648446,24.665288779745914,0.0354801263683495,52.591221028873086
S11,RS,Low,session1,3,60.0,120.0,180.0,174,173,0.9948333333333332,690.0578034682081,86.94923772826269,22.11083193570333,0.0320419997057855,52.322091801609645
S11,RS,Low,session1,4,90.0,150.0,210.0,177,177,1.0002,678.1016949152541,88.48230353929215,20.252945913665137,0.0298671217982964,37.80588649839011
S11,RS,Low,session1,5,120.0,180.0,240.0,176,176,0.9987333333333336,680.9545454545455,88.11160803684666,22.810523887013684,0.0334978656641279,50.67767253442598
S11,RS,Low,session1,6,150.0,210.0,270.0,177,177,1.0020666666666669,679.367231638418,88.31747721375824,24.259955782018228,0.0357096348664196,56.51031331573638
S11,RS,Low,session1,7,180.0,240.0,300.0,177,177,1.0010333333333332,678.6666666666666,88.40864440078586,21.9192733788006,0.0322975540944999,53.00028587687404
S11,RS,Low,session1,8,210.0,270.0,330.0,178,178,0.9979000000000002,672.741573033708,89.1872933159635,22.48313869155632,0.033420171419122,53.77406765638886
S11,RS,Low,session1,9,240.0,300.0,360.0,181,181,0.9971666666666664,661.1049723756904,90.75714524486048,19.036806454865594,0.0287954368070422,41.39585362521678
S11,RS,Low,session1,10,270.0,330.0,390.0,182,182,0.9991,658.7472527472528,91.08197377639875,18.49832006707167,0.0280810583876075,35.34348999785595
S11,RS,Low,session1,11,300.0,360.0,420.0,178,175,0.9519333333333336,652.754285714286,91.91820155473069,21.2205593406077,0.0325092608429016,46.123050953164345
S11,RS,Low,session1,12,330.0,390.0,450.0,177,174,0.9532666666666666,657.4252873563219,91.26512343520524,21.13962442736833,0.0321551738789608,49.78372466224656
S11,RS,Low,session1,13,360.0,420.0,480.0,174,171,0.9547000000000004,669.9649122807019,89.55692887818161,22.76299290852763,0.0339763956160593,51.50601275429007
S11,RS,Low,session1,14,390.0,450.0,510.0,170,167,0.9471666666666668,680.5988023952096,88.15766320605313,21.359832027482295,0.0313838813002775,52.90159765736388
S11,RS,Low,session1,15,420.0,480.0,540.0,172,172,0.9991666666666666,697.0930232558138,86.07172643869893,19.514576947762464,0.0279942221435791,37.97217445593126
S15,DMT,Low,session2,1,0.0,60.0,120.0,166,165,0.9873666666666666,718.0848484848485,83.5555855642956,41.817599840757886,0.0582349006931319,101.75684827799468
S15,DMT,Low,session2,2,30.0,90.0,150.0,174,174,0.9984333333333332,688.574712643678,87.1365138717324,30.671860161723945,0.0445439828075649,86.26101433351909
S15,DMT,Low,session2,3,60.0,120.0,180.0,177,177,1.0011333333333332,678.7344632768361,88.3998135446494,27.90242739521882,0.0411094896530076,63.25294278880021
S15,DMT,Low,session2,4,90.0,150.0,210.0,171,171,0.9992333333333336,701.216374269006,85.56560029355838,28.764357029039523,0.0410206579374667,65.78981657977346
S15,DMT,Low,session2,5,120.0,180.0,240.0,165,165,0.9995666666666666,726.9575757575758,82.53576549838263,33.416806053677455,0.0459680278025209,72.47391048787274
S15,DMT,Low,session2,6,150.0,210.0,270.0,158,158,1.0032,761.9240506329114,78.74800637958532,39.55033880212668,0.0519085055384105,60.26983319770222
S15,DMT,Low,session2,7,180.0,240.0,300.0,153,153,0.999666666666667,784.0522875816996,76.52550850283426,43.91618811949997,0.0560118104558477,67.88688258396672
S15,DMT,Low,session2,8,210.0,270.0,330.0,151,151,0.9962666666666666,791.7350993377482,75.78292291220558,45.00666617291186,0.0568456118852858,72.27896900083269
S15,DMT,Low,session2,9,240.0,300.0,360.0,151,151,0.9975333333333332,792.7417218543046,75.68669384481721,44.04603652240751,0.0555616480224849,79.82568204750109
S15,DMT,Low,session2,10,270.0,330.0,390.0,150,150,0.9981000000000004,798.4800000000002,75.14277126540425,44.76575872653213,0.0560637194751679,84.28480958937192
S15,DMT,Low,session2,11,300.0,360.0,420.0,152,152,0.9989,788.6052631578947,76.0836920612674,46.41191899895219,0.058853169218146,76.70811261954033
S15,DMT,Low,session2,12,330.0,390.0,450.0,153,153,0.9999666666666664,784.2875816993462,76.50255008500285,45.97367667881504,0.0586183917118795,72.84172398197252
S15,DMT,Low,session2,13,360.0,420.0,480.0,151,151,1.0009666666666666,795.4701986754967,75.42708714908922,45.23833182895381,0.0568699266223652,71.37458071769571
S15,DMT,Low,session2,14,390.0,450.0,510.0,151,151,1.0027999999999997,796.9271523178805,75.28919026725173,42.15020759142055,0.0528909166525769,69.45032750945063
S15,DMT,Low,session2,15,420.0,480.0,540.0,150,150,1.0031999999999996,802.5599999999997,74.76076555023926,40.70519317823872,0.0507191900645917,69.75205176073446
S15,DMT,Low,session2,16,450.0,510.0,570.0,151,151,1.0027666666666666,796.9006622516555,75.29169298274775,40.77907960380195,0.0511720990274747,77.13146828343508
S15,DMT,Low,session2,17,480.0,540.0,600.0,153,153,1.002166666666667,786.0130718954252,76.33460834857804,45.95077457682706,0.0584605730105981,72.91108381988903
S15,DMT,Low,session2,18,510.0,570.0,630.0,153,153,0.998466666666667,783.1111111111113,76.61748013620884,49.30890813080646,0.0629654048208368,80.41631442518944
S15,DMT,Low,session2,19,540.0,600.0,660.0,152,152,0.9971000000000004,787.1842105263162,76.22104101895493,50.647725052364265,0.0643403721455501,81.39230653821618
S15,DMT,Low,session2,20,570.0,630.0,690.0,153,153,0.9995000000000004,783.9215686274514,76.53826913456724,47.523955178300405,0.0606233545295977,80.80316641559412
S15,DMT,Low,session2,21,600.0,660.0,720.0,154,154,0.9961333333333328,776.2077922077918,77.29888903761214,48.63953044148223,0.0626630277739615,87.28981667839005
S15,DMT,Low,session2,22,630.0,690.0,750.0,153,153,0.9981666666666664,782.8758169934639,76.64050759726166,46.18384315342864,0.0589925530345181,86.32186710377404
S15,DMT,Low,session2,23,660.0,720.0,780.0,151,151,0.9980666666666668,793.1655629139075,75.64624941553669,43.906567466223386,0.0553561192255003,93.87263928419416
S15,DMT,Low,session2,24,690.0,750.0,810.0,146,146,1.0014999999999994,823.1506849315065,72.89066400399405,49.061818850964194,0.0596024758881742,89.27256538579755
S15,DMT,Low,session2,25,720.0,780.0,840.0,142,142,0.9990333333333334,844.2535211267607,71.06869974308498,50.23067357079889,0.059497144298267,86.39702488801004
S15,DMT,Low,session2,26,750.0,810.0,870.0,142,142,0.9988333333333334,844.0845070422536,71.08293008509928,53.23252884900258,0.0630654021071113,89.00454151754548
S15,DMT,Low,session2,27,780.0,840.0,900.0,142,142,0.9991666666666664,844.3661971830984,71.05921601334447,55.9178729087435,0.0662246701671524,93.48466547543192
S15,DMT,Low,session2,28,810.0,870.0,930.0,143,143,1.0002,839.3286713286714,71.48570285942812,51.199691900485234,0.0610007660282059,84.88598618758931
S15,DMT,Low,session2,29,840.0,900.0,960.0,145,145,1.002066666666667,829.2965517241383,72.35047568358722,49.684560534993416,0.0599116931472793,74.20374767208673
S15,DMT,Low,session2,30,870.0,930.0,990.0,146,146,1.0010333333333334,822.7671232876714,72.92464453398154,46.19001235526308,0.0561398372004629,66.59823349587352
S15,DMT,Low,session2,31,900.0,960.0,1020.0,147,147,1.0053333333333334,820.6802721088435,73.11007957559681,39.83252611857122,0.048535985903763,52.996508853040986
S15,DMT,Low,session2,32,930.0,990.0,1050.0,144,144,0.9973666666666674,831.1388888888895,72.19010059824198,42.264567977133055,0.0508513902335078,63.52122172900729
S15,DMT,Low,session2,33,960.0,1020.0,1080.0,145,145,1.001133333333333,828.5241379310343,72.41792635013653,40.27268166995884,0.0486077349182928,73.50624338171656
S15,DMT,Low,session2,34,990.0,1050.0,1110.0,145,145,1.003533333333333,830.510344827586,72.24473526871722,38.00146196018972,0.0457567593189688,78.08249886083743
S15,DMT,Low,session2,35,1020.0,1080.0,1140.0,144,144,0.9997333333333333,833.1111111111109,72.01920512136572,43.40861311200192,0.0521042301957878,86.20605588636946
S15,RS,Low,session2,1,0.0,60.0,120.0,137,137,0.9903,867.4160583941606,69.17095829546602,44.09881951201152,0.0508392934224105,72.87949787711288
S15,RS,Low,session2,2,30.0,90.0,150.0,138,138,0.9987333333333333,868.4637681159419,69.08751084707298,42.25055607978568,0.0486497625242843,71.15657244243893
S15,RS,Low,session2,3,60.0,120.0,180.0,139,139,1.0012333333333332,864.3741007194244,69.41438892033159,40.224010422792034,0.0465354183903859,61.80829096175552
S15,RS,Low,session2,4,90.0,150.0,210.0,139,139,1.0054000000000003,867.9712230215829,69.12671573503083,36.35573036585554,0.0418858706389987,54.32376671083115
S15,RS,Low,session2,5,120.0,180.0,240.0,137,137,0.9985666666666668,874.6569343065695,68.5983242647795,38.08041027955019,0.0435375388748737,59.226936185693376
S15,RS,Low,session2,6,150.0,210.0,270.0,137,137,0.9995000000000002,875.4744525547447,68.53426713356677,38.90712924236869,0.0444411931482783,59.446105137834046
S15,RS,Low,session2,7,180.0,240.0,300.0,137,137,0.9968333333333332,873.1386861313866,68.71760575154659,34.45030521507344,0.0394557081964977,52.097078850273455
S15,RS,Low,session2,8,210.0,270.0,330.0,137,137,0.9946333333333328,871.2116788321165,68.86960018767387,35.745834804662906,0.0410300225228628,52.32666492909614
S15,RS,Low,session2,9,240.0,300.0,360.0,138,138,0.9992666666666664,868.9275362318839,69.0506371338982,35.72155087730878,0.0411099307914855,51.75414052072316
S15,RS,Low,session2,10,270.0,330.0,390.0,138,138,1.0018666666666665,871.1884057971013,68.87143997870643,33.414014280911296,0.0383545213165903,48.02228052307615
S15,RS,Low,session2,11,300.0,360.0,420.0,134,134,0.9970666666666668,892.8955223880598,67.19711152714629,30.56362770264365,0.034229791656812,45.65879810575255
S15,RS,Low,session2,12,330.0,390.0,450.0,135,135,1.0014333333333336,890.1629629629632,67.40338847651698,33.24984569597422,0.0373525377704999,49.51529349264644
S15,RS,Low,session2,13,360.0,420.0,480.0,141,141,1.006133333333333,856.2836879432623,70.07023588656243,34.96120298682158,0.0408289956694096,69.5941629573242
S15,RS,Low,session2,14,390.0,450.0,510.0,140,140,0.9972333333333334,854.7714285714286,70.19420396430124,35.327043465308094,0.0413292282409928,68.85856036887485
S15,RS,Low,session2,15,420.0,480.0,540.0,140,140,1.0002666666666664,857.3714285714285,69.98133830978406,35.67720994349711,0.0416123149834177,72.59509693267071
S16,RS,Low,session1,1,0.0,60.0,120.0,128,126,0.9699666666666666,923.7777777777778,64.95068559057012,64.32879253014934,0.0696366529674457,72.26317334730173
S16,RS,Low,session1,2,30.0,90.0,150.0,126,126,0.9959333333333332,948.5079365079364,63.257246134279406,54.26925464754322,0.0572153933127254,43.45107520542963
S16,RS,Low,session1,3,60.0,120.0,180.0,126,126,0.9991666666666668,951.5873015873016,63.05254378648874,61.25095917616166,0.0643671464236561,43.86693877466555
S16,RS,Low,session1,4,90.0,150.0,210.0,127,127,1.0015333333333332,946.3307086614172,63.40278240031952,65.35082370353405,0.0690570675826135,43.96373958957788
S16,RS,Low,session1,5,120.0,180.0,240.0,127,127,0.995533333333333,940.6614173228344,63.78490591307843,68.49214993833007,0.072812755660014,45.906084334515576
S16,RS,Low,session1,6,150.0,210.0,270.0,129,129,1.0046000000000004,934.511627906977,64.20465857057533,68.2614459266731,0.0730450471542639,47.796625841794416
S16,RS,Low,session1,7,180.0,240.0,300.0,129,129,1.0028666666666666,932.8992248062016,64.31562853154291,58.1786043146473,0.0623632250597412,43.87550657849399
S16,RS,Low,session1,8,210.0,270.0,330.0,129,129,0.9991666666666664,929.457364341085,64.5537948290242,49.17189237765864,0.0529038708650372,40.70607443765682
S16,RS,Low,session1,9,240.0,300.0,360.0,129,129,1.0028,932.8372093023256,64.31990426804946,42.79310692155968,0.0458741423421187,37.93308061113903
S16,RS,Low,session1,10,270.0,330.0,390.0,127,127,0.9966333333333328,941.7007874015744,63.71450550185628,37.7930874673875,0.0401327979895499,35.29654755378173
S16,RS,Low,session1,11,300.0,360.0,420.0,127,127,1.0022666666666666,947.023622047244,63.35639217773048,43.166712630978616,0.0455814529078612,37.55619378396504
S16,RS,Low,session1,12,330.0,390.0,450.0,126,126,1.0010333333333334,953.3650793650796,62.934967200559406,43.74032464443509,0.045879931613989,35.41809778621413
S16,RS,Low,session1,13,360.0,420.0,480.0,126,126,0.9963333333333336,948.888888888889,63.23185011709601,45.77789859747113,0.0482436870465152,38.17228779567223
S16,RS,Low,session1,14,390.0,450.0,510.0,127,127,1.0014333333333338,946.2362204724416,63.40911360383447,46.78895541905758,0.0494474364928628,38.10979474417478
S16,RS,Low,session1,15,420.0,480.0,540.0,127,127,0.9989666666666668,943.905511811024,63.56568454069203,44.63040461247226,0.0472827036753309,37.55872292545976
S18,DMT,Low,session2,1,0.0,60.0,120.0,188,185,0.9715,630.1621621621622,95.21358723623264,32.35245460056032,0.0513398876402784,95.97370380154447
S18,DMT,Low,session2,2,30.0,90.0,150.0,189,187,0.9827333333333332,630.6310160427807,95.14279899599757,30.541066725915464,0.048429376210452,82.99350732822141
S18,DMT,Low,session2,3,60.0,120.0,180.0,177,177,0.9969666666666668,675.9096045197741,88.76926677588685,32.593920236199295,0.0482223066786525,101.92149813571775
S18,DMT,Low,session2,4,90.0,150.0,210.0,164,164,0.9955,728.4146341463415,82.37066800602712,35.73316240840778,0.0490560742924734,90.71940846848337
S18,DMT,Low,session2,5,120.0,180.0,240.0,151,151,0.9988333333333334,793.774834437086,75.58818621725347,41.95235392680638,0.0528517056811927,65.89791824586815
S18,DMT,Low,session2,6,150.0,210.0,270.0,146,146,1.0009000000000003,822.6575342465756,72.93435907683083,40.15143747158229,0.048806989300055,66.20224377447222
S18,DMT,Low,session2,7,180.0,240.0,300.0,142,142,1.0032,847.7746478873239,70.77352472089315,42.9494177174661,0.0506613612762508,72.52413580800396
S18,DMT,Low,session2,8,210.0,270.0,330.0,137,137,1.000233333333333,876.1167883211676,68.48402039524113,46.19523784980266,0.0527272601844816,62.99382155668148
S18,DMT,Low,session2,9,240.0,300.0,360.0,134,134,1.0009666666666666,896.3880597014925,66.93529588064871,43.652765201925455,0.0486985125799894,51.65965986977634
S18,DMT,Low,session2,10,270.0,330.0,390.0,132,132,1.0030333333333332,911.8484848484846,65.8004054368416,41.43236924644987,0.0454377782437554,53.41562296100977
S18,DMT,Low,session2,11,300.0,360.0,420.0,131,131,0.9998,915.8473282442748,65.51310262052411,38.53150559058143,0.0420719746646509,46.70142038400624
S18,DMT,Low,session2,12,330.0,390.0,450.0,130,130,1.0005,923.5384615384615,64.96751624187905,36.48425379796264,0.0395048558531995,43.63807345632063
S18,DMT,Low,session2,13,360.0,420.0,480.0,130,130,0.9991666666666672,922.3076923076926,65.05421184320265,35.31299692660347,0.0382876530480271,41.010085005432494
S18,DMT,Low,session2,14,390.0,450.0,510.0,130,130,0.998266666666667,921.4769230769232,65.11286229464403,34.34435737819476,0.0372709902094072,38.50907783536946
S18,DMT,Low,session2,15,420.0,480.0,540.0,129,129,0.9934999999999996,924.1860465116276,64.92199295420234,34.124771061507595,0.0369241357736494,40.35114764513363
S18,DMT,Low,session2,16,450.0,510.0,570.0,131,131,1.0020666666666664,917.9236641221372,65.36491251413746,35.16466758201487,0.0383089236681188,43.77101575605848
S18,DMT,Low,session2,17,480.0,540.0,600.0,130,130,0.9987666666666668,921.9384615384618,65.08026566098187,34.62131798349602,0.0375527428649875,43.582898617214056
S18,DMT,Low,session2,18,510.0,570.0,630.0,131,131,1.0008666666666663,916.8244274809158,65.44328248850998,35.596023978483366,0.0388253442115276,44.59656435819333
S18,DMT,Low,session2,19,540.0,600.0,660.0,130,130,1.0002,923.2615384615384,64.9870025994801,35.16869644018353,0.0380918027829755,47.46415274777656
S18,DMT,Low,session2,20,570.0,630.0,690.0,128,128,1.0022333333333335,939.5937500000002,63.85738517311336,35.01900496389165,0.0372703681393066,43.41875161869554
S18,DMT,Low,session2,21,600.0,660.0,720.0,128,128,1.0002333333333324,937.7187499999992,63.98507015029832,33.887260979497576,0.0361379795162436,41.683270969780246
S18,DMT,Low,session2,22,630.0,690.0,750.0,128,128,0.9958666666666668,933.625,64.26563127594055,33.01538653463226,0.0353625776244554,42.49075860618335
S18,DMT,Low,session2,23,660.0,720.0,780.0,130,130,1.0052333333333336,927.9076923076926,64.66160427098184,33.60140270234483,0.0362120100748153,39.31337941254292
S18,DMT,Low,session2,24,690.0,750.0,810.0,132,132,0.9970333333333332,906.3939393939394,66.19638260171843,35.54590623941199,0.0392168401558154,44.87501856526556
S18,DMT,Low,session2,25,720.0,780.0,840.0,132,132,1.000866666666667,909.8787878787882,65.94284953040696,36.92451553274736,0.0405817961959855,50.007484982198896
S18,DMT,Low,session2,26,750.0,810.0,870.0,131,131,1.0004333333333335,916.4274809160306,65.47162896078366,37.08617822563856,0.040468208339375,50.9992504521605
S18,DMT,Low,session2,27,780.0,840.0,900.0,131,131,0.9967333333333332,913.0381679389312,65.71466791518964,37.18395021842794,0.0407255156729822,51.875799097484645
S18,DMT,Low,session2,28,810.0,870.0,930.0,130,130,1.000733333333333,923.753846153846,64.95236826327361,35.64162708682125,0.0385834681340913,41.41902748503094
S18,DMT,Low,session2,29,840.0,900.0,960.0,131,131,0.9999666666666664,915.9999999999998,65.50218340611356,34.47897910322614,0.0376408068812512,37.79458650694501
S18,DMT,Low,session2,30,870.0,930.0,990.0,132,132,1.0015333333333332,910.4848484848484,65.89895493576518,33.055123980636125,0.0363049687599345,35.76865548555698
S18,DMT,Low,session2,31,900.0,960.0,1020.0,132,132,1.0015666666666667,910.5151515151516,65.89676173994076,31.14506810356864,0.0342059855365848,32.591500050619864
S18,DMT,Low,session2,32,930.0,990.0,1050.0,132,132,0.9959000000000005,905.3636363636368,66.27171402751277,30.748425144308992,0.0339625139660004,37.30077311833908
S18,DMT,Low,session2,33,960.0,1020.0,1080.0,133,133,1.0004999999999995,902.7067669172928,66.46676661669169,31.61702648314488,0.0350246920061491,40.36364662680387
S18,DMT,Low,session2,34,990.0,1050.0,1110.0,131,131,0.9971666666666672,913.4351145038174,65.68611064683265,34.411089446901144,0.03767217714812,46.7795318877926
S18,DMT,Low,session2,35,1020.0,1080.0,1140.0,130,130,1.000866666666667,923.8769230769234,64.94371544661291,37.46378095867036,0.0405506188355687,52.76818036161531
S18,RS,Low,session2,1,0.0,60.0,120.0,144,143,0.9840333333333332,825.7622377622378,72.66014023915179,36.20287125800917,0.043841761711115,56.18204289853613
S18,RS,Low,session2,2,30.0,90.0,150.0,147,147,0.9997,816.0816326530611,73.52205661698511,35.79239989733931,0.0438588475284992,50.63859460006403
S18,RS,Low,session2,3,60.0,120.0,180.0,146,146,1.0045000000000002,825.6164383561645,72.67297162767545,36.7507916874624,0.044513154026626,56.49550000681736
S18,RS,Low,session2,4,90.0,150.0,210.0,148,148,0.9983666666666668,809.4864864864865,74.12106440519516,33.44037235739726,0.0413105998872725,53.83023029575174
S18,RS,Low,session2,5,120.0,180.0,240.0,147,147,1.0035666666666665,819.2380952380951,73.23878167867939,35.741844553055934,0.0436281525002426,58.284767780708194
S18,RS,Low,session2,6,150.0,210.0,270.0,146,146,0.9984333333333332,820.6301369863012,73.11454612225822,34.07577762413504,0.0415239169125272,58.00868112186512
S18,RS,Low,session2,7,180.0,240.0,300.0,147,147,1.0003333333333333,816.5986394557823,73.47550816394535,30.2772576163524,0.0370772814862029,51.795919321990176
S18,RS,Low,session2,8,210.0,270.0,330.0,145,145,0.9985666666666668,826.4,72.60406582768636,29.30111867412996,0.0354563391506896,44.05148502982922
S18,RS,Low,session2,9,240.0,300.0,360.0,145,145,0.999666666666667,827.3103448275865,72.52417472490828,25.33552622087708,0.0306239688398397,35.12626376559591
S18,RS,Low,session2,10,270.0,330.0,390.0,146,146,1.0052,826.1917808219179,72.62236370871467,26.603603593083022,0.0322002762683224,37.944662987311055
S18,RS,Low,session2,11,300.0,360.0,420.0,144,144,0.9946666666666668,828.888888888889,72.38605898123323,27.479680986737563,0.0331524301448576,36.34625847388654
S18,RS,Low,session2,12,330.0,390.0,450.0,143,143,0.9983666666666664,837.7902097902096,71.61697439150615,28.58345823211477,0.0341176799371674,38.77178681428818
S18,RS,Low,session2,13,360.0,420.0,480.0,144,144,1.0011666666666663,834.3055555555554,71.91609788579991,28.242704361490556,0.0338517515236777,40.49091718539484
S18,RS,Low,session2,14,390.0,450.0,510.0,143,143,0.9952,835.132867132867,71.84485530546625,27.91738314545844,0.033428672543212,41.721112594080296
S18,RS,Low,session2,15,420.0,480.0,540.0,145,145,0.9989333333333336,826.7034482758621,72.57741591030432,29.02297940138292,0.0351068807828393,46.50658915948247
S19,DMT,Low,session1,1,0.0,60.0,120.0,150,146,0.9468,778.1917808219179,77.10181664554288,26.549860732123506,0.0341173749022147,78.02964203062521
S19,DMT,Low,session1,2,30.0,90.0,150.0,155,150,0.9504333333333336,760.3466666666668,78.91137375933783,33.03464350092109,0.043446818338461,66.43026182998928
S19,DMT,Low,session1,3,60.0,120.0,180.0,159,154,0.9491,739.5584415584416,81.12949109682857,29.840464697008684,0.0403490285826865,57.22207479030327
S19,DMT,Low,session1,4,90.0,150.0,210.0,165,163,0.9768666666666668,719.1656441717791,83.4300143315362,26.09597670140101,0.0362864618365553,52.57695873830031
S19,DMT,Low,session1,5,120.0,180.0,240.0,166,165,0.9949,723.5636363636364,82.9229068248065,24.353093658337443,0.0336571552721016,45.18583456386337
S19,DMT,Low,session1,6,150.0,210.0,270.0,161,161,0.998366666666667,744.1242236024847,80.6316984407866,15.00666518584403,0.0201668816977804,75.14841629768196
S19,DMT,Low,session1,7,180.0,240.0,300.0,153,153,0.9985333333333332,783.1633986928103,76.61236480170919,17.37511832598789,0.0221858150610574,94.5779028323334
S19,DMT,Low,session1,8,210.0,270.0,330.0,144,144,0.9995666666666664,832.9722222222221,72.03121352586122,20.478199221528904,0.0245844923458512,75.35352061551623
S19,DMT,Low,session1,9,240.0,300.0,360.0,139,139,1.0003666666666668,863.6258992805757,69.4745260071307,25.072648068352937,0.0290318390048736,51.097842119742765
S19,DMT,Low,session1,10,270.0,330.0,390.0,139,139,1.004133333333333,866.8776978417264,69.21391581463287,28.66902585506357,0.0330715923669983,52.37551984199923
S19,DMT,Low,session1,11,300.0,360.0,420.0,136,136,1.001366666666667,883.5588235294119,67.90719350221363,32.55809622244092,0.0368488156706831,71.41104434821008
S19,DMT,Low,session1,12,330.0,390.0,450.0,130,130,0.996466666666667,919.8153846153848,65.23048103298319,31.91461476594872,0.0346967612194197,87.629751824878
S19,DMT,Low,session1,13,360.0,420.0,480.0,124,124,1.000033333333333,967.7741935483868,61.99793340221994,29.27192389398466,0.0302466464689018,78.88376121799205
S19,DMT,Low,session1,14,390.0,450.0,510.0,119,119,1.0003666666666666,1008.7731092436974,59.47819132984573,24.146445855602785,0.0239364487755883,46.735541038730574
S19,DMT,Low,session1,15,420.0,480.0,540.0,117,117,0.9973333333333328,1022.9059829059825,58.65641711229949,25.558587193165508,0.0249862525200565,32.844981484602414
S19,DMT,Low,session1,16,450.0,510.0,570.0,117,117,1.000733333333333,1026.393162393162,58.457131436946256,25.56937823742942,0.0249118750731067,32.2663904526698
S19,DMT,Low,session1,17,480.0,540.0,600.0,117,117,1.0007666666666664,1026.42735042735,58.45518435865838,29.21501739482344,0.0284628204642635,35.41266971777092
S19,DMT,Low,session1,18,510.0,570.0,630.0,117,117,0.9969,1022.4615384615385,58.6819139331929,33.92080025081417,0.033175624681055,39.96151995261474
S19,DMT,Low,session1,19,540.0,600.0,660.0,117,117,0.9998,1025.4358974358977,58.51170234046809,30.04135081218072,0.0292961762771316,32.263832803338694
S19,DMT,Low,session1,20,570.0,630.0,690.0,118,118,0.9993000000000004,1016.237288135594,59.04132893025114,38.987177379232,0.0383642460618213,47.1122823127862
S19,DMT,Low,session1,21,600.0,660.0,720.0,119,119,0.9982666666666666,1006.655462184874,59.60331240817417,45.21886511967362,0.0449199024078499,59.73336758431003
S19,DMT,Low,session1,22,630.0,690.0,750.0,120,120,1.0027000000000004,1002.7000000000004,59.83843622220003,46.281564291589525,0.0461569405520988,64.81033738480471
S19,DMT,Low,session1,23,660.0,720.0,780.0,121,121,1.0057000000000005,997.3884297520668,60.15710450432531,48.818029456336994,0.0489458549950016,67.77159826712253
S19,DMT,Low,session1,24,690.0,750.0,810.0,121,121,1.0019333333333331,993.6528925619832,60.38325903253711,49.64809496177144,0.0499652296424774,68.45664208628462
S19,DMT,Low,session1,25,720.0,780.0,840.0,121,121,0.9948,986.578512396694,60.816244471250506,46.48153755345456,0.047113875854175,66.04616467114963
S19,DMT,Low,session1,26,750.0,810.0,870.0,123,123,1.0012333333333323,976.8130081300804,61.42424343309924,48.1159800999983,0.0492581279114075,69.24408592767419
S19,DMT,Low,session1,27,780.0,840.0,900.0,123,123,0.9965999999999998,972.2926829268292,61.709813365442514,50.16039846103719,0.0515898137894472,71.17960793208914
S19,DMT,Low,session1,28,810.0,870.0,930.0,123,123,1.0000333333333336,975.6422764227644,61.49795006833104,50.56662542188454,0.0518290634219842,73.66384994159844
S19,DMT,Low,session1,29,840.0,900.0,960.0,122,122,1.0027000000000004,986.2622950819676,60.83574349257003,49.25091768243615,0.0499369365817061,71.45984288467507
S19,DMT,Low,session1,30,870.0,930.0,990.0,120,120,0.997133333333334,997.1333333333338,60.17249448418798,51.36260942611127,0.0515102722064363,66.57868704493768
S19,DMT,Low,session1,31,900.0,960.0,1020.0,120,120,1.0034,1003.4,59.79669124975084,49.11040554478316,0.0489439959585241,61.55552252187464
S19,DMT,Low,session1,32,930.0,990.0,1050.0,121,121,1.003966666666667,995.6694214876034,60.2609648394701,46.75325300625438,0.0469566022590124,61.85701097824268
S19,DMT,Low,session1,33,960.0,1020.0,1080.0,121,121,0.9957999999999988,987.5702479338833,60.755171721229225,50.14645218424038,0.0507776052277322,66.91049076268857
S19,DMT,Low,session1,34,990.0,1050.0,1110.0,121,121,0.997133333333333,988.8925619834708,60.67393193822293,45.952149024822354,0.0464682927057858,63.3603190297136
S19,DMT,Low,session1,35,1020.0,1080.0,1140.0,121,121,0.9943999999999998,986.181818181818,60.84070796460179,46.65761817037978,0.0473113753571329,67.28447071947099
S19,RS,Low,session1,1,0.0,60.0,120.0,118,118,0.9925666666666664,1009.3898305084743,59.44185109312558,45.83731917400724,0.0454109183474901,59.178136685007786
S19,RS,Low,session1,2,30.0,90.0,150.0,119,119,0.9951,1003.4621848739496,59.792985629584976,43.00098540455502,0.0428526217058758,57.2782074564414
S19,RS,Low,session1,3,60.0,120.0,180.0,122,122,0.9999666666666668,983.5737704918032,61.002033401113366,40.77918769127744,0.0414602228268929,53.97472901685355
S19,RS,Low,session1,4,90.0,150.0,210.0,122,122,0.9967666666666666,980.4262295081968,61.19787312309802,38.78825757390945,0.0395626477612359,49.279925343533705
S19,RS,Low,session1,5,120.0,180.0,240.0,122,122,0.9991,982.72131147541,61.05494945450905,37.01775316772976,0.0376686174762538,45.49748195649502
S19,RS,Low,session1,6,150.0,210.0,270.0,123,123,1.0054666666666665,980.943089430894,61.16562790080893,35.81372573218008,0.0365094836979358,45.44593271364706
S19,RS,Low,session1,7,180.0,240.0,300.0,122,122,1.0010666666666663,984.6557377049178,60.93500266382527,36.559472661985815,0.0371291927341025,46.08683333096517
S19,RS,Low,session1,8,210.0,270.0,330.0,123,123,1.0054666666666667,980.9430894308944,61.1656279008089,40.95259154313067,0.0417481829316824,52.25682178590829
S19,RS,Low,session1,9,240.0,300.0,360.0,122,122,0.9966333333333334,980.2950819672132,61.20606040335797,44.327854422317166,0.04521888892206,57.117927672173344
S19,RS,Low,session1,10,270.0,330.0,390.0,123,123,1.0004,976.0,61.47540983606557,44.05659549440487,0.0451399544000049,58.18906437738156
S19,RS,Low,session1,11,300.0,360.0,420.0,123,123,1.0012,976.780487804878,61.42628845385537,44.716960511390376,0.045779948585872,59.10071101419439
S19,RS,Low,session1,12,330.0,390.0,450.0,123,123,0.9986333333333336,974.2764227642276,61.584165025534894,44.42418481774971,0.0455971054823526,60.19004067896006
S19,RS,Low,session1,13,360.0,420.0,480.0,125,125,1.0024333333333333,962.336,62.3482858377947,41.92774122071384,0.0435687132360358,66.53291011997423
S19,RS,Low,session1,14,390.0,450.0,510.0,126,126,0.9937333333333336,946.4126984126988,63.39728968200723,43.159981464314406,0.0456037641260533,78.61208760400865
S19,RS,Low,session1,15,420.0,480.0,540.0,129,129,1.0050666666666668,934.9457364341084,64.17484743963917,42.27144426205554,0.045212724776177,82.25496851231183
S20,DMT,Low,session1,1,0.0,60.0,120.0,169,168,0.9759666666666664,697.1190476190475,86.06851326889581,38.61955307247928,0.0553987919342918,168.22734864646847
S20,DMT,Low,session1,2,30.0,90.0,150.0,174,173,0.9927666666666664,688.6242774566472,87.1302420844106,41.89767540900432,0.06084257668601,146.0056660662778
S20,DMT,Low,session1,3,60.0,120.0,180.0,160,159,0.9883333333333332,745.9119496855344,80.43844856661048,41.41817195571017,0.0555268915763736,168.24565311772554
S20,DMT,Low,session1,4,90.0,150.0,210.0,139,138,0.9905666666666666,861.3623188405797,69.65709863041357,47.6049923234685,0.0552670940929321,92.68673729555972
S20,DMT,Low,session1,5,120.0,180.0,240.0,133,133,1.0053,907.0375939849624,66.14940813687457,41.70022890715367,0.0459740910230067,71.23354738432623
S20,DMT,Low,session1,6,150.0,210.0,270.0,128,128,1.002133333333333,939.5,63.86375731772219,36.61762408596062,0.0389756509696228,73.74952288648494
S20,DMT,Low,session1,7,180.0,240.0,300.0,127,127,1.0045666666666668,949.1968503937009,63.21133490393868,41.90238088473641,0.0441450905229578,78.34042919938645
S20,DMT,Low,session1,8,210.0,270.0,330.0,122,122,0.9978666666666668,981.5081967213116,61.13041154462854,39.05664460246573,0.0397924793016837,66.65629689481348
S20,DMT,Low,session1,9,240.0,300.0,360.0,120,120,1.0009666666666666,1000.9666666666668,59.94205601252123,42.97976854523143,0.0429382615590576,60.58315118317012
S20,DMT,Low,session1,10,270.0,330.0,390.0,117,117,0.9933666666666664,1018.8376068376068,58.890641253649214,42.54490528274031,0.0417582792362724,68.27138508782167
S20,DMT,Low,session1,11,300.0,360.0,420.0,114,114,0.9996333333333332,1052.2456140350876,57.02090766614426,38.72663440565622,0.0368037974110908,66.06252889464541
S20,DMT,Low,session1,12,330.0,390.0,450.0,112,112,1.0031666666666663,1074.821428571429,55.82322644957634,38.673500483398605,0.035981326251376,59.551811688799454
S20,DMT,Low,session1,13,360.0,420.0,480.0,110,110,0.9965666666666668,1087.163636363637,55.18948389470514,29.143114125245955,0.0268065571276135,43.42779038220961
S20,DMT,Low,session1,14,390.0,450.0,510.0,111,111,1.0050666666666668,1086.5585585585586,55.22021756434067,37.701217728097085,0.0346978240897683,51.53863240939241
S20,DMT,Low,session1,15,420.0,480.0,540.0,110,110,0.9973000000000002,1087.9636363636364,55.14890203549584,38.03426750427384,0.0349591348764173,50.82077290963304
S20,DMT,Low,session1,16,450.0,510.0,570.0,109,109,0.998033333333333,1098.7522935779812,54.60739454260048,36.69493859536971,0.0333969164932308,57.48222848770455
S20,DMT,Low,session1,17,480.0,540.0,600.0,108,108,0.995333333333334,1105.9259259259263,54.25318151373072,39.92703625738492,0.0361028124229535,59.042785643273824
S20,DMT,Low,session1,18,510.0,570.0,630.0,107,107,1.0022666666666666,1124.03738317757,53.37900758281229,32.59355185679054,0.0289968575285734,51.68407755133881
S20,DMT,Low,session1,19,540.0,600.0,660.0,106,106,1.0017666666666665,1134.075471698113,52.90653179383091,38.39642840532457,0.0338570310032642,56.41271354734618
S20,DMT,Low,session1,20,570.0,630.0,690.0,106,106,1.0032666666666672,1135.773584905661,52.82743039404609,38.936333870024,0.0342817744553005,58.60298757520899
S20,DMT,Low,session1,21,600.0,660.0,720.0,103,103,1.0004,1165.514563106796,51.479408236705325,35.44451615539564,0.0304110452819351,52.814485549662685
S20,DMT,Low,session1,22,630.0,690.0,750.0,102,102,0.999066666666667,1175.3725490196082,51.04764446817028,42.57457057218859,0.0362221923659018,59.23003010893295
S20,DMT,Low,session1,23,660.0,720.0,780.0,101,101,0.996333333333333,1183.7623762376234,50.68584810973572,39.46441435015248,0.0333381218581917,50.860819599146886
S20,DMT,Low,session1,24,690.0,750.0,810.0,101,101,0.998533333333333,1186.376237623762,50.57417545733744,39.18162834799701,0.0330263091129297,48.42867982614183
S20,DMT,Low,session1,25,720.0,780.0,840.0,103,103,1.003066666666666,1168.6213592233005,51.34254951482124,49.38206390274566,0.0422566843511797,65.52534556841233
S20,DMT,Low,session1,26,750.0,810.0,870.0,102,102,0.9915666666666662,1166.5490196078426,51.433758026019454,47.83138701896857,0.0410024664330419,62.72691519689105
S20,DMT,Low,session1,27,780.0,840.0,900.0,103,103,1.0017666666666665,1167.1067961165047,51.409177120420594,48.11261299713309,0.0412238307215977,61.56630613735796
S20,DMT,Low,session1,28,810.0,870.0,930.0,102,102,0.9956666666666668,1171.3725490196075,51.22196183461668,52.323441919057366,0.0446684890838956,68.28651368940646
S20,DMT,Low,session1,29,840.0,900.0,960.0,102,102,1.0051666666666668,1182.549019607843,50.73785441883601,45.34400961450675,0.0383442959764524,52.374248727041845
S20,DMT,Low,session1,30,870.0,930.0,990.0,102,102,1.0083333333333333,1186.274509803921,50.57851239669422,41.8559528870052,0.0352835305328473,49.4676925997497
S20,DMT,Low,session1,31,900.0,960.0,1020.0,102,102,1.0019000000000002,1178.7058823529417,50.90328376085436,51.1878698502044,0.0434271777349772,61.62463636110945
S20,DMT,Low,session1,32,930.0,990.0,1050.0,102,102,1.0038000000000002,1180.9411764705883,50.806933652121934,48.09067343348433,0.0407223275736816,56.031607686980266
S20,DMT,Low,session1,33,960.0,1020.0,1080.0,103,103,0.9952999999999992,1159.5728155339798,51.74319300713356,54.72354764326178,0.0471928514623393,75.21767130992572
S20,DMT,Low,session1,34,990.0,1050.0,1110.0,104,104,0.9957,1148.8846153846157,52.22456563221853,57.97890476764778,0.0504653852887028,73.78574436633559
S20,DMT,Low,session1,35,1020.0,1080.0,1140.0,103,103,1.0010999999999994,1166.3300970873777,51.44341224652886,54.248520355702055,0.0465121499403765,75.77163683086712
S20,RS,Low,session1,1,0.0,60.0,120.0,100,100,0.9870666666666666,1184.48,50.65513980818587,46.787721777095534,0.0395006431320879,58.59301161487595
S20,RS,Low,session1,2,30.0,90.0,150.0,101,101,1.0010000000000003,1189.3069306930695,50.44955044955044,45.822265330295096,0.0385285447748901,56.93535677841243
S20,RS,Low,session1,3,60.0,120.0,180.0,102,102,0.9998333333333332,1176.274509803921,51.00850141690283,50.79642928122679,0.0431841622494176,62.66746386271774
S20,RS,Low,session1,4,90.0,150.0,210.0,103,103,1.0027,1168.1941747572814,51.361324424055056,47.5732665083476,0.0407237662507878,62.18600470700868
S20,RS,Low,session1,5,120.0,180.0,240.0,103,103,0.9976666666666668,1162.3300970873788,51.62044771132642,47.58975009101442,0.0409434034361383,63.73357356221313
S20,RS,Low,session1,6,150.0,210.0,270.0,105,105,1.0036,1146.9714285714288,52.31167795934635,47.28473489241331,0.0412257304014165,71.89742387901872
S20,RS,Low,session1,7,180.0,240.0,300.0,105,105,0.9998,1142.6285714285716,52.51050210042008,47.57989232696516,0.041640733932881,68.1239336039101
S20,RS,Low,session1,8,210.0,270.0,330.0,106,106,1.0072666666666663,1140.3018867924527,52.6176451121848,50.78132390103823,0.0445332279891956,71.25904050398428
S20,RS,Low,session1,9,240.0,300.0,360.0,107,107,1.0067999999999997,1129.1214953271024,53.13865713150578,51.50416726132303,0.0456143714157194,71.24508725603327
S20,RS,Low,session1,10,270.0,330.0,390.0,106,106,0.9967666666666664,1128.4150943396223,53.17192254957698,46.63944784447784,0.0413318184756935,62.84415613616698
S20,RS,Low,session1,11,300.0,360.0,420.0,106,106,0.9954999999999998,1126.9811320754716,53.23957810145656,50.6686716395252,0.0449596450174926,67.7183215177562
S20,RS,Low,session1,12,330.0,390.0,450.0,106,106,1.0001,1132.1886792452829,52.99470052994701,48.06027960999062,0.0424490020886162,68.8283044224358
S20,RS,Low,session1,13,360.0,420.0,480.0,105,105,0.9976666666666668,1140.1904761904764,52.62278650183761,50.672401834651176,0.0444420497213362,71.90031764641702
S20,RS,Low,session1,14,390.0,450.0,510.0,106,106,1.0048666666666668,1137.5849056603774,52.74331586280103,51.69581359121194,0.0454434770837628,77.53866843920243
S20,RS,Low,session1,15,420.0,480.0,540.0,106,106,1.0033999999999996,1135.9245283018863,52.820410603946605,50.85778490766422,0.0447721513538337,74.02029298500044
