variable,comparison,n,time_min,t,p_uncorrected,p_fdr,sig_fdr,p_cluster,sig_cluster
emotional_intensity_z,state,18,0.0,4.613559224341023,0.00024779847651772456,0.00024779847651772456,True,7.62939453125e-06,True
emotional_intensity_z,state,18,0.06666666666666667,4.82272320492249,0.00015904343865123184,0.0001601108442797636,True,7.62939453125e-06,True
emotional_intensity_z,state,18,0.13333333333333333,5.002619084226626,0.00010897944590170116,0.00011045214111658901,True,7.62939453125e-06,True
emotional_intensity_z,state,18,0.2,5.1980017287895155,7.256500125713342e-05,7.404591965013614e-05,True,7.62939453125e-06,True
emotional_intensity_z,state,18,0.26666666666666666,5.3979288000922105,4.8078801555545566e-05,4.939602899542353e-05,True,7.62939453125e-06,True
emotional_intensity_z,state,18,0.3333333333333333,5.6042503190802035,3.159744908392954e-05,3.268701629372021e-05,True,7.62939453125e-06,True
emotional_intensity_z,state,18,0.4,5.797946333593366,2.1410048507343755e-05,2.230213386181641e-05,True,7.62939453125e-06,True
emotional_intensity_z,state,18,0.4666666666666667,5.988493703592192,1.4668607322821012e-05,1.5386651037924137e-05,True,7.62939453125e-06,True
emotional_intensity_z,state,18,0.5333333333333333,6.184769987133998,9.986278982663077e-06,1.0548886249291983e-05,True,7.62939453125e-06,True
emotional_intensity_z,state,18,0.6,6.402418157223719,6.5594110928390135e-06,6.978096907275547e-06,True,7.62939453125e-06,True
emotional_intensity_z,state,18,0.6666666666666666,6.622586827813216,4.3157162114084084e-06,4.623981655080438e-06,True,7.62939453125e-06,True
emotional_intensity_z,state,18,0.7333333333333333,6.839366116545836,2.8763658578476515e-06,3.10399193292912e-06,True,7.62939453125e-06,True
emotional_intensity_z,state,18,0.8,7.055527695564424,1.9315570963656663e-06,2.0995185830061593e-06,True,7.62939453125e-06,True
emotional_intensity_z,state,18,0.8666666666666667,7.26940851848196,1.3107108177315025e-06,1.435084836932302e-06,True,7.62939453125e-06,True
emotional_intensity_z,state,18,0.9333333333333333,7.472735424704484,9.117975494546422e-07,1.0056590618985025e-06,True,7.62939453125e-06,True
emotional_intensity_z,state,18,1.0,7.675423718643184,6.385135805127985e-07,7.094595339031095e-07,True,7.62939453125e-06,True
emotional_intensity_z,state,18,1.0666666666666667,7.902259384026483,4.313184973366504e-07,4.82819213436549e-07,True,7.62939453125e-06,True
emotional_intensity_z,state,18,1.1333333333333333,8.132962052733198,2.914070268045701e-07,3.286545415089137e-07,True,7.62939453125e-06,True
emotional_intensity_z,state,18,1.2,8.37042940887398,1.9601599309326378e-07,2.2274544669689067e-07,True,7.62939453125e-06,True
emotional_intensity_z,state,18,1.2666666666666666,8.586023840613953,1.375953104688519e-07,1.5755188221624264e-07,True,7.62939453125e-06,True
emotional_intensity_z,state,18,1.3333333333333333,8.778395513317047,1.0082460066631007e-07,1.1815382890583212e-07,True,7.62939453125e-06,True
emotional_intensity_z,state,18,1.4,8.949881830567792,7.670563977917682e-08,9.809084046725432e-08,True,7.62939453125e-06,True
emotional_intensity_z,state,18,1.4666666666666666,9.138092226146723,5.7049710663470516e-08,7.640586249571945e-08,True,7.62939453125e-06,True
emotional_intensity_z,state,18,1.5333333333333334,9.296697177888271,4.459625158714394e-08,6.310790318935463e-08,True,7.62939453125e-06,True
emotional_intensity_z,state,18,1.6,9.487551542789243,3.3285562873404706e-08,5.0947290112354135e-08,True,7.62939453125e-06,True
emotional_intensity_z,state,18,1.6666666666666667,9.66294337043192,2.5531494191618597e-08,4.208488053563505e-08,True,7.62939453125e-06,True
emotional_intensity_z,state,18,1.7333333333333334,9.834431316096838,1.9764554971370603e-08,3.4473060996576634e-08,True,7.62939453125e-06,True
emotional_intensity_z,state,18,1.8,10.007353628600935,1.53168728788929e-08,2.7681095564264278e-08,True,7.62939453125e-06,True
emotional_intensity_z,state,18,1.8666666666666667,10.213543966833464,1.1348983527482236e-08,2.1824968322081223e-08,True,7.62939453125e-06,True
emotional_intensity_z,state,18,1.9333333333333333,10.421990937815366,8.419209986928106e-09,1.7299746548482412e-08,True,7.62939453125e-06,True
emotional_intensity_z,state,18,2.0,10.639507963116728,6.194236444191176e-09,1.34657314004156e-08,True,7.62939453125e-06,True
emotional_intensity_z,state,18,2.066666666666667,10.843402436482881,4.6655622116526096e-09,1.0603550481028658e-08,True,7.62939453125e-06,True
emotional_intensity_z,state,18,2.1333333333333333,11.021033649281529,3.6568164527371612e-09,8.570663561102721e-09,True,7.62939453125e-06,True
emotional_intensity_z,state,18,2.2,11.19785184083782,2.877931593463434e-09,7.076880967533034e-09,True,7.62939453125e-06,True
emotional_intensity_z,state,18,2.2666666666666666,11.366748584128343,2.2956194763253628e-09,5.836320702522109e-09,True,7.62939453125e-06,True
emotional_intensity_z,state,18,2.3333333333333335,11.512021797650691,1.8939071849807986e-09,4.98396627626526e-09,True,7.62939453125e-06,True
emotional_intensity_z,state,18,2.4,11.65889954020411,1.5621857854106502e-09,4.260506687483592e-09,True,7.62939453125e-06,True
emotional_intensity_z,state,18,2.466666666666667,11.801576942972774,1.2980509203832099e-09,3.744377654951567e-09,True,7.62939453125e-06,True
emotional_intensity_z,state,18,2.533333333333333,11.954737391209358,1.0660961849403284e-09,3.252858793403464e-09,True,7.62939453125e-06,True
emotional_intensity_z,state,18,2.6,12.094940770490682,8.918627895597442e-10,2.8463706049779065e-09,True,7.62939453125e-06,True
emotional_intensity_z,state,18,2.6666666666666665,12.231137121499806,7.511087986871458e-10,2.5036959956238195e-09,True,7.62939453125e-06,True
emotional_intensity_z,state,18,2.7333333333333334,12.381704958527036,6.223191095024752e-10,2.170880614543518e-09,True,7.62939453125e-06,True
emotional_intensity_z,state,18,2.8,12.503306805813336,5.353343386650409e-10,1.958540263408686e-09,True,7.62939453125e-06,True
emotional_intensity_z,state,18,2.8666666666666667,12.61144762962301,4.687154502677112e-10,1.8027517317988894e-09,True,7.62939453125e-06,True
emotional_intensity_z,state,18,2.933333333333333,12.669255179510008,4.3673957773893046e-10,1.723972017390515e-09,True,7.62939453125e-06,True
emotional_intensity_z,state,18,3.0,12.771128629030136,3.8585312266154384e-10,1.6077213444230994e-09,True,7.62939453125e-06,True
emotional_intensity_z,state,18,3.066666666666667,12.872528200131256,3.4136649482321556e-10,1.5060286536318335e-09,True,7.62939453125e-06,True
emotional_intensity_z,state,18,3.1333333333333333,12.985208095157768,2.98198297992816e-10,1.4832653515869102e-09,True,7.62939453125e-06,True
emotional_intensity_z,state,18,3.2,13.092658039946176,2.623650132214143e-10,1.4832653515869102e-09,True,7.62939453125e-06,True
emotional_intensity_z,state,18,3.2666666666666666,13.17481192741001,2.38040432310108e-10,1.4832653515869102e-09,True,7.62939453125e-06,True
emotional_intensity_z,state,18,3.3333333333333335,13.268209200049755,2.1324456577472906e-10,1.4832653515869102e-09,True,7.62939453125e-06,True
emotional_intensity_z,state,18,3.4,13.311962319530867,2.0257906708119868e-10,1.4832653515869102e-09,True,7.62939453125e-06,True
emotional_intensity_z,state,18,3.466666666666667,13.36170081251967,1.911335647473702e-10,1.4832653515869102e-09,True,7.62939453125e-06,True
emotional_intensity_z,state,18,3.533333333333333,13.423205508029557,1.7791511525792662e-10,1.4832653515869102e-09,True,7.62939453125e-06,True
emotional_intensity_z,state,18,3.6,13.510464281211974,1.6079047208536076e-10,1.4832653515869102e-09,True,7.62939453125e-06,True
emotional_intensity_z,state,18,3.6666666666666665,13.572746147261137,1.4963533686855043e-10,1.4832653515869102e-09,True,7.62939453125e-06,True
emotional_intensity_z,state,18,3.7333333333333334,13.603366522139154,1.444528828319848e-10,1.4832653515869102e-09,True,7.62939453125e-06,True
emotional_intensity_z,state,18,3.8,13.592420557292206,1.4628340682394453e-10,1.4832653515869102e-09,True,7.62939453125e-06,True
emotional_intensity_z,state,18,3.8666666666666667,13.588328323682207,1.469740258229475e-10,1.4832653515869102e-09,True,7.62939453125e-06,True
emotional_intensity_z,state,18,3.933333333333333,13.581007495510557,1.4821809823805137e-10,1.4832653515869102e-09,True,7.62939453125e-06,True
emotional_intensity_z,state,18,4.0,13.580201777941408,1.483556949483643e-10,1.4832653515869102e-09,True,7.62939453125e-06,True
emotional_intensity_z,state,18,4.066666666666666,13.570905148949347,1.4995310243027943e-10,1.4832653515869102e-09,True,7.62939453125e-06,True
emotional_intensity_z,state,18,4.133333333333334,13.616045154162107,1.4236272946659853e-10,1.4832653515869102e-09,True,7.62939453125e-06,True
emotional_intensity_z,state,18,4.2,13.672454029931659,1.334423646740851e-10,1.4832653515869102e-09,True,7.62939453125e-06,True
emotional_intensity_z,state,18,4.266666666666667,13.446949564523981,1.7307296204690232e-10,1.4832653515869102e-09,True,7.62939453125e-06,True
emotional_intensity_z,state,18,4.333333333333333,13.095097971636601,2.616060559113704e-10,1.4832653515869102e-09,True,7.62939453125e-06,True
emotional_intensity_z,state,18,4.4,13.063769872005352,2.715292574239557e-10,1.4832653515869102e-09,True,7.62939453125e-06,True
emotional_intensity_z,state,18,4.466666666666667,13.118744599439012,2.543693057175262e-10,1.4832653515869102e-09,True,7.62939453125e-06,True
emotional_intensity_z,state,18,4.533333333333333,13.067870623585108,2.7020809326253823e-10,1.4832653515869102e-09,True,7.62939453125e-06,True
emotional_intensity_z,state,18,4.6,13.00262513237288,2.9205659701932055e-10,1.4832653515869102e-09,True,7.62939453125e-06,True
emotional_intensity_z,state,18,4.666666666666667,12.970860009940544,3.033599750993038e-10,1.4832653515869102e-09,True,7.62939453125e-06,True
emotional_intensity_z,state,18,4.733333333333333,12.928587252250303,3.1912187288827604e-10,1.4832653515869102e-09,True,7.62939453125e-06,True
emotional_intensity_z,state,18,4.8,12.914983583193285,3.2437577540765205e-10,1.4832653515869102e-09,True,7.62939453125e-06,True
emotional_intensity_z,state,18,4.866666666666666,12.918757807571751,3.2290905472000614e-10,1.4832653515869102e-09,True,7.62939453125e-06,True
emotional_intensity_z,state,18,4.933333333333334,12.93088200060346,3.1824448427204617e-10,1.4832653515869102e-09,True,7.62939453125e-06,True
emotional_intensity_z,state,18,5.0,12.924631899412775,3.2064017308860997e-10,1.4832653515869102e-09,True,7.62939453125e-06,True
emotional_intensity_z,state,18,5.066666666666666,12.969223824999796,3.0395453683176356e-10,1.4832653515869102e-09,True,7.62939453125e-06,True
emotional_intensity_z,state,18,5.133333333333334,12.981994160585929,2.993464057824313e-10,1.4832653515869102e-09,True,7.62939453125e-06,True
emotional_intensity_z,state,18,5.2,12.968144701460222,3.04347343540046e-10,1.4832653515869102e-09,True,7.62939453125e-06,True
emotional_intensity_z,state,18,5.266666666666667,12.91001237670697,3.263183773491202e-10,1.4832653515869102e-09,True,7.62939453125e-06,True
emotional_intensity_z,state,18,5.333333333333333,12.82800187194977,3.6019675655301167e-10,1.543700385227193e-09,True,7.62939453125e-06,True
emotional_intensity_z,state,18,5.4,12.741845254941603,3.998073006062336e-10,1.620840407863109e-09,True,7.62939453125e-06,True
emotional_intensity_z,state,18,5.466666666666667,12.580087306736948,4.870850998098346e-10,1.8265691242868797e-09,True,7.62939453125e-06,True
emotional_intensity_z,state,18,5.533333333333333,12.4574031788546,5.665620366573044e-10,2.0234358452046583e-09,True,7.62939453125e-06,True
emotional_intensity_z,state,18,5.6,12.31512231283051,6.761411946309182e-10,2.30502679987813e-09,True,7.62939453125e-06,True
emotional_intensity_z,state,18,5.666666666666667,12.178563912316402,8.02449428135649e-10,2.6166829178336383e-09,True,7.62939453125e-06,True
emotional_intensity_z,state,18,5.733333333333333,12.061661674574907,9.303102655684951e-10,2.9072195799015473e-09,True,7.62939453125e-06,True
emotional_intensity_z,state,18,5.8,11.941512648539803,1.0842862644678214e-09,3.252858793403464e-09,True,7.62939453125e-06,True
emotional_intensity_z,state,18,5.866666666666666,11.814433044564339,1.2766783155867567e-09,3.744377654951567e-09,True,7.62939453125e-06,True
emotional_intensity_z,state,18,5.933333333333334,11.72315523313134,1.4368437924781474e-09,4.066539035315511e-09,True,7.62939453125e-06,True
emotional_intensity_z,state,18,6.0,11.682448112775955,1.5149648312307038e-09,4.208235642307511e-09,True,7.62939453125e-06,True
emotional_intensity_z,state,18,6.066666666666666,11.58734592866979,1.7154099736532612e-09,4.594848143714093e-09,True,7.62939453125e-06,True
emotional_intensity_z,state,18,6.133333333333334,11.476536911747976,1.984669194769314e-09,5.132765158886157e-09,True,7.62939453125e-06,True
emotional_intensity_z,state,18,6.2,11.319640644745741,2.4443825031899064e-09,6.110956257974767e-09,True,7.62939453125e-06,True
emotional_intensity_z,state,18,6.266666666666667,11.170504228280217,2.985972466155166e-09,7.224126934246369e-09,True,7.62939453125e-06,True
emotional_intensity_z,state,18,6.333333333333333,11.034742594526419,3.5891558442313685e-09,8.54560915293183e-09,True,7.62939453125e-06,True
emotional_intensity_z,state,18,6.4,10.935583591450103,4.109933151766389e-09,9.484461119460898e-09,True,7.62939453125e-06,True
emotional_intensity_z,state,18,6.466666666666667,10.764801826586243,5.201669280099633e-09,1.1645528239029029e-08,True,7.62939453125e-06,True
emotional_intensity_z,state,18,6.533333333333333,10.648123792370715,6.1199904179993995e-09,1.34657314004156e-08,True,7.62939453125e-06,True
emotional_intensity_z,state,18,6.6,10.550074175779587,7.0232584825871425e-09,1.5049839605543878e-08,True,7.62939453125e-06,True
emotional_intensity_z,state,18,6.666666666666667,10.461379029197627,7.961279153830222e-09,1.6819603846120187e-08,True,7.62939453125e-06,True
emotional_intensity_z,state,18,6.733333333333333,10.431464528361486,8.306599068049116e-09,1.7299746548482412e-08,True,7.62939453125e-06,True
emotional_intensity_z,state,18,6.8,10.410233796755257,8.561199001665173e-09,1.7353781760132106e-08,True,7.62939453125e-06,True
emotional_intensity_z,state,18,6.866666666666666,10.320912039167936,9.725577037239037e-09,1.9451154074478075e-08,True,7.62939453125e-06,True
emotional_intensity_z,state,18,6.933333333333334,10.263235362842796,1.0564886401885954e-08,2.085174947740649e-08,True,7.62939453125e-06,True
emotional_intensity_z,state,18,7.0,10.22053546559209,1.123506584378565e-08,2.1824968322081223e-08,True,7.62939453125e-06,True
emotional_intensity_z,state,18,7.066666666666666,10.165143202615576,1.2171631840660336e-08,2.3110693368342407e-08,True,7.62939453125e-06,True
emotional_intensity_z,state,18,7.133333333333334,10.10386387058864,1.3303934700551563e-08,2.494487756353418e-08,True,7.62939453125e-06,True
emotional_intensity_z,state,18,7.2,10.07849433422686,1.3804592645330243e-08,2.5564060454315262e-08,True,7.62939453125e-06,True
emotional_intensity_z,state,18,7.266666666666667,10.034163727997582,1.472749272387301e-08,2.694053547049941e-08,True,7.62939453125e-06,True
emotional_intensity_z,state,18,7.333333333333333,9.958736663052118,1.6449674088557146e-08,2.9374418015280616e-08,True,7.62939453125e-06,True
emotional_intensity_z,state,18,7.4,9.891674976913624,1.8158543813791487e-08,3.204448908316144e-08,True,7.62939453125e-06,True
emotional_intensity_z,state,18,7.466666666666667,9.796944073389463,2.0896512628900088e-08,3.602847004982773e-08,True,7.62939453125e-06,True
emotional_intensity_z,state,18,7.533333333333333,9.75155076844535,2.2358905967656595e-08,3.811177153577829e-08,True,7.62939453125e-06,True
emotional_intensity_z,state,18,7.6,9.712227335426556,2.371254845687465e-08,3.99649693093393e-08,True,7.62939453125e-06,True
emotional_intensity_z,state,18,7.666666666666667,9.678915787021554,2.49264755157002e-08,4.1544125859500334e-08,True,7.62939453125e-06,True
emotional_intensity_z,state,18,7.733333333333333,9.60053181943847,2.804731663856686e-08,4.572932060635901e-08,True,7.62939453125e-06,True
emotional_intensity_z,state,18,7.8,9.591489853016224,2.8432826288512367e-08,4.585939723953608e-08,True,7.62939453125e-06,True
emotional_intensity_z,state,18,7.866666666666666,9.564110011623889,2.9634444734666055e-08,4.7289007555318175e-08,True,7.62939453125e-06,True
emotional_intensity_z,state,18,7.933333333333334,9.545140530617386,3.04981062785346e-08,4.8154904650317796e-08,True,7.62939453125e-06,True
emotional_intensity_z,state,18,8.0,9.521563033903691,3.160850619564412e-08,4.938829093069393e-08,True,7.62939453125e-06,True
emotional_intensity_z,state,18,8.066666666666666,9.496806615504394,3.282016687805598e-08,5.075283537843708e-08,True,7.62939453125e-06,True
emotional_intensity_z,state,18,8.133333333333333,9.478314147728495,3.375697475243736e-08,5.1146931443086914e-08,True,7.62939453125e-06,True
emotional_intensity_z,state,18,8.2,9.435446272114941,3.6038087519887666e-08,5.40571312798315e-08,True,7.62939453125e-06,True
emotional_intensity_z,state,18,8.266666666666667,9.405038291477835,3.775378401382779e-08,5.606997625816009e-08,True,7.62939453125e-06,True
emotional_intensity_z,state,18,8.333333333333334,9.3802364164188,3.9216521573004484e-08,5.7671355254418354e-08,True,7.62939453125e-06,True
emotional_intensity_z,state,18,8.4,9.34308330760205,4.151984734389645e-08,6.046579710276182e-08,True,7.62939453125e-06,True
emotional_intensity_z,state,18,8.466666666666667,9.289211988945953,4.511465518259303e-08,6.323792756455574e-08,True,7.62939453125e-06,True
emotional_intensity_z,state,18,8.533333333333333,9.248164522397872,4.807200742093964e-08,6.555273739219042e-08,True,7.62939453125e-06,True
emotional_intensity_z,state,18,8.6,9.283261029320903,4.5531307846480134e-08,6.323792756455574e-08,True,7.62939453125e-06,True
emotional_intensity_z,state,18,8.666666666666666,9.32743586342265,4.2531960882655745e-08,6.075994411807964e-08,True,7.62939453125e-06,True
emotional_intensity_z,state,18,8.733333333333333,9.32904224766893,4.2426875111677234e-08,6.075994411807964e-08,True,7.62939453125e-06,True
emotional_intensity_z,state,18,8.8,9.249918777765883,4.7941550052795017e-08,6.555273739219042e-08,True,7.62939453125e-06,True
emotional_intensity_z,state,18,8.866666666666667,9.158667217230446,5.5246814852617547e-08,7.465785790894264e-08,True,7.62939453125e-06,True
emotional_intensity_z,state,18,8.933333333333334,9.059917721486007,6.448189009954301e-08,8.559542933567656e-08,True,7.62939453125e-06,True
emotional_intensity_z,state,18,9.0,9.022435778930257,6.839876345369533e-08,8.999837296538859e-08,True,7.62939453125e-06,True
emotional_intensity_z,state,18,9.066666666666666,8.96801155826192,7.453549977128563e-08,9.722021709298127e-08,True,7.62939453125e-06,True
emotional_intensity_z,state,18,9.133333333333333,8.896057503095694,8.354709692115483e-08,1.0485797648612815e-07,True,7.62939453125e-06,True
emotional_intensity_z,state,18,9.2,8.860917172290872,8.8356100377207e-08,1.0863454964410697e-07,True,7.62939453125e-06,True
emotional_intensity_z,state,18,9.266666666666667,8.893509646278169,8.388638118890252e-08,1.0485797648612815e-07,True,7.62939453125e-06,True
emotional_intensity_z,state,18,9.333333333333334,8.946114859086663,7.716479450090673e-08,9.809084046725432e-08,True,7.62939453125e-06,True
emotional_intensity_z,state,18,9.4,8.95447486187812,7.614966549026134e-08,9.809084046725432e-08,True,7.62939453125e-06,True
emotional_intensity_z,state,18,9.466666666666667,8.888166509866565,8.460259186029626e-08,1.0487924610780527e-07,True,7.62939453125e-06,True
emotional_intensity_z,state,18,9.533333333333333,8.819385216953581,9.441596064708676e-08,1.1514141542327653e-07,True,7.62939453125e-06,True
emotional_intensity_z,state,18,9.6,8.79148442535814,9.873009142919294e-08,1.175358231299916e-07,True,7.62939453125e-06,True
emotional_intensity_z,state,18,9.666666666666666,8.799465017784613,9.747542318025023e-08,1.1697050781630028e-07,True,7.62939453125e-06,True
emotional_intensity_z,state,18,9.733333333333333,8.801296768215927,9.718980715822921e-08,1.1697050781630028e-07,True,7.62939453125e-06,True
emotional_intensity_z,state,18,9.8,8.786102198924777,9.958579545019772e-08,1.1762101824826503e-07,True,7.62939453125e-06,True
emotional_intensity_z,state,18,9.866666666666667,8.718553068570452,1.1101045303446792e-07,1.2908192213310225e-07,True,7.62939453125e-06,True
emotional_intensity_z,state,18,9.933333333333334,8.661694795565886,1.2168915743822622e-07,1.404105662748764e-07,True,7.62939453125e-06,True
emotional_intensity_z,dose,18,0.0,1.7858248500535947,0.09197723578918703,0.13526794774329723,False,,False
emotional_intensity_z,dose,18,0.06666666666666667,1.8548593828746907,0.08104407439657854,0.12597524517602882,False,,False
emotional_intensity_z,dose,18,0.13333333333333333,1.91472728789687,0.07250994344306903,0.11886875974273613,False,,False
emotional_intensity_z,dose,18,0.2,2.0160416929072746,0.05988120319338043,0.10595341274574756,False,,False
emotional_intensity_z,dose,18,0.26666666666666666,2.115467372874266,0.04945483848838265,0.09789152431806852,False,0.02494049072265625,True
emotional_intensity_z,dose,18,0.3333333333333333,2.218010296236272,0.04046328042129808,0.08670702947421016,False,0.02494049072265625,True
emotional_intensity_z,dose,18,0.4,2.331104478731382,0.03231252090937258,0.07668971580115574,False,0.02494049072265625,True
emotional_intensity_z,dose,18,0.4666666666666667,2.4267185415302657,0.026644398188264157,0.07370669374647346,False,0.02494049072265625,True
emotional_intensity_z,dose,18,0.5333333333333333,2.5278808434946622,0.021673096145771044,0.06312552275467294,False,0.02494049072265625,True
emotional_intensity_z,dose,18,0.6,2.62954361216296,0.017571273060802143,0.06059059676138669,False,0.02494049072265625,True
emotional_intensity_z,dose,18,0.6666666666666666,2.718770569989768,0.014591475032725034,0.05641713598021701,False,0.02494049072265625,True
emotional_intensity_z,dose,18,0.7333333333333333,2.8021195954706264,0.012250627063912299,0.05404688410549544,False,0.02494049072265625,True
emotional_intensity_z,dose,18,0.8,2.8684826150237677,0.01064999423059407,0.05375515235723093,False,0.02494049072265625,True
emotional_intensity_z,dose,18,0.8666666666666667,2.933529868347809,0.00927850837957794,0.05375515235723093,False,0.02494049072265625,True
emotional_intensity_z,dose,18,0.9333333333333333,3.0000824562723953,0.00805328093810969,0.05375515235723093,False,0.02494049072265625,True
emotional_intensity_z,dose,18,1.0,3.0722778656404883,0.006902365975382259,0.05375515235723093,False,0.02494049072265625,True
emotional_intensity_z,dose,18,1.0666666666666667,3.1841771594106123,0.005429233913437391,0.049988108436228786,True,0.02494049072265625,True
emotional_intensity_z,dose,18,1.1333333333333333,3.2964607530151224,0.004262539529868449,0.049988108436228786,True,0.02494049072265625,True
emotional_intensity_z,dose,18,1.2,3.387551469491953,0.0035008244682470614,0.049988108436228786,True,0.02494049072265625,True
emotional_intensity_z,dose,18,1.2666666666666666,3.4518531623718673,0.003045851192626662,0.049988108436228786,True,0.02494049072265625,True
emotional_intensity_z,dose,18,1.3333333333333333,3.48116235836914,0.002858419721130962,0.049988108436228786,True,0.02494049072265625,True
emotional_intensity_z,dose,18,1.4,3.4970551079764673,0.002761621049573825,0.049988108436228786,True,0.02494049072265625,True
emotional_intensity_z,dose,18,1.4666666666666666,3.5207059613875136,0.0026235671317807016,0.049988108436228786,True,0.02494049072265625,True
emotional_intensity_z,dose,18,1.5333333333333334,3.5289259731216225,0.0025772100147404184,0.049988108436228786,True,0.02494049072265625,True
emotional_intensity_z,dose,18,1.6,3.5255661227260324,0.0025960588058672714,0.049988108436228786,True,0.02494049072265625,True
emotional_intensity_z,dose,18,1.6666666666666667,3.533035841965693,0.0025543385593749337,0.049988108436228786,True,0.02494049072265625,True
emotional_intensity_z,dose,18,1.7333333333333334,3.547889022383653,0.0024733508938110126,0.049988108436228786,True,0.02494049072265625,True
emotional_intensity_z,dose,18,1.8,3.5492003871288533,0.002466324544632009,0.049988108436228786,True,0.02494049072265625,True
emotional_intensity_z,dose,18,1.8666666666666667,3.5473253833768763,0.0024763770124981385,0.049988108436228786,True,0.02494049072265625,True
emotional_intensity_z,dose,18,1.9333333333333333,3.5251505247275188,0.002598399819681814,0.049988108436228786,True,0.02494049072265625,True
emotional_intensity_z,dose,18,2.0,3.500353581172768,0.0027419426270340204,0.049988108436228786,True,0.02494049072265625,True
emotional_intensity_z,dose,18,2.066666666666667,3.468366915838478,0.0029387953557420445,0.049988108436228786,True,0.02494049072265625,True
emotional_intensity_z,dose,18,2.1333333333333333,3.425877662231399,0.0032221236664683565,0.049988108436228786,True,0.02494049072265625,True
emotional_intensity_z,dose,18,2.2,3.3847888288485355,0.0035218121266100064,0.049988108436228786,True,0.02494049072265625,True
emotional_intensity_z,dose,18,2.2666666666666666,3.352348126727801,0.003777772890807352,0.049988108436228786,True,0.02494049072265625,True
emotional_intensity_z,dose,18,2.3333333333333335,3.375153388373508,0.0035959912165573716,0.049988108436228786,True,0.02494049072265625,True
emotional_intensity_z,dose,18,2.4,3.3652597318005224,0.003673766461131608,0.049988108436228786,True,0.02494049072265625,True
emotional_intensity_z,dose,18,2.466666666666667,3.3506477384185693,0.0037916851075276716,0.049988108436228786,True,0.02494049072265625,True
emotional_intensity_z,dose,18,2.533333333333333,3.3271573618927115,0.003989139182633092,0.049988108436228786,True,0.02494049072265625,True
emotional_intensity_z,dose,18,2.6,3.298508042933019,0.004243743461165531,0.049988108436228786,True,0.02494049072265625,True
emotional_intensity_z,dose,18,2.6666666666666665,3.288138676013984,0.004339793099542619,0.049988108436228786,True,0.02494049072265625,True
emotional_intensity_z,dose,18,2.7333333333333334,3.2857283471204966,0.00436242485072006,0.049988108436228786,True,0.02494049072265625,True
emotional_intensity_z,dose,18,2.8,3.28023468430134,0.0044144433146353825,0.049988108436228786,True,0.02494049072265625,True
emotional_intensity_z,dose,18,2.8666666666666667,3.261544190506243,0.0045960403530552136,0.049988108436228786,True,0.02494049072265625,True
emotional_intensity_z,dose,18,2.933333333333333,3.231187799130767,0.004906783679456845,0.049988108436228786,True,0.02494049072265625,True
emotional_intensity_z,dose,18,3.0,3.2001895238206846,0.005245417229111523,0.049988108436228786,True,0.02494049072265625,True
emotional_intensity_z,dose,18,3.066666666666667,3.188583803625264,0.005378025243348209,0.049988108436228786,True,0.02494049072265625,True
emotional_intensity_z,dose,18,3.1333333333333333,3.181384488618589,0.005461934536903198,0.049988108436228786,True,0.02494049072265625,True
emotional_intensity_z,dose,18,3.2,3.1782648986215754,0.005498691927985166,0.049988108436228786,True,0.02494049072265625,True
emotional_intensity_z,dose,18,3.2666666666666666,3.158927121459167,0.005732022987273387,0.05057667341711812,False,0.02494049072265625,True
emotional_intensity_z,dose,18,3.3333333333333335,3.13507809595755,0.006033194935295956,0.05171309944539391,False,0.02494049072265625,True
emotional_intensity_z,dose,18,3.4,3.1112631788994967,0.006349395677576485,0.05291163064647071,False,0.02494049072265625,True
emotional_intensity_z,dose,18,3.466666666666667,3.082460043206897,0.006753556392181554,0.05375515235723093,False,0.02494049072265625,True
emotional_intensity_z,dose,18,3.533333333333333,3.0570038013957737,0.007131619156418065,0.05375515235723093,False,0.02494049072265625,True
emotional_intensity_z,dose,18,3.6,3.025152783540088,0.007633854659581933,0.05375515235723093,False,0.02494049072265625,True
emotional_intensity_z,dose,18,3.6666666666666665,2.995751937422643,0.008127970001006127,0.05375515235723093,False,0.02494049072265625,True
emotional_intensity_z,dose,18,3.7333333333333334,2.974114153428815,0.008511380810300366,0.05375515235723093,False,0.02494049072265625,True
emotional_intensity_z,dose,18,3.8,2.9475318909498087,0.009006541726712823,0.05375515235723093,False,0.02494049072265625,True
emotional_intensity_z,dose,18,3.8666666666666667,2.9143233295253257,0.009664568562132731,0.05375515235723093,False,0.02494049072265625,True
emotional_intensity_z,dose,18,3.933333333333333,2.888948879986731,0.010198565237742768,0.05375515235723093,False,0.02494049072265625,True
emotional_intensity_z,dose,18,4.0,2.864599963504757,0.010737790673420521,0.05375515235723093,False,0.02494049072265625,True
emotional_intensity_z,dose,18,4.066666666666666,2.8486896861626976,0.011104931045714746,0.05375515235723093,False,0.02494049072265625,True
emotional_intensity_z,dose,18,4.133333333333334,2.8295139674353322,0.011563566364419423,0.05375515235723093,False,0.02494049072265625,True
emotional_intensity_z,dose,18,4.2,2.8214613259494525,0.011761572864742718,0.05375515235723093,False,0.02494049072265625,True
emotional_intensity_z,dose,18,4.266666666666667,2.8207210069237423,0.01177993999428806,0.05375515235723093,False,0.02494049072265625,True
emotional_intensity_z,dose,18,4.333333333333333,2.817609073731573,0.011857449504709973,0.05375515235723093,False,0.02494049072265625,True
emotional_intensity_z,dose,18,4.4,2.816107230123987,0.011895032074409048,0.05375515235723093,False,0.02494049072265625,True
emotional_intensity_z,dose,18,4.466666666666667,2.8202085172343994,0.011792670948551355,0.05375515235723093,False,0.02494049072265625,True
emotional_intensity_z,dose,18,4.533333333333333,2.834183434296309,0.01145022738368775,0.05375515235723093,False,0.02494049072265625,True
emotional_intensity_z,dose,18,4.6,2.855761842795128,0.010940261638296839,0.05375515235723093,False,0.02494049072265625,True
emotional_intensity_z,dose,18,4.666666666666667,2.8735278202016907,0.010536946920914513,0.05375515235723093,False,0.02494049072265625,True
emotional_intensity_z,dose,18,4.733333333333333,2.8837463004267643,0.010311530944483187,0.05375515235723093,False,0.02494049072265625,True
emotional_intensity_z,dose,18,4.8,2.8877045202661713,0.010225474941721047,0.05375515235723093,False,0.02494049072265625,True
emotional_intensity_z,dose,18,4.866666666666666,2.8864250025938842,0.010253216670073102,0.05375515235723093,False,0.02494049072265625,True
emotional_intensity_z,dose,18,4.933333333333334,2.873481036435716,0.010537989844171494,0.05375515235723093,False,0.02494049072265625,True
emotional_intensity_z,dose,18,5.0,2.854417079748341,0.010971390457491353,0.05375515235723093,False,0.02494049072265625,True
emotional_intensity_z,dose,18,5.066666666666666,2.8409160238534477,0.011288698699345538,0.05375515235723093,False,0.02494049072265625,True
emotional_intensity_z,dose,18,5.133333333333334,2.825199049878403,0.011669262203031683,0.05375515235723093,False,0.02494049072265625,True
emotional_intensity_z,dose,18,5.2,2.8117263883167825,0.012005317359781574,0.05375515235723093,False,0.02494049072265625,True
emotional_intensity_z,dose,18,5.266666666666667,2.792648031648821,0.012497211621096866,0.05433570270042116,False,0.02494049072265625,True
emotional_intensity_z,dose,18,5.333333333333333,2.773874847441162,0.013000166057564218,0.055714997389560934,False,0.02494049072265625,True
emotional_intensity_z,dose,18,5.4,2.752095355629065,0.01360809034641673,0.05641713598021701,False,0.02494049072265625,True
emotional_intensity_z,dose,18,5.466666666666667,2.73901090653329,0.013986360552348781,0.05641713598021701,False,0.02494049072265625,True
emotional_intensity_z,dose,18,5.533333333333333,2.728187884852892,0.014306868134379595,0.05641713598021701,False,0.02494049072265625,True
emotional_intensity_z,dose,18,5.6,2.717098631137641,0.01464256851552147,0.05641713598021701,False,0.02494049072265625,True
emotional_intensity_z,dose,18,5.666666666666667,2.7146677999938915,0.01471715962864949,0.05641713598021701,False,0.02494049072265625,True
emotional_intensity_z,dose,18,5.733333333333333,2.7073960351806656,0.014942479318840091,0.05641713598021701,False,0.02494049072265625,True
emotional_intensity_z,dose,18,5.8,2.697102666933232,0.015267087482614192,0.05641713598021701,False,0.02494049072265625,True
emotional_intensity_z,dose,18,5.866666666666666,2.6882512181478218,0.01555161822285938,0.05641713598021701,False,0.02494049072265625,True
emotional_intensity_z,dose,18,5.933333333333334,2.6864929044740786,0.015608740954526709,0.05641713598021701,False,0.02494049072265625,True
emotional_intensity_z,dose,18,6.0,2.7030558630946464,0.015078534503662668,0.05641713598021701,False,0.02494049072265625,True
emotional_intensity_z,dose,18,6.066666666666666,2.7110080115276416,0.014830149777803862,0.05641713598021701,False,0.02494049072265625,True
emotional_intensity_z,dose,18,6.133333333333334,2.6977805113411204,0.01524550494758862,0.05641713598021701,False,0.02494049072265625,True
emotional_intensity_z,dose,18,6.2,2.670664561654605,0.01613208347438554,0.05761458383709121,False,0.02494049072265625,True
emotional_intensity_z,dose,18,6.266666666666667,2.6481555739066005,0.016905301830973867,0.059665771168143054,False,0.02494049072265625,True
emotional_intensity_z,dose,18,6.333333333333333,2.6321047577772068,0.01747816666542354,0.06059059676138669,False,0.02494049072265625,True
emotional_intensity_z,dose,18,6.4,2.623440419562206,0.01779505629205749,0.060664945244349025,False,0.02494049072265625,True
emotional_intensity_z,dose,18,6.466666666666667,2.61125486854732,0.01825001639740881,0.060664945244349025,False,0.02494049072265625,True
emotional_intensity_z,dose,18,6.533333333333333,2.5894809948721855,0.01909069665660302,0.060664945244349025,False,0.02494049072265625,True
emotional_intensity_z,dose,18,6.6,2.5667056545299256,0.02000941554061351,0.060664945244349025,False,0.02494049072265625,True
emotional_intensity_z,dose,18,6.666666666666667,2.5684515025652224,0.01993752943382274,0.060664945244349025,False,0.02494049072265625,True
emotional_intensity_z,dose,18,6.733333333333333,2.5665782774472943,0.020014669980161416,0.060664945244349025,False,0.02494049072265625,True
emotional_intensity_z,dose,18,6.8,2.5659362882979018,0.02004117267430998,0.060664945244349025,False,0.02494049072265625,True
emotional_intensity_z,dose,18,6.866666666666666,2.569963878691154,0.019875455093623387,0.060664945244349025,False,0.02494049072265625,True
emotional_intensity_z,dose,18,6.933333333333334,2.562392798006107,0.02018805652431449,0.060664945244349025,False,0.02494049072265625,True
emotional_intensity_z,dose,18,7.0,2.56158585428991,0.02022164841478301,0.060664945244349025,False,0.02494049072265625,True
emotional_intensity_z,dose,18,7.066666666666666,2.5698630011869383,0.019879589811251038,0.060664945244349025,False,0.02494049072265625,True
emotional_intensity_z,dose,18,7.133333333333334,2.5722761572651622,0.019780904340208117,0.060664945244349025,False,0.02494049072265625,True
emotional_intensity_z,dose,18,7.2,2.5672071275334694,0.019988741983397215,0.060664945244349025,False,0.02494049072265625,True
emotional_intensity_z,dose,18,7.266666666666667,2.5557573747117543,0.020465860770983904,0.06078968545836803,False,0.02494049072265625,True
emotional_intensity_z,dose,18,7.333333333333333,2.531036406795522,0.021533124734862137,0.06312552275467294,False,0.02494049072265625,True
emotional_intensity_z,dose,18,7.4,2.5057972969537414,0.022677049069417667,0.0654145646233202,False,0.02494049072265625,True
emotional_intensity_z,dose,18,7.466666666666667,2.4811894873598144,0.023847536208132854,0.06813581773752245,False,0.02494049072265625,True
emotional_intensity_z,dose,18,7.533333333333333,2.460449229092023,0.024878141742042236,0.07040983511898746,False,0.02494049072265625,True
emotional_intensity_z,dose,18,7.6,2.4389123936022172,0.02599268604149001,0.0728766898359533,False,0.02494049072265625,True
emotional_intensity_z,dose,18,7.666666666666667,2.424214846092936,0.026780098727885355,0.07370669374647346,False,0.02494049072265625,True
emotional_intensity_z,dose,18,7.733333333333333,2.408968577666387,0.027620572375671105,0.07532883375183029,False,0.02494049072265625,True
emotional_intensity_z,dose,18,7.8,2.3948629721866035,0.028420168732265223,0.07668971580115574,False,0.02494049072265625,True
emotional_intensity_z,dose,18,7.866666666666666,2.3794790915135406,0.029316952507648132,0.07668971580115574,False,0.02494049072265625,True
emotional_intensity_z,dose,18,7.933333333333334,2.363007015042068,0.0303065192673299,0.07668971580115574,False,0.02494049072265625,True
emotional_intensity_z,dose,18,8.0,2.3538669425855994,0.030869008725267426,0.07668971580115574,False,0.02494049072265625,True
emotional_intensity_z,dose,18,8.066666666666666,2.3483398953462618,0.03121386867481992,0.07668971580115574,False,0.02494049072265625,True
emotional_intensity_z,dose,18,8.133333333333333,2.3415505380155226,0.031642417146690215,0.07668971580115574,False,0.02494049072265625,True
emotional_intensity_z,dose,18,8.2,2.3338768830687417,0.03213339461212965,0.07668971580115574,False,0.02494049072265625,True
emotional_intensity_z,dose,18,8.266666666666667,2.327815364346347,0.03252624019500755,0.07668971580115574,False,0.02494049072265625,True
emotional_intensity_z,dose,18,8.333333333333334,2.3253512682847526,0.032687214718178044,0.07668971580115574,False,0.02494049072265625,True
emotional_intensity_z,dose,18,8.4,2.3160381946815547,0.03330235240316046,0.07668971580115574,False,0.02494049072265625,True
emotional_intensity_z,dose,18,8.466666666666667,2.302819679690715,0.034193983437344234,0.07668971580115574,False,0.02494049072265625,True
emotional_intensity_z,dose,18,8.533333333333333,2.2998729701340586,0.034395754265221574,0.07668971580115574,False,0.02494049072265625,True
emotional_intensity_z,dose,18,8.6,2.3164340313844907,0.03327598896362387,0.07668971580115574,False,0.02494049072265625,True
emotional_intensity_z,dose,18,8.666666666666666,2.3487147787112805,0.03119036449218852,0.07668971580115574,False,0.02494049072265625,True
emotional_intensity_z,dose,18,8.733333333333333,2.3718872882375455,0.029769213993261164,0.07668971580115574,False,0.02494049072265625,True
emotional_intensity_z,dose,18,8.8,2.361231156855341,0.030415051431812373,0.07668971580115574,False,0.02494049072265625,True
emotional_intensity_z,dose,18,8.866666666666667,2.334049157696141,0.03212229450568263,0.07668971580115574,False,0.02494049072265625,True
emotional_intensity_z,dose,18,8.933333333333334,2.3136548387132065,0.03346149999498288,0.07668971580115574,False,0.02494049072265625,True
emotional_intensity_z,dose,18,9.0,2.3082848300379584,0.03382267995379412,0.07668971580115574,False,0.02494049072265625,True
emotional_intensity_z,dose,18,9.066666666666666,2.3028340802684566,0.034193000092929894,0.07668971580115574,False,0.02494049072265625,True
emotional_intensity_z,dose,18,9.133333333333333,2.2966119724302727,0.034620336390842436,0.07668971580115574,False,0.02494049072265625,True
emotional_intensity_z,dose,18,9.2,2.2945073334573425,0.034766004496523936,0.07668971580115574,False,0.02494049072265625,True
emotional_intensity_z,dose,18,9.266666666666667,2.3003111148786966,0.03436568311124528,0.07668971580115574,False,0.02494049072265625,True
emotional_intensity_z,dose,18,9.333333333333334,2.3191004348267796,0.033098907768374076,0.07668971580115574,False,0.02494049072265625,True
emotional_intensity_z,dose,18,9.4,2.32259898355793,0.03286789419560119,0.07668971580115574,False,0.02494049072265625,True
emotional_intensity_z,dose,18,9.466666666666667,2.28900031594219,0.03514986211896568,0.0769705009904358,False,0.02494049072265625,True
emotional_intensity_z,dose,18,9.533333333333333,2.250315786418623,0.03795926232846739,0.08252013549666826,False,0.02494049072265625,True
emotional_intensity_z,dose,18,9.6,2.2198321386486053,0.040318102870774954,0.08670702947421016,False,0.02494049072265625,True
emotional_intensity_z,dose,18,9.666666666666666,2.2026251718705874,0.04170865930099781,0.08874182829999534,False,0.02494049072265625,True
emotional_intensity_z,dose,18,9.733333333333333,2.1957160197644416,0.04227935405400545,0.08932257898733546,False,0.02494049072265625,True
emotional_intensity_z,dose,18,9.8,2.1805631499381364,0.04355625052262039,0.09137674934815466,False,0.02494049072265625,True
emotional_intensity_z,dose,18,9.866666666666667,2.166219696161423,0.044797530591109865,0.09332818873147888,False,0.02494049072265625,True
emotional_intensity_z,dose,18,9.933333333333334,2.1496321881403957,0.04627348063229709,0.0957382357909595,False,0.02494049072265625,True
emotional_intensity_z,dose,18,10.0,2.1323648583193537,0.047857178889528125,0.09700779504634079,False,0.02494049072265625,True
emotional_intensity_z,dose,18,10.066666666666666,2.1214049880254766,0.0488879617659939,0.09789152431806852,False,0.02494049072265625,True
emotional_intensity_z,dose,18,10.133333333333333,2.110593101036835,0.04992467740221495,0.09789152431806852,False,0.02494049072265625,True
emotional_intensity_z,dose,18,10.2,2.1072031318322995,0.050253841479870484,0.09789709379195549,False,,False
emotional_intensity_z,dose,18,10.266666666666667,2.099323993037794,0.05102656748121694,0.09795973086890085,False,,False
emotional_intensity_z,dose,18,10.333333333333334,2.097372162400087,0.0512196557901278,0.09795973086890085,False,,False
emotional_intensity_z,dose,18,10.4,2.096278069260231,0.05132818208482104,0.09795973086890085,False,,False
emotional_intensity_z,dose,18,10.466666666666667,2.0892998261978417,0.052025320921238,0.09795973086890085,False,,False
emotional_intensity_z,dose,18,10.533333333333333,2.0848494045113943,0.05247441993638317,0.09795973086890085,False,,False
emotional_intensity_z,dose,18,10.6,2.067914050253857,0.05421584299183412,0.09926385575371643,False,,False
emotional_intensity_z,dose,18,10.666666666666666,2.0674504811241583,0.05426424114536499,0.09926385575371643,False,,False
emotional_intensity_z,dose,18,10.733333333333333,2.0838897448118376,0.05257172223297679,0.09795973086890085,False,,False
emotional_intensity_z,dose,18,10.8,2.1166479611799804,0.049341649044425055,0.09789152431806852,False,0.2010040283203125,False
emotional_intensity_z,dose,18,10.866666666666667,2.1417263789083534,0.046992515838720425,0.09655996405216526,False,0.2010040283203125,False
emotional_intensity_z,dose,18,10.933333333333334,2.1370290547492017,0.04742457259968623,0.09678484204017598,False,0.2010040283203125,False
emotional_intensity_z,dose,18,11.0,2.110778794984455,0.049906703627295844,0.09789152431806852,False,0.2010040283203125,False
emotional_intensity_z,dose,18,11.066666666666666,2.0857167586242022,0.052386617853216313,0.09795973086890085,False,,False
emotional_intensity_z,dose,18,11.133333333333333,2.068658533548577,0.054138198560118325,0.09926385575371643,False,,False
emotional_intensity_z,dose,18,11.2,2.0611048983177453,0.05493069941846594,0.09987399894266535,False,,False
emotional_intensity_z,dose,18,11.266666666666667,2.0458505459390466,0.05656333096943822,0.10222288729416545,False,,False
emotional_intensity_z,dose,18,11.333333333333334,2.033985447135506,0.05786350156631387,0.10394640999936623,False,,False
emotional_intensity_z,dose,18,11.4,2.0246553419382662,0.05890482719427919,0.10518719141835568,False,,False
emotional_intensity_z,dose,18,11.466666666666667,2.0146504579728837,0.06004026722259029,0.10595341274574756,False,,False
emotional_intensity_z,dose,18,11.533333333333333,2.0044622879297527,0.06121678682588608,0.10739787162436154,False,,False
emotional_intensity_z,dose,18,11.6,1.9848684723203662,0.06353806783512714,0.11082221134033804,False,,False
emotional_intensity_z,dose,18,11.666666666666666,1.9706448304824093,0.06527245524697813,0.11318922875198519,False,,False
emotional_intensity_z,dose,18,11.733333333333333,1.9558597666530244,0.06712026829240149,0.11572460050414049,False,,False
emotional_intensity_z,dose,18,11.8,1.9478593725327875,0.06813958357596825,0.11681071470165985,False,,False
emotional_intensity_z,dose,18,11.866666666666667,1.939914392483993,0.06916553811143512,0.11707621702444188,False,,False
emotional_intensity_z,dose,18,11.933333333333334,1.9311893029156952,0.07030813486696869,0.11707621702444188,False,,False
emotional_intensity_z,dose,18,12.0,1.9287091877104416,0.07063598427141327,0.11707621702444188,False,,False
emotional_intensity_z,dose,18,12.066666666666666,1.9339678860283016,0.06994244655908524,0.11707621702444188,False,,False
emotional_intensity_z,dose,18,12.133333333333333,1.9419487260743424,0.06890153120556769,0.11707621702444188,False,,False
emotional_intensity_z,dose,18,12.2,1.9299401189757959,0.07047309563194182,0.11707621702444188,False,,False
emotional_intensity_z,dose,18,12.266666666666667,1.9160213932179926,0.07233465376115929,0.11886875974273613,False,,False
emotional_intensity_z,dose,18,12.333333333333334,1.9072204499396337,0.07353425350945036,0.11989280463497343,False,,False
emotional_intensity_z,dose,18,12.4,1.8975866769279006,0.07486766020300156,0.12032404143297944,False,,False
emotional_intensity_z,dose,18,12.466666666666667,1.8959123521625687,0.0751015850892188,0.12032404143297944,False,,False
emotional_intensity_z,dose,18,12.533333333333333,1.8967832057858423,0.07497983452503804,0.12032404143297944,False,,False
emotional_intensity_z,dose,18,12.6,1.8937613217078755,0.07540306596466712,0.12032404143297944,False,,False
emotional_intensity_z,dose,18,12.666666666666666,1.8898704016396326,0.07595113852121965,0.12055736273209469,False,,False
emotional_intensity_z,dose,18,12.733333333333333,1.883631690139036,0.07683731083820165,0.12132206974452893,False,,False
emotional_intensity_z,dose,18,12.8,1.8761767602243558,0.0779082713128972,0.12236901253334638,False,,False
emotional_intensity_z,dose,18,12.866666666666667,1.8617905735654265,0.08001244715561218,0.12501944868064402,False,,False
emotional_intensity_z,dose,18,12.933333333333334,1.8511256343557492,0.08160466075790757,0.1261927743678983,False,,False
emotional_intensity_z,dose,18,13.0,1.8378856487818236,0.08362023210890727,0.12864651093678042,False,,False
emotional_intensity_z,dose,18,13.066666666666666,1.818986610354351,0.08657335011092887,0.13251022976162583,False,,False
emotional_intensity_z,dose,18,13.133333333333333,1.80389451476724,0.08899711060497338,0.13523978615319862,False,,False
emotional_intensity_z,dose,18,13.2,1.7894839537353089,0.0913667989631011,0.13526794774329723,False,,False
emotional_intensity_z,dose,18,13.266666666666667,1.7766488737623813,0.0935237573212128,0.13526794774329723,False,,False
emotional_intensity_z,dose,18,13.333333333333334,1.7720291333542542,0.09431093733515677,0.13537455119878963,False,,False
emotional_intensity_z,dose,18,13.4,1.7672286330674054,0.0951350424977424,0.1355922797804974,False,,False
emotional_intensity_z,dose,18,13.466666666666667,1.75726514745821,0.09686555743755598,0.136430362588107,False,,False
emotional_intensity_z,dose,18,13.533333333333333,1.742903957086541,0.09940811942050465,0.13870900384256463,False,,False
emotional_intensity_z,dose,18,13.6,1.7245572037870514,0.10274054145395549,0.14138606622103966,False,,False
emotional_intensity_z,dose,18,13.666666666666666,1.725158601146931,0.10262978949888528,0.14138606622103966,False,,False
emotional_intensity_z,dose,18,13.733333333333333,1.749785148711233,0.09818269116260346,0.1376392866765469,False,,False
emotional_intensity_z,dose,18,13.8,1.7824701749047598,0.09254001935411069,0.13526794774329723,False,,False
emotional_intensity_z,dose,18,13.866666666666667,1.793440072044915,0.0907108066811778,0.13526794774329723,False,,False
emotional_intensity_z,dose,18,13.933333333333334,1.7910017690398505,0.0911146294653882,0.13526794774329723,False,,False
emotional_intensity_z,dose,18,14.0,1.7768995128245668,0.09348121440259004,0.13526794774329723,False,,False
emotional_intensity_z,dose,18,14.066666666666666,1.7658864920573638,0.09536657011228318,0.1355922797804974,False,,False
emotional_intensity_z,dose,18,14.133333333333333,1.7608096103440696,0.09624681589054333,0.13619832437341037,False,,False
emotional_intensity_z,dose,18,14.2,1.7751073929182062,0.09378577710201942,0.13526794774329723,False,,False
emotional_intensity_z,dose,18,14.266666666666667,1.7995300064267947,0.08970905814828843,0.13523978615319862,False,,False
emotional_intensity_z,dose,18,14.333333333333334,1.7999961723172644,0.08963277862648611,0.13523978615319862,False,,False
emotional_intensity_z,dose,18,14.4,1.7760786556317818,0.09362060792836928,0.13526794774329723,False,,False
emotional_intensity_z,dose,18,14.466666666666667,1.7362820272314863,0.10059990899162632,0.13972209582170322,False,,False
emotional_intensity_z,dose,18,14.533333333333333,1.7106104390154817,0.10533814266474555,0.14429882556814458,False,,False
emotional_intensity_z,dose,18,14.6,1.704435699589006,0.1065062150194421,0.1452357477537847,False,,False
emotional_intensity_z,dose,18,14.666666666666666,1.696863748239813,0.10795385219542371,0.1465436907630186,False,,False
emotional_intensity_z,dose,18,14.733333333333333,1.677477489461986,0.1117377439999596,0.15099695135129676,False,,False
emotional_intensity_z,dose,18,14.8,1.6484064360978135,0.11762533226464782,0.1582403573067011,False,,False
emotional_intensity_z,dose,18,14.866666666666667,1.6300481636573112,0.12147842792184771,0.16269432310961746,False,,False
emotional_intensity_z,dose,18,14.933333333333334,1.6060877187993052,0.1266686613436441,0.16889154845819213,False,,False
emotional_intensity_z,dose,18,15.0,1.5906734613762004,0.13010615435056216,0.17270728453614448,False,,False
emotional_intensity_z,dose,18,15.066666666666666,1.5673344914055594,0.13546084292005744,0.1790231404229834,False,,False
emotional_intensity_z,dose,18,15.133333333333333,1.5458593173210908,0.14055063480136235,0.18493504579126624,False,,False
emotional_intensity_z,dose,18,15.2,1.5332214860581357,0.14362015101281037,0.18814866944909653,False,,False
emotional_intensity_z,dose,18,15.266666666666667,1.5208453830234454,0.14668019710966623,0.19132199622999943,False,,False
emotional_intensity_z,dose,18,15.333333333333334,1.5085698244002939,0.14976887728723481,0.1945050354379673,False,,False
emotional_intensity_z,dose,18,15.4,1.4931016684350376,0.1537376433899883,0.19879867679739865,False,,False
emotional_intensity_z,dose,18,15.466666666666667,1.4769909294937926,0.15796351136475484,0.20338649531942685,False,,False
emotional_intensity_z,dose,18,15.533333333333333,1.4612583770454053,0.16218225868867464,0.207925972677788,False,,False
emotional_intensity_z,dose,18,15.6,1.439634740829121,0.16813146135455384,0.21463590811219638,False,,False
emotional_intensity_z,dose,18,15.666666666666666,1.419983158164169,0.1736918648951141,0.22079474351073825,False,,False
emotional_intensity_z,dose,18,15.733333333333333,1.4037328594625047,0.1784021907799697,0.2258255579493287,False,,False
emotional_intensity_z,dose,18,15.8,1.3931770386760693,0.18151704581989078,0.22880299893263542,False,,False
emotional_intensity_z,dose,18,15.866666666666667,1.3761403396031313,0.1866369255608386,0.23427229149896062,False,,False
emotional_intensity_z,dose,18,15.933333333333334,1.3638963233462404,0.19038784137140305,0.2379848017142538,False,,False
emotional_intensity_z,dose,18,16.0,1.3442697306391682,0.19652632007691398,0.24463857270985143,False,,False
emotional_intensity_z,dose,18,16.066666666666666,1.3306910913323853,0.2008649627787709,0.24900615220508787,False,,False
emotional_intensity_z,dose,18,16.133333333333333,1.3230410784153095,0.20334264373093264,0.251040300902386,False,,False
emotional_intensity_z,dose,18,16.2,1.3133217364746865,0.20652544459267552,0.2539247269582076,False,,False
emotional_intensity_z,dose,18,16.266666666666666,1.3081822981700904,0.20822432809194766,0.25496856501054815,False,,False
emotional_intensity_z,dose,18,16.333333333333332,1.2936143942512588,0.21309989463278464,0.25987792028388373,False,,False
emotional_intensity_z,dose,18,16.4,1.285998791823003,0.21568419751862916,0.26196461237080465,False,,False
emotional_intensity_z,dose,18,16.466666666666665,1.2736993007233852,0.21990981197248638,0.26601993383768513,False,,False
emotional_intensity_z,dose,18,16.533333333333335,1.2571078613398674,0.22571219652184848,0.2719424054480102,False,,False
emotional_intensity_z,dose,18,16.6,1.2383980665718306,0.23239754919133235,0.2788770590295988,False,,False
emotional_intensity_z,dose,18,16.666666666666668,1.2143188236824776,0.24122561313281696,0.2883174658957972,False,,False
emotional_intensity_z,dose,18,16.733333333333334,1.19015473819937,0.25034123945657866,0.2980252850673556,False,,False
emotional_intensity_z,dose,18,16.8,1.1640816285920488,0.2604685581638697,0.3088559978227704,False,,False
emotional_intensity_z,dose,18,16.866666666666667,1.1449337051385433,0.26810065763279245,0.31665432003873123,False,,False
emotional_intensity_z,dose,18,16.933333333333334,1.1275731874740351,0.27516399269066366,0.32372234434195724,False,,False
emotional_intensity_z,dose,18,17.0,1.1096693782279141,0.2825924351421568,0.33116300993221504,False,,False
emotional_intensity_z,dose,18,17.066666666666666,1.085591747723945,0.2928145972966043,0.3418069229143241,False,,False
emotional_intensity_z,dose,18,17.133333333333333,1.0646024835938344,0.3019441798937401,0.35109788359737226,False,,False
emotional_intensity_z,dose,18,17.2,1.0395688107777528,0.3131007551767899,0.36266496738624315,False,,False
emotional_intensity_z,dose,18,17.266666666666666,1.0116292278966286,0.32589820439990086,0.37603638969219333,False,,False
emotional_intensity_z,dose,18,17.333333333333332,0.9926267244395539,0.33481135666069844,0.3848406398398833,False,,False
emotional_intensity_z,dose,18,17.4,0.9712042883073054,0.3450632716705954,0.3951106164167123,False,,False
emotional_intensity_z,dose,18,17.466666666666665,0.9396921041834223,0.3605367220977191,0.4112586183624172,False,,False
emotional_intensity_z,dose,18,17.533333333333335,0.9045251650442013,0.3783574153570908,0.4299516083603304,False,,False
emotional_intensity_z,dose,18,17.6,0.8667838365979056,0.3981299353792687,0.45071313439162497,False,,False
emotional_intensity_z,dose,18,17.666666666666668,0.8421499901391652,0.4113954442530185,0.4639798243455096,False,,False
emotional_intensity_z,dose,18,17.733333333333334,0.8193782072711692,0.42390968311884314,0.4763030147402732,False,,False
emotional_intensity_z,dose,18,17.8,0.7935717582143968,0.4383817635612431,0.4907258547327348,False,,False
emotional_intensity_z,dose,18,17.866666666666667,0.7615864511769261,0.45674291794658756,0.50937871889954,False,,False
emotional_intensity_z,dose,18,17.933333333333334,0.7350215462730262,0.4723452462546009,0.524828051394001,False,,False
emotional_intensity_z,dose,18,18.0,0.7102283239620558,0.48719198081828663,0.5393269160350037,False,,False
emotional_intensity_z,dose,18,18.066666666666666,0.6781616316809987,0.5067959373471896,0.5589661073682238,False,,False
emotional_intensity_z,dose,18,18.133333333333333,0.6492477210725359,0.5248537519075205,0.576762364733539,False,,False
emotional_intensity_z,dose,18,18.2,0.6190997621835622,0.5440587389644592,0.5956847506910137,False,,False
emotional_intensity_z,dose,18,18.266666666666666,0.5899255435596641,0.5630003189394405,0.6141821661157533,False,,False
emotional_intensity_z,dose,18,18.333333333333332,0.5518405142377326,0.5882392359255219,0.639390473832089,False,,False
emotional_intensity_z,dose,18,18.4,0.5158240503152939,0.6126208691383804,0.6634883059260438,False,,False
emotional_intensity_z,dose,18,18.466666666666665,0.4749827152183554,0.6408442949120772,0.6915585916317379,False,,False
emotional_intensity_z,dose,18,18.533333333333335,0.43969675599126756,0.6656953287338113,0.7158014287460337,False,,False
emotional_intensity_z,dose,18,18.6,0.40223062213149163,0.6925266074098103,0.7419927936533682,False,,False
emotional_intensity_z,dose,18,18.666666666666668,0.35928844111620245,0.7238032394348283,0.7727436719944786,False,,False
emotional_intensity_z,dose,18,18.733333333333334,0.32104144919610483,0.7520921207734188,0.800098000822786,False,,False
emotional_intensity_z,dose,18,18.8,0.29049180000311425,0.7749539148825519,0.8215059168366275,False,,False
emotional_intensity_z,dose,18,18.866666666666667,0.25764606050551964,0.799772965088286,0.8448305969242458,False,,False
emotional_intensity_z,dose,18,18.933333333333334,0.22786964051547687,0.8224657429425623,0.8657534136237498,False,,False
emotional_intensity_z,dose,18,19.0,0.1911962058546746,0.8506367791300055,0.8922763417447609,False,,False
emotional_intensity_z,dose,18,19.066666666666666,0.15878715352241754,0.8757076659825157,0.9153738668806783,False,,False
emotional_intensity_z,dose,18,19.133333333333333,0.13373597947597254,0.8951817908908418,0.9324810321779603,False,,False
emotional_intensity_z,dose,18,19.2,0.11028737565744219,0.9134729992916081,0.9417247415377402,False,,False
emotional_intensity_z,dose,18,19.266666666666666,0.08037186713013056,0.936880097733398,0.9560000997279572,False,,False
emotional_intensity_z,dose,18,19.333333333333332,0.0515581412510253,0.9594817558001618,0.972447725473137,False,,False
emotional_intensity_z,dose,18,19.4,0.018295193512166838,0.9856163733518396,0.9889127491824478,False,,False
emotional_intensity_z,dose,18,19.466666666666665,-0.01217006007624661,0.9904316199469909,0.990431619946991,False,,False
emotional_intensity_z,dose,18,19.533333333333335,-0.03283414019562946,0.9741892824832606,0.980727465587175,False,,False
emotional_intensity_z,dose,18,19.6,-0.04720312951718331,0.9629014352940185,0.9726277124182006,False,,False
emotional_intensity_z,dose,18,19.666666666666668,-0.059585334519267515,0.9531807547049024,0.9693363607168498,False,,False
emotional_intensity_z,dose,18,19.733333333333334,-0.08130998613876675,0.9361450548721557,0.9560000997279572,False,,False
emotional_intensity_z,dose,18,19.8,-0.10174925286956375,0.920146206926317,0.945355692047586,False,,False
emotional_intensity_z,dose,18,19.866666666666667,-0.1166459993115414,0.9085075292166979,0.9398353750517564,False,,False
emotional_intensity_z,dose,18,19.933333333333334,-0.12132949142440885,0.9048526540688184,0.9392934125281852,False,,False
valence_index,state,18,0.0,-2.303340966655962,0.03415840408429785,0.23297093292342816,False,0.0987701416015625,False
valence_index,state,18,0.06666666666666667,-2.3660047502151054,0.030124133317283162,0.23297093292342816,False,0.0987701416015625,False
valence_index,state,18,0.13333333333333333,-2.383554343157274,0.02907684296640269,0.23297093292342816,False,0.0987701416015625,False
valence_index,state,18,0.2,-2.3830954731531873,0.029103786752194095,0.23297093292342816,False,0.0987701416015625,False
valence_index,state,18,0.26666666666666666,-2.379133427841027,0.029337403881926002,0.23297093292342816,False,0.0987701416015625,False
valence_index,state,18,0.3333333333333333,-2.376546562624802,0.02949088191639071,0.23297093292342816,False,0.0987701416015625,False
valence_index,state,18,0.4,-2.358021814256083,0.03061211418690927,0.23297093292342816,False,0.0987701416015625,False
valence_index,state,18,0.4666666666666667,-2.3394412802399316,0.03177666951777214,0.23297093292342816,False,0.0987701416015625,False
valence_index,state,18,0.5333333333333333,-2.3237494379070975,0.032792257247543956,0.23297093292342816,False,0.0987701416015625,False
valence_index,state,18,0.6,-2.304139066758874,0.03410399818098253,0.23297093292342816,False,0.0987701416015625,False
valence_index,state,18,0.6666666666666666,-2.280321100423392,0.035762836963991476,0.23297093292342816,False,0.0987701416015625,False
valence_index,state,18,0.7333333333333333,-2.2753183758621494,0.036120653450950405,0.23297093292342816,False,0.0987701416015625,False
valence_index,state,18,0.8,-2.2625211322993106,0.037051145109447854,0.23297093292342816,False,0.0987701416015625,False
valence_index,state,18,0.8666666666666667,-2.257112751606067,0.03745103281780324,0.23297093292342816,False,0.0987701416015625,False
valence_index,state,18,0.9333333333333333,-2.247546745883672,0.038168137332931784,0.23297093292342816,False,0.0987701416015625,False
valence_index,state,18,1.0,-2.2373094086261527,0.038949636358011366,0.23297093292342816,False,0.0987701416015625,False
valence_index,state,18,1.0666666666666667,-2.2290181923518957,0.03959339302659775,0.23297093292342816,False,0.0987701416015625,False
valence_index,state,18,1.1333333333333333,-2.211601475094124,0.040977825167490066,0.23297093292342816,False,0.0987701416015625,False
valence_index,state,18,1.2,-2.2079633987467266,0.04127259522253914,0.23297093292342816,False,0.0987701416015625,False
valence_index,state,18,1.2666666666666666,-2.2049357722033913,0.041519394280699534,0.23297093292342816,False,0.0987701416015625,False
valence_index,state,18,1.3333333333333333,-2.1936145811451615,0.04245435426550189,0.23297093292342816,False,0.0987701416015625,False
valence_index,state,18,1.4,-2.1681017901479755,0.04463282199719993,0.23297093292342816,False,0.0987701416015625,False
valence_index,state,18,1.4666666666666666,-2.109731267397438,0.05000817381055885,0.23297093292342816,False,,False
valence_index,state,18,1.5333333333333334,-2.1049323382745566,0.05047544098640105,0.23297093292342816,False,,False
valence_index,state,18,1.6,-2.095687600762489,0.051386839449707344,0.23297093292342816,False,,False
valence_index,state,18,1.6666666666666667,-2.0921126974062583,0.05174327857004361,0.23297093292342816,False,,False
valence_index,state,18,1.7333333333333334,-2.0905552982471303,0.0518992640047307,0.23297093292342816,False,,False
valence_index,state,18,1.8,-2.092749015176762,0.05167966951284349,0.23297093292342816,False,,False
valence_index,state,18,1.8666666666666667,-2.0886002693762484,0.05209568157559277,0.23297093292342816,False,,False
valence_index,state,18,1.9333333333333333,-2.0975344293427987,0.051203577887216266,0.23297093292342816,False,,False
valence_index,state,18,2.0,-2.0350195576655357,0.057749117024235366,0.23297093292342816,False,,False
valence_index,state,18,2.066666666666667,-2.0020964752934556,0.06149294730272408,0.23297093292342816,False,,False
valence_index,state,18,2.1333333333333333,-1.9867679743756932,0.06330961383806756,0.23297093292342816,False,,False
valence_index,state,18,2.2,-2.0004331917375255,0.061687773898195714,0.23297093292342816,False,,False
valence_index,state,18,2.2666666666666666,-1.9506457850171197,0.06778300854894924,0.23297093292342816,False,,False
valence_index,state,18,2.3333333333333335,-1.8991324127855467,0.07465227658266822,0.23297093292342816,False,,False
valence_index,state,18,2.4,-1.8891631825577686,0.07605113637847064,0.23297093292342816,False,,False
valence_index,state,18,2.466666666666667,-1.8735293853163992,0.0782917623848323,0.23297093292342816,False,,False
valence_index,state,18,2.533333333333333,-1.8412088126043025,0.0831102470459799,0.23297093292342816,False,,False
valence_index,state,18,2.6,-1.8278788377964659,0.0851726224817826,0.23297093292342816,False,,False
valence_index,state,18,2.6666666666666665,-1.813245634412246,0.08748841424544794,0.23297093292342816,False,,False
valence_index,state,18,2.7333333333333334,-1.8022421077658195,0.08926606925655071,0.23297093292342816,False,,False
valence_index,state,18,2.8,-1.7938477193663316,0.09064344686263903,0.23297093292342816,False,,False
valence_index,state,18,2.8666666666666667,-1.800763397017436,0.0895073602105696,0.23297093292342816,False,,False
valence_index,state,18,2.933333333333333,-1.8031223784898645,0.08912270087833984,0.23297093292342816,False,,False
valence_index,state,18,3.0,-1.8067097168463224,0.08854052435620147,0.23297093292342816,False,,False
valence_index,state,18,3.066666666666667,-1.8071240054396207,0.0884735064627597,0.23297093292342816,False,,False
valence_index,state,18,3.1333333333333333,-1.8118817252284671,0.08770705603007453,0.23297093292342816,False,,False
valence_index,state,18,3.2,-1.825172040513073,0.08559687655933874,0.23297093292342816,False,,False
valence_index,state,18,3.2666666666666666,-1.8365811744269875,0.0838211749564423,0.23297093292342816,False,,False
valence_index,state,18,3.3333333333333335,-1.8441468003962955,0.08266166094267569,0.23297093292342816,False,,False
valence_index,state,18,3.4,-1.847083518049668,0.08221540671067455,0.23297093292342816,False,,False
valence_index,state,18,3.466666666666667,-1.8473582974422917,0.08217376118357156,0.23297093292342816,False,,False
valence_index,state,18,3.533333333333333,-1.8372708322720632,0.0837148862025162,0.23297093292342816,False,,False
valence_index,state,18,3.6,-1.8385700112768983,0.08351498211220892,0.23297093292342816,False,,False
valence_index,state,18,3.6666666666666665,-1.8289745433779803,0.08500141270325896,0.23297093292342816,False,,False
valence_index,state,18,3.7333333333333334,-1.8155730726319268,0.08711641988823798,0.23297093292342816,False,,False
valence_index,state,18,3.8,-1.797704287677476,0.09000835206291304,0.23297093292342816,False,,False
valence_index,state,18,3.8666666666666667,-1.7731304068953895,0.0941227624393458,0.23297093292342816,False,,False
valence_index,state,18,3.933333333333333,-1.7637711234194977,0.09573248233774655,0.23297093292342816,False,,False
valence_index,state,18,4.0,-1.7648596920998307,0.09554403123777588,0.23297093292342816,False,,False
valence_index,state,18,4.066666666666666,-1.7605348721393266,0.09629465227501698,0.23297093292342816,False,,False
valence_index,state,18,4.133333333333334,-1.7456905881578335,0.09891027251878921,0.23550064885426003,False,,False
valence_index,state,18,4.2,-1.7204586758399303,0.10349807843743054,0.24257362133772783,False,,False
valence_index,state,18,4.266666666666667,-1.688858986121987,0.10950265894076265,0.25269844370945227,False,,False
valence_index,state,18,4.333333333333333,-1.655578971924658,0.11614857171717709,0.26397402662994796,False,,False
valence_index,state,18,4.4,-1.62694179571175,0.1221409350002519,0.2734498544781759,False,,False
valence_index,state,18,4.466666666666667,-1.6060272112858314,0.1266820029500878,0.27944559474284075,False,,False
valence_index,state,18,4.533333333333333,-1.5819322163255973,0.13209034739895464,0.28715292912816226,False,,False
valence_index,state,18,4.6,-1.5569292444867908,0.13790728341963174,0.2955156073277823,False,,False
valence_index,state,18,4.666666666666667,-1.5408519639097698,0.14176020103928744,0.29949338247736784,False,,False
valence_index,state,18,4.733333333333333,-1.517109947175234,0.14761441124093036,0.3075300234186049,False,,False
valence_index,state,18,4.8,-1.4930208111300025,0.153758616323264,0.3159423623080767,False,,False
valence_index,state,18,4.866666666666666,-1.4773358374321388,0.15787204673620156,0.3200109055463545,False,,False
valence_index,state,18,4.933333333333334,-1.4571382324736828,0.16330228101708089,0.3255236015240783,False,,False
valence_index,state,18,5.0,-1.3910249886604735,0.18215744987901084,0.3255236015240783,False,,False
valence_index,state,18,5.066666666666666,-1.368996244966709,0.18881820415407544,0.3293340770129223,False,,False
valence_index,state,18,5.133333333333334,-1.3918660286169466,0.1819069572899346,0.3255236015240783,False,,False
valence_index,state,18,5.2,-1.3977796504670992,0.18015351880594668,0.3255236015240783,False,,False
valence_index,state,18,5.266666666666667,-1.4056481471762206,0.17784169112108447,0.3255236015240783,False,,False
valence_index,state,18,5.333333333333333,-1.4118513080323774,0.1760361681214268,0.3255236015240783,False,,False
valence_index,state,18,5.4,-1.4167219109119882,0.17462896886630422,0.3255236015240783,False,,False
valence_index,state,18,5.466666666666667,-1.4124585598049242,0.17586022152415365,0.3255236015240783,False,,False
valence_index,state,18,5.533333333333333,-1.4090719044878737,0.17684330558565092,0.3255236015240783,False,,False
valence_index,state,18,5.6,-1.3905695356286056,0.18229321685348385,0.3255236015240783,False,,False
valence_index,state,18,5.666666666666667,-1.3704820016138337,0.18836288389201855,0.3293340770129223,False,,False
valence_index,state,18,5.733333333333333,-1.3539901385041349,0.19346664505208916,0.3335631811242917,False,,False
valence_index,state,18,5.8,-1.328810041559287,0.20147195965927248,0.34341811305557807,False,,False
valence_index,state,18,5.866666666666666,-1.2936379296064013,0.21309194598737907,0.35914372919221194,False,,False
valence_index,state,18,5.933333333333334,-1.270626124205954,0.22097568183993307,0.36829280306655515,False,,False
valence_index,state,18,6.0,-1.2181738411453393,0.23979519275107047,0.39526680123802826,False,,False
valence_index,state,18,6.066666666666666,-1.1987471186946859,0.24707023824113525,0.402831910175764,False,,False
valence_index,state,18,6.133333333333334,-1.1796964428394614,0.25436691625304564,0.4102692197629768,False,,False
valence_index,state,18,6.2,-1.1492566048753006,0.26636312172539867,0.42504753466818934,False,,False
valence_index,state,18,6.266666666666667,-1.1077833044611178,0.283383535641785,0.44744768785544997,False,,False
valence_index,state,18,6.333333333333333,-1.0393385364564949,0.31320473683000966,0.4893824012968901,False,,False
valence_index,state,18,6.4,-0.9931428257980588,0.33456703604275595,0.5173717052207566,False,,False
valence_index,state,18,6.466666666666667,-0.9503741108966138,0.3552390802537786,0.5437332861027223,False,,False
valence_index,state,18,6.533333333333333,-0.9136566400090482,0.3736740807264421,0.5661728495855183,False,,False
valence_index,state,18,6.6,-0.885900926324266,0.38803097693481425,0.5820464654022214,False,,False
valence_index,state,18,6.666666666666667,-0.8564815776567513,0.4036432881382607,0.599470229908308,False,,False
valence_index,state,18,6.733333333333333,-0.8289917157737039,0.41859720072535817,0.6155841187137621,False,,False
valence_index,state,18,6.8,-0.8034976908765207,0.43277903001208107,0.6302607233185646,False,,False
valence_index,state,18,6.866666666666666,-0.7742264749091682,0.44943114443157267,0.6482179967763068,False,,False
valence_index,state,18,6.933333333333334,-0.7464673525795714,0.4655838287794553,0.6651197553992219,False,,False
valence_index,state,18,7.0,-0.6411268649716457,0.5299894906564946,0.7360965148006869,False,,False
valence_index,state,18,7.066666666666666,-0.604162203776134,0.5537138087658302,0.7550642846806775,False,,False
valence_index,state,18,7.133333333333334,-0.5705372015838218,0.5757777309099443,0.7591933788834601,False,,False
valence_index,state,18,7.2,-0.5447860449612659,0.5929761975543777,0.7591933788834601,False,,False
valence_index,state,18,7.266666666666667,-0.5208011801609053,0.6092226532853022,0.7615283166066278,False,,False
valence_index,state,18,7.333333333333333,-0.4941031917383433,0.6275569287957471,0.7715863878636234,False,,False
valence_index,state,18,7.4,-0.46065099293916634,0.650887098002467,0.7873634250029843,False,,False
valence_index,state,18,7.466666666666667,-0.4203914747189359,0.6794654008636206,0.8153584810363448,False,,False
valence_index,state,18,7.533333333333333,-0.3624095015863727,0.7215121885801039,0.8521797502914613,False,,False
valence_index,state,18,7.6,-0.3132944083490307,0.757868172429226,0.8812420609642163,False,,False
valence_index,state,18,7.666666666666667,-0.27326359500787417,0.7879426288086082,0.9022243841319941,False,,False
valence_index,state,18,7.733333333333333,-0.24017886634215385,0.8130638960429781,0.9230481057995646,False,,False
valence_index,state,18,7.8,-0.19485498652842168,0.8478162150740958,0.9429118009195682,False,,False
valence_index,state,18,7.866666666666666,-0.1445911675646324,0.8867340230157208,0.9749666830094488,False,,False
valence_index,state,18,7.933333333333334,-0.09799173317075661,0.9230849760121683,0.9939367840510802,False,,False
valence_index,state,18,8.0,-0.06812504741188204,0.946480959308403,0.9939367840510802,False,,False
valence_index,state,18,8.066666666666666,-0.046463182601962,0.9634825385876061,0.9939367840510802,False,,False
valence_index,state,18,8.133333333333333,-0.029060395184507,0.9771548589651436,0.9939367840510802,False,,False
valence_index,state,18,8.2,-0.035706456040056504,0.9719323474373068,0.9939367840510802,False,,False
valence_index,state,18,8.266666666666667,-0.029685061709619702,0.9766639432766597,0.9939367840510802,False,,False
valence_index,state,18,8.333333333333334,-0.008983677330497583,0.9929367430491541,0.9939367840510802,False,,False
valence_index,state,18,8.4,0.012610027042166589,0.990085726912692,0.9939367840510802,False,,False
valence_index,state,18,8.466666666666667,0.03206983152644506,0.9747898802200341,0.9939367840510802,False,,False
valence_index,state,18,8.533333333333333,0.0077117074918985565,0.9939367840510803,0.9939367840510802,False,,False
valence_index,state,18,8.6,0.0161905004075104,0.9872709137704722,0.9939367840510802,False,,False
valence_index,state,18,8.666666666666666,0.05918736465965117,0.9534930722908218,0.9939367840510802,False,,False
valence_index,state,18,8.733333333333333,0.10020053878512226,0.9213573200131325,0.9939367840510802,False,,False
valence_index,state,18,8.8,0.13978893244800156,0.8904695704819633,0.9749666830094488,False,,False
valence_index,state,18,8.866666666666667,0.19381124840578018,0.8486206208276114,0.9429118009195682,False,,False
valence_index,state,18,8.933333333333334,0.23314096111864896,0.8184359871422807,0.9230481057995646,False,,False
valence_index,state,18,9.0,0.2775000848497635,0.7847425136073932,0.9022243841319941,False,,False
valence_index,state,18,9.066666666666666,0.3148606224046412,0.7566992297233816,0.8812420609642163,False,,False
valence_index,state,18,9.133333333333333,0.4023320306884065,0.6924533925020867,0.8243492767881985,False,,False
valence_index,state,18,9.2,0.46831704268446805,0.6455064366969445,0.7872029715816397,False,,False
valence_index,state,18,9.266666666666667,0.4957123258699226,0.6264445933123254,0.7715863878636234,False,,False
valence_index,state,18,9.333333333333334,0.522571052972497,0.6080164505813487,0.7615283166066278,False,,False
valence_index,state,18,9.4,0.5456948573706958,0.592364876124127,0.7591933788834601,False,,False
valence_index,state,18,9.466666666666667,0.5765013323074355,0.5718313443315914,0.7591933788834601,False,,False
valence_index,state,18,9.533333333333333,0.5758797485707077,0.5722419830158051,0.7591933788834601,False,,False
valence_index,state,18,9.6,0.5394205119859053,0.5965917843411792,0.7591933788834601,False,,False
valence_index,state,18,9.666666666666666,0.5384719337076712,0.5972321247216553,0.7591933788834601,False,,False
valence_index,state,18,9.733333333333333,0.5673866608742293,0.5778680492914631,0.7591933788834601,False,,False
valence_index,state,18,9.8,0.6045955572201615,0.5534324212247552,0.7550642846806775,False,,False
valence_index,state,18,9.866666666666667,0.6764531930663873,0.5078529481391153,0.7119433852417504,False,,False
valence_index,state,18,9.933333333333334,0.7205457514659669,0.4809804932835356,0.6806327735144372,False,,False
valence_index,dose,18,0.0,-0.4247689797645104,0.676332550120124,0.9098644172019607,False,,False
valence_index,dose,18,0.06666666666666667,-0.5497942737094925,0.5896112892406085,0.8156274095459303,False,,False
valence_index,dose,18,0.13333333333333333,-0.6529001685561149,0.5225529805017506,0.7500760485671062,False,,False
valence_index,dose,18,0.2,-0.7341264920991778,0.47287646050451126,0.7022917730265018,False,,False
valence_index,dose,18,0.26666666666666666,-0.8271470056208281,0.4196132749351647,0.652248613888857,False,,False
valence_index,dose,18,0.3333333333333333,-0.9230098535312284,0.36891773266297695,0.6014963032548537,False,,False
valence_index,dose,18,0.4,-1.0120765408536119,0.32569043501757033,0.5647811011865381,False,,False
valence_index,dose,18,0.4666666666666667,-1.1109181267424526,0.282069554861881,0.5536627550572774,False,,False
valence_index,dose,18,0.5333333333333333,-1.2184015512478368,0.23971090422888455,0.510613132564411,False,,False
valence_index,dose,18,0.6,-1.3134331782805106,0.2064887284271096,0.46929256460706725,False,,False
valence_index,dose,18,0.6666666666666666,-1.3997533377122402,0.1795713586061077,0.43970260250415066,False,,False
valence_index,dose,18,0.7333333333333333,-1.5009412139281715,0.15171543466012005,0.43970260250415066,False,,False
valence_index,dose,18,0.8,-1.5840985428395786,0.13159624167722755,0.4245040054104115,False,,False
valence_index,dose,18,0.8666666666666667,-1.6682919562599898,0.11357007996907617,0.3871700336208938,False,,False
valence_index,dose,18,0.9333333333333333,-1.7427133242317336,0.09944225649494327,0.3871700336208938,False,,False
valence_index,dose,18,1.0,-1.8108797970480108,0.08786797615385729,0.3871700336208938,False,,False
valence_index,dose,18,1.0666666666666667,-1.8595728213114657,0.08034126227614992,0.3871700336208938,False,,False
valence_index,dose,18,1.1333333333333333,-1.9110495170494546,0.07301017606711613,0.3871700336208938,False,,False
valence_index,dose,18,1.2,-1.9607098079505196,0.06650900986508132,0.3871700336208938,False,,False
valence_index,dose,18,1.2666666666666666,-2.0232698209816715,0.05906090128586826,0.3871700336208938,False,,False
valence_index,dose,18,1.3333333333333333,-2.081229584103829,0.052842301987513544,0.3871700336208938,False,,False
valence_index,dose,18,1.4,-2.145928127259973,0.046609100726118596,0.3871700336208938,False,0.23177337646484375,False
valence_index,dose,18,1.4666666666666666,-2.2085966164175708,0.04122114944783851,0.3871700336208938,False,0.23177337646484375,False
valence_index,dose,18,1.5333333333333334,-2.214265432014158,0.04076321512323824,0.3871700336208938,False,0.23177337646484375,False
valence_index,dose,18,1.6,-2.2059509164099214,0.041436492840115274,0.3871700336208938,False,0.23177337646484375,False
valence_index,dose,18,1.6666666666666667,-2.1855834513784735,0.043129322092030076,0.3871700336208938,False,0.23177337646484375,False
valence_index,dose,18,1.7333333333333334,-2.162952457571272,0.04508478444060524,0.3871700336208938,False,0.23177337646484375,False
valence_index,dose,18,1.8,-2.1457159120770997,0.046628396685754275,0.3871700336208938,False,0.23177337646484375,False
valence_index,dose,18,1.8666666666666667,-2.13515221027486,0.04759821841596797,0.3871700336208938,False,0.23177337646484375,False
valence_index,dose,18,1.9333333333333333,-2.1397454283397908,0.0471742807754836,0.3871700336208938,False,0.23177337646484375,False
valence_index,dose,18,2.0,-2.0333309114600993,0.057936006711616854,0.3871700336208938,False,,False
valence_index,dose,18,2.066666666666667,-1.9823876979469022,0.0638375487744756,0.3871700336208938,False,,False
valence_index,dose,18,2.1333333333333333,-1.9698944845932225,0.06536512053112882,0.3871700336208938,False,,False
valence_index,dose,18,2.2,-1.967056514247567,0.06571667019505398,0.3871700336208938,False,,False
valence_index,dose,18,2.2666666666666666,-1.9161516395304667,0.07231703253543999,0.3871700336208938,False,,False
valence_index,dose,18,2.3333333333333335,-1.8435714640036962,0.08274933737083658,0.3871700336208938,False,,False
valence_index,dose,18,2.4,-1.8303495120683553,0.08478699562944303,0.3871700336208938,False,,False
valence_index,dose,18,2.466666666666667,-1.832144827998118,0.08450774579853595,0.3871700336208938,False,,False
valence_index,dose,18,2.533333333333333,-1.8211993325128433,0.08622291459287514,0.3871700336208938,False,,False
valence_index,dose,18,2.6,-1.821615996252721,0.086157066127528,0.3871700336208938,False,,False
valence_index,dose,18,2.6666666666666665,-1.8164821721344253,0.08697149667156065,0.3871700336208938,False,,False
valence_index,dose,18,2.7333333333333334,-1.8091370156423838,0.08814850316111139,0.3871700336208938,False,,False
valence_index,dose,18,2.8,-1.801686528069865,0.08935665983086928,0.3871700336208938,False,,False
valence_index,dose,18,2.8666666666666667,-1.8034254251703334,0.08907339089803143,0.3871700336208938,False,,False
valence_index,dose,18,2.933333333333333,-1.812715497476727,0.08757334099424394,0.3871700336208938,False,,False
valence_index,dose,18,3.0,-1.813805046415827,0.08739887620319728,0.3871700336208938,False,,False
valence_index,dose,18,3.066666666666667,-1.816213037251245,0.08701437844118587,0.3871700336208938,False,,False
valence_index,dose,18,3.1333333333333333,-1.8193836512958086,0.08651037743484517,0.3871700336208938,False,,False
valence_index,dose,18,3.2,-1.8311353477404513,0.08466466403138191,0.3871700336208938,False,,False
valence_index,dose,18,3.2666666666666666,-1.8445783829171072,0.08259594525141829,0.3871700336208938,False,,False
valence_index,dose,18,3.3333333333333335,-1.8548318647373123,0.08104819349208371,0.3871700336208938,False,,False
valence_index,dose,18,3.4,-1.8655999337570859,0.07945043226460886,0.3871700336208938,False,,False
valence_index,dose,18,3.466666666666667,-1.8731892965561687,0.07834114779766493,0.3871700336208938,False,,False
valence_index,dose,18,3.533333333333333,-1.8778925281824403,0.07766062089706605,0.3871700336208938,False,,False
valence_index,dose,18,3.6,-1.8883713644583273,0.07616323500501812,0.3871700336208938,False,,False
valence_index,dose,18,3.6666666666666665,-1.8846748728596932,0.07668849644388978,0.3871700336208938,False,,False
valence_index,dose,18,3.7333333333333334,-1.8809602735976956,0.07721956935448292,0.3871700336208938,False,,False
valence_index,dose,18,3.8,-1.8752384697256674,0.07804399832919456,0.3871700336208938,False,,False
valence_index,dose,18,3.8666666666666667,-1.8630232911135505,0.0798301938385438,0.3871700336208938,False,,False
valence_index,dose,18,3.933333333333333,-1.850213591249455,0.0817421150656338,0.3871700336208938,False,,False
valence_index,dose,18,4.0,-1.8403163657825947,0.08324693494926,0.3871700336208938,False,,False
valence_index,dose,18,4.066666666666666,-1.8362125354808954,0.08387803769160042,0.3871700336208938,False,,False
valence_index,dose,18,4.133333333333334,-1.82466405618815,0.08567670333679299,0.3871700336208938,False,,False
valence_index,dose,18,4.2,-1.8195123847934238,0.08648996831232413,0.3871700336208938,False,,False
valence_index,dose,18,4.266666666666667,-1.813834402824208,0.08739417971743493,0.3871700336208938,False,,False
valence_index,dose,18,4.333333333333333,-1.814657584424448,0.08726257609118604,0.3871700336208938,False,,False
valence_index,dose,18,4.4,-1.8136657612256073,0.08742116229712549,0.3871700336208938,False,,False
valence_index,dose,18,4.466666666666667,-1.81395529369318,0.0873748417381753,0.3871700336208938,False,,False
valence_index,dose,18,4.533333333333333,-1.8096622530498503,0.08806387554943482,0.3871700336208938,False,,False
valence_index,dose,18,4.6,-1.8021995102720823,0.0892730121776022,0.3871700336208938,False,,False
valence_index,dose,18,4.666666666666667,-1.7998640561398107,0.08965439124312731,0.3871700336208938,False,,False
valence_index,dose,18,4.733333333333333,-1.8067638943810267,0.08853175772919607,0.3871700336208938,False,,False
valence_index,dose,18,4.8,-1.8091037043800078,0.0881538727662395,0.3871700336208938,False,,False
valence_index,dose,18,4.866666666666666,-1.8029645522714302,0.08914839092186426,0.3871700336208938,False,,False
valence_index,dose,18,4.933333333333334,-1.7961468820267101,0.09026435251535926,0.3871700336208938,False,,False
valence_index,dose,18,5.0,-1.7714007679682484,0.09441845344949486,0.3871700336208938,False,,False
valence_index,dose,18,5.066666666666666,-1.757942827328761,0.09674699048738394,0.3871700336208938,False,,False
valence_index,dose,18,5.133333333333334,-1.7588513245231123,0.09658823813880209,0.3871700336208938,False,,False
valence_index,dose,18,5.2,-1.758584306774452,0.09663487370189935,0.3871700336208938,False,,False
valence_index,dose,18,5.266666666666667,-1.7591518786434446,0.09653576879964706,0.3871700336208938,False,,False
valence_index,dose,18,5.333333333333333,-1.7562364212141657,0.09704578546989504,0.3871700336208938,False,,False
valence_index,dose,18,5.4,-1.758510312086705,0.09664780059916693,0.3871700336208938,False,,False
valence_index,dose,18,5.466666666666667,-1.7600445902479227,0.09638006981487557,0.3871700336208938,False,,False
valence_index,dose,18,5.533333333333333,-1.7587940206826047,0.09659824479718758,0.3871700336208938,False,,False
valence_index,dose,18,5.6,-1.756931469173147,0.09692398433351071,0.3871700336208938,False,,False
valence_index,dose,18,5.666666666666667,-1.755705874014416,0.09713884899164468,0.3871700336208938,False,,False
valence_index,dose,18,5.733333333333333,-1.7531092795467016,0.09759544085272213,0.3871700336208938,False,,False
valence_index,dose,18,5.8,-1.7531895300950193,0.09758130145104184,0.3871700336208938,False,,False
valence_index,dose,18,5.866666666666666,-1.7494903526269532,0.09823491882618664,0.3871700336208938,False,,False
valence_index,dose,18,5.933333333333334,-1.7400748432085353,0.09991578298715961,0.3871700336208938,False,,False
valence_index,dose,18,6.0,-1.7340615128089192,0.10100231728222732,0.3871700336208938,False,,False
valence_index,dose,18,6.066666666666666,-1.7239620268876834,0.10285024982347324,0.3871700336208938,False,,False
valence_index,dose,18,6.133333333333334,-1.7132011605334851,0.10485136491842856,0.3871700336208938,False,,False
valence_index,dose,18,6.2,-1.7016865659436682,0.10702985619957746,0.3871700336208938,False,,False
valence_index,dose,18,6.266666666666667,-1.6995793762415063,0.1074327263509053,0.3871700336208938,False,,False
valence_index,dose,18,6.333333333333333,-1.6959520481447676,0.1081292945964501,0.3871700336208938,False,,False
valence_index,dose,18,6.4,-1.6834855289895572,0.11055305039048996,0.3871700336208938,False,,False
valence_index,dose,18,6.466666666666667,-1.674342419125346,0.1123602538781488,0.3871700336208938,False,,False
valence_index,dose,18,6.533333333333333,-1.6674564592693741,0.11373801802632287,0.3871700336208938,False,,False
valence_index,dose,18,6.6,-1.657576051286463,0.1157402267622205,0.3871700336208938,False,,False
valence_index,dose,18,6.666666666666667,-1.6517042506473847,0.11694435908606544,0.3871700336208938,False,,False
valence_index,dose,18,6.733333333333333,-1.6483962982795999,0.11762743086285174,0.3871700336208938,False,,False
valence_index,dose,18,6.8,-1.6430810372705875,0.11873214364374075,0.3871700336208938,False,,False
valence_index,dose,18,6.866666666666666,-1.6446054743493184,0.11841440480630597,0.3871700336208938,False,,False
valence_index,dose,18,6.933333333333334,-1.648783652761881,0.11754726857217715,0.3871700336208938,False,,False
valence_index,dose,18,7.0,-1.5406061422929844,0.14181980495860375,0.43970260250415066,False,,False
valence_index,dose,18,7.066666666666666,-1.5319299250780578,0.14393698250262119,0.43970260250415066,False,,False
valence_index,dose,18,7.133333333333334,-1.5250798120713622,0.1456271522745444,0.43970260250415066,False,,False
valence_index,dose,18,7.2,-1.524341617478156,0.14581027604282779,0.43970260250415066,False,,False
valence_index,dose,18,7.266666666666667,-1.5206247902733379,0.14673522903914502,0.43970260250415066,False,,False
valence_index,dose,18,7.333333333333333,-1.52222364793648,0.1463367466865154,0.43970260250415066,False,,False
valence_index,dose,18,7.4,-1.516422729283109,0.14778681968833807,0.43970260250415066,False,,False
valence_index,dose,18,7.466666666666667,-1.5041409187478993,0.15089643822377774,0.43970260250415066,False,,False
valence_index,dose,18,7.533333333333333,-1.4907663794424446,0.1543443303531477,0.43970260250415066,False,,False
valence_index,dose,18,7.6,-1.4787698745341689,0.15749222935574925,0.43970260250415066,False,,False
valence_index,dose,18,7.666666666666667,-1.4678505321268933,0.16040339070359186,0.43970260250415066,False,,False
valence_index,dose,18,7.733333333333333,-1.4528878682472517,0.16446435378073868,0.43970260250415066,False,,False
valence_index,dose,18,7.8,-1.4432779296143998,0.16711678999528431,0.43970260250415066,False,,False
valence_index,dose,18,7.866666666666666,-1.4311516694854307,0.17051363434777037,0.43970260250415066,False,,False
valence_index,dose,18,7.933333333333334,-1.4250998745573322,0.17222985661493145,0.43970260250415066,False,,False
valence_index,dose,18,8.0,-1.419765239919576,0.17375435476601706,0.43970260250415066,False,,False
valence_index,dose,18,8.066666666666666,-1.4151547818452146,0.17508073708672317,0.43970260250415066,False,,False
valence_index,dose,18,8.133333333333333,-1.4103079600803743,0.17648398528517606,0.43970260250415066,False,,False
valence_index,dose,18,8.2,-1.4068010172419387,0.17750499865134184,0.43970260250415066,False,,False
valence_index,dose,18,8.266666666666667,-1.4055349772958952,0.17787476997774526,0.43970260250415066,False,,False
valence_index,dose,18,8.333333333333334,-1.40591488775351,0.17776374424376692,0.43970260250415066,False,,False
valence_index,dose,18,8.4,-1.4049863713780124,0.17803519485319677,0.43970260250415066,False,,False
valence_index,dose,18,8.466666666666667,-1.4033370562911842,0.1785181990896881,0.43970260250415066,False,,False
valence_index,dose,18,8.533333333333333,-1.4361587726772107,0.16910425319937822,0.43970260250415066,False,,False
valence_index,dose,18,8.6,-1.4450741384283243,0.1666183730806972,0.43970260250415066,False,,False
valence_index,dose,18,8.666666666666666,-1.4297293161175084,0.1709157380091556,0.43970260250415066,False,,False
valence_index,dose,18,8.733333333333333,-1.4144072173802948,0.17529657780052252,0.43970260250415066,False,,False
valence_index,dose,18,8.8,-1.3973580677192148,0.18027806702670177,0.43970260250415066,False,,False
valence_index,dose,18,8.866666666666667,-1.380624476083913,0.18527819581683497,0.44466766996040397,False,,False
valence_index,dose,18,8.933333333333334,-1.3595481598723054,0.19173436010214856,0.45651038119559184,False,,False
valence_index,dose,18,9.0,-1.3424305681709932,0.1971095539599342,0.4619755170935958,False,,False
valence_index,dose,18,9.066666666666666,-1.3311429443942657,0.20071937092885464,0.46678923471826655,False,,False
valence_index,dose,18,9.133333333333333,-1.314465927463085,0.20614871950519473,0.46929256460706725,False,,False
valence_index,dose,18,9.2,-1.300392095656625,0.21082047326992526,0.47553490211261334,False,,False
valence_index,dose,18,9.266666666666667,-1.2885422739090886,0.21481836060170942,0.4773741346704654,False,,False
valence_index,dose,18,9.333333333333334,-1.2745615049475028,0.21961149702551172,0.48443712579157,False,,False
valence_index,dose,18,9.4,-1.2589112361690695,0.22507580029837926,0.4928667159818524,False,,False
valence_index,dose,18,9.466666666666667,-1.2503760711771148,0.22810016160174038,0.495292089028621,False,,False
valence_index,dose,18,9.533333333333333,-1.217652727709677,0.23998817230527317,0.510613132564411,False,,False
valence_index,dose,18,9.6,-1.1589241175146197,0.262507980547858,0.5404683294795063,False,,False
valence_index,dose,18,9.666666666666666,-1.1431586844681827,0.26881655860228587,0.5442166695159895,False,,False
valence_index,dose,18,9.733333333333333,-1.1447373959744682,0.26817976271635513,0.5442166695159895,False,,False
valence_index,dose,18,9.8,-1.1244271585979575,0.27645868787592476,0.5492556712766717,False,,False
valence_index,dose,18,9.866666666666667,-1.1058086357581,0.28421354759606904,0.5536627550572774,False,,False
valence_index,dose,18,9.933333333333334,-1.093572677518353,0.2893966853346808,0.5559645300890727,False,,False
valence_index,dose,18,10.0,-1.0873388969379596,0.29206384795284746,0.5559645300890727,False,,False
valence_index,dose,18,10.066666666666666,-1.0780521210655745,0.29607056635516754,0.5559645300890727,False,,False
valence_index,dose,18,10.133333333333333,-1.067436274106164,0.30069964830432555,0.5559645300890727,False,,False
valence_index,dose,18,10.2,-1.0567340270150485,0.30541939206361224,0.5559645300890727,False,,False
valence_index,dose,18,10.266666666666667,-1.0482032259690568,0.30921971008806953,0.5559645300890727,False,,False
valence_index,dose,18,10.333333333333334,-1.03853228296765,0.3135690003527215,0.5559645300890727,False,,False
valence_index,dose,18,10.4,-1.0354127086521137,0.3149812793320821,0.5559645300890727,False,,False
valence_index,dose,18,10.466666666666667,-1.0402090212076527,0.3128117947893869,0.5559645300890727,False,,False
valence_index,dose,18,10.533333333333333,-1.0419860038220279,0.31201075311900145,0.5559645300890727,False,,False
valence_index,dose,18,10.6,-1.0408127001666097,0.3125394983806817,0.5559645300890727,False,,False
valence_index,dose,18,10.666666666666666,-1.0352687376379663,0.3150465670504745,0.5559645300890727,False,,False
valence_index,dose,18,10.733333333333333,-1.023449698666954,0.3204393263884849,0.5621742568219034,False,,False
valence_index,dose,18,10.8,-1.0057598526234486,0.3286331342019133,0.5666088520722643,False,,False
valence_index,dose,18,10.866666666666667,-0.9897928945837624,0.3361551150213494,0.5744484487770521,False,,False
valence_index,dose,18,10.933333333333334,-0.9722515067160304,0.3445570908401465,0.5811271147394559,False,,False
valence_index,dose,18,11.0,-0.967072767112345,0.3470653140567717,0.5816737107096733,False,,False
valence_index,dose,18,11.066666666666666,-0.9551808199510906,0.35287278813518214,0.5881213135586368,False,,False
valence_index,dose,18,11.133333333333333,-0.9381886098667781,0.36128668499946537,0.5955275027463715,False,,False
valence_index,dose,18,11.2,-0.9261365679818321,0.3673369111221455,0.6014963032548537,False,,False
valence_index,dose,18,11.266666666666667,-0.9103444620279237,0.3753682873876092,0.605432721592918,False,,False
valence_index,dose,18,11.333333333333334,-0.8918680745399266,0.3849138452655404,0.6160165992476444,False,,False
valence_index,dose,18,11.4,-0.8707671709613966,0.39601153322957056,0.6285897352850326,False,,False
valence_index,dose,18,11.466666666666667,-0.8544909571752821,0.40471430884163634,0.6356769248821513,False,,False
valence_index,dose,18,11.533333333333333,-0.836455824959863,0.41450207670923617,0.6476594948581815,False,,False
valence_index,dose,18,11.6,-0.8097206326670617,0.4292896074026303,0.6604455498502005,False,,False
valence_index,dose,18,11.666666666666666,-0.7925510960529133,0.438960448428599,0.6718782373907127,False,,False
valence_index,dose,18,11.733333333333333,-0.7772407471696097,0.4476982411621817,0.681773971312967,False,,False
valence_index,dose,18,11.8,-0.7682858591377463,0.4528585189654237,0.682701284872498,False,,False
valence_index,dose,18,11.866666666666667,-0.7530805266982368,0.4617040637432685,0.6925560956149027,False,,False
valence_index,dose,18,11.933333333333334,-0.7392991009831313,0.46981147327362066,0.7012111541397323,False,,False
valence_index,dose,18,12.0,-0.723855526529244,0.4789978812681175,0.7078786422681539,False,,False
valence_index,dose,18,12.066666666666666,-0.7048269209119198,0.4904625872480174,0.7177501276800254,False,,False
valence_index,dose,18,12.133333333333333,-0.6861327624365234,0.5018809011636041,0.7308945162576759,False,,False
valence_index,dose,18,12.2,-0.6648359025545789,0.5150739078822253,0.7464839244669932,False,,False
valence_index,dose,18,12.266666666666667,-0.6475160601626548,0.5259465432965763,0.7513522047093947,False,,False
valence_index,dose,18,12.333333333333334,-0.6256986918424132,0.5398226712428486,0.7675203856533391,False,,False
valence_index,dose,18,12.4,-0.610197022771161,0.5498021336562856,0.7780218872494608,False,,False
valence_index,dose,18,12.466666666666667,-0.5906377649621123,0.5625337990087736,0.7885987836571594,False,,False
valence_index,dose,18,12.533333333333333,-0.5649954557141681,0.5794571593154589,0.8085448734634311,False,,False
valence_index,dose,18,12.6,-0.5257576965902571,0.6058476223798055,0.8337352601556955,False,,False
valence_index,dose,18,12.666666666666666,-0.4744317717553635,0.6412290572557049,0.874403259894143,False,,False
valence_index,dose,18,12.733333333333333,-0.43120490195190353,0.6717376372287723,0.9077535638226654,False,,False
valence_index,dose,18,12.8,-0.4176586721370687,0.6814242560130583,0.9117888993875041,False,,False
valence_index,dose,18,12.866666666666667,-0.40405979712857015,0.6912064623461575,0.9175307022294126,False,,False
valence_index,dose,18,12.933333333333334,-0.38272893516443207,0.7066638836213323,0.9257605462288195,False,,False
valence_index,dose,18,13.0,-0.3494835284696438,0.7310181301264519,0.9493741949694181,False,,False
valence_index,dose,18,13.066666666666666,-0.3153183634027308,0.7563577095090046,0.9780487622961267,False,,False
valence_index,dose,18,13.133333333333333,-0.2890776273791701,0.7760175663497652,0.9855686169233522,False,,False
valence_index,dose,18,13.2,-0.2633825236852283,0.795421579577747,0.9855686169233522,False,,False
valence_index,dose,18,13.266666666666667,-0.236491046520841,0.8158776619422436,0.9855686169233522,False,,False
valence_index,dose,18,13.333333333333334,-0.20495516088713966,0.840041101445526,0.9855686169233522,False,,False
valence_index,dose,18,13.4,-0.17435060583198017,0.8636494096585114,0.9855686169233522,False,,False
valence_index,dose,18,13.466666666666667,-0.15434798587563828,0.8791529588842689,0.9855686169233522,False,,False
valence_index,dose,18,13.533333333333333,-0.14275806127271595,0.8881596352001426,0.9855686169233522,False,,False
valence_index,dose,18,13.6,-0.14406140300299475,0.8871459816518148,0.9855686169233522,False,,False
valence_index,dose,18,13.666666666666666,-0.1434732395793311,0.8876033916998959,0.9855686169233522,False,,False
valence_index,dose,18,13.733333333333333,-0.12149663559518548,0.904722259212824,0.9855686169233522,False,,False
valence_index,dose,18,13.8,-0.08615588524801326,0.9323491153908888,0.9855686169233522,False,,False
valence_index,dose,18,13.866666666666667,-0.05615531395339931,0.9558728078120253,0.9855686169233522,False,,False
valence_index,dose,18,13.933333333333334,-0.04706043749887647,0.9630134941057897,0.9855686169233522,False,,False
valence_index,dose,18,14.0,-0.04616799925351532,0.963714361159589,0.9855686169233522,False,,False
valence_index,dose,18,14.066666666666666,-0.03402087134148748,0.9732567747217468,0.9855686169233522,False,,False
valence_index,dose,18,14.133333333333333,-0.028100854350157176,0.9779089654632694,0.9855686169233522,False,,False
valence_index,dose,18,14.2,-0.03689671517161669,0.970997166679772,0.9855686169233522,False,,False
valence_index,dose,18,14.266666666666667,-0.033496773143370774,0.9736685949597164,0.9855686169233522,False,,False
valence_index,dose,18,14.333333333333334,-0.11302126632026052,0.9113376311999738,0.9855686169233522,False,,False
valence_index,dose,18,14.4,-0.17998600635730838,0.8592915723208799,0.9855686169233522,False,,False
valence_index,dose,18,14.466666666666667,-0.1789446965149102,0.8600964664610511,0.9855686169233522,False,,False
valence_index,dose,18,14.533333333333333,-0.18558186969905321,0.8549689283298936,0.9855686169233522,False,,False
valence_index,dose,18,14.6,-0.19235343754739037,0.8497444387418663,0.9855686169233522,False,,False
valence_index,dose,18,14.666666666666666,-0.19850712645582147,0.8450028881946536,0.9855686169233522,False,,False
valence_index,dose,18,14.733333333333333,-0.1997489209657268,0.8440467942576332,0.9855686169233522,False,,False
valence_index,dose,18,14.8,-0.21072677488661265,0.8356056866856602,0.9855686169233522,False,,False
valence_index,dose,18,14.866666666666667,-0.22008019424528477,0.82842985249515,0.9855686169233522,False,,False
valence_index,dose,18,14.933333333333334,-0.21319911449719448,0.8337074570529184,0.9855686169233522,False,,False
valence_index,dose,18,15.0,-0.20972222190719242,0.8363772682979433,0.9855686169233522,False,,False
valence_index,dose,18,15.066666666666666,-0.19659244508127233,0.8464775448408085,0.9855686169233522,False,,False
valence_index,dose,18,15.133333333333333,-0.18336305850842285,0.8566823367820798,0.9855686169233522,False,,False
valence_index,dose,18,15.2,-0.14206047031881727,0.8887022576709109,0.9855686169233522,False,,False
valence_index,dose,18,15.266666666666667,-0.11176043407347047,0.9123223474692873,0.9855686169233522,False,,False
valence_index,dose,18,15.333333333333334,-0.09428447485547407,0.925985558107396,0.9855686169233522,False,,False
valence_index,dose,18,15.4,-0.08443632733424182,0.9336959100472779,0.9855686169233522,False,,False
valence_index,dose,18,15.466666666666667,-0.0637997593313491,0.9498738624545093,0.9855686169233522,False,,False
valence_index,dose,18,15.533333333333333,-0.05173014790925627,0.9593467074986072,0.9855686169233522,False,,False
valence_index,dose,18,15.6,-0.04081557963926398,0.9679184489170363,0.9855686169233522,False,,False
valence_index,dose,18,15.666666666666666,-0.03139966381779197,0.9753165143368958,0.9855686169233522,False,,False
valence_index,dose,18,15.733333333333333,-0.028652292534853605,0.9774755855868261,0.9855686169233522,False,,False
valence_index,dose,18,15.8,-0.03083846358371816,0.9757575281939287,0.9855686169233522,False,,False
valence_index,dose,18,15.866666666666667,-0.03584650493806917,0.9718223094940752,0.9855686169233522,False,,False
valence_index,dose,18,15.933333333333334,-0.0401098298698614,0.9684728593145169,0.9855686169233522,False,,False
valence_index,dose,18,16.0,-0.04692569565111051,0.9631193102256675,0.9855686169233522,False,,False
valence_index,dose,18,16.066666666666666,-0.05994336130703407,0.9528997902200579,0.9855686169233522,False,,False
valence_index,dose,18,16.133333333333333,-0.07754425044160232,0.9390959677533197,0.9855686169233522,False,,False
valence_index,dose,18,16.2,-0.10394488629584304,0.9184295419163031,0.9855686169233522,False,,False
valence_index,dose,18,16.266666666666666,-0.13944998196892333,0.8907333334887634,0.9855686169233522,False,,False
valence_index,dose,18,16.333333333333332,-0.153776713766962,0.8795965130410497,0.9855686169233522,False,,False
valence_index,dose,18,16.4,-0.14311632904710095,0.8878809781133905,0.9855686169233522,False,,False
valence_index,dose,18,16.466666666666665,-0.11219256339019525,0.9119848356995424,0.9855686169233522,False,,False
valence_index,dose,18,16.533333333333335,-0.077918818758513,0.9388024062484425,0.9855686169233522,False,,False
valence_index,dose,18,16.6,-0.051575452733963884,0.9594681639062519,0.9855686169233522,False,,False
valence_index,dose,18,16.666666666666668,-0.03695268342946691,0.9709531937536955,0.9855686169233522,False,,False
valence_index,dose,18,16.733333333333334,-0.02671498928310217,0.9789981594771965,0.9855686169233522,False,,False
valence_index,dose,18,16.8,0.00030219345314402374,0.9997624023776353,0.9997624023776354,False,,False
valence_index,dose,18,16.866666666666667,0.017021481110111796,0.9866176560228515,0.9899173806249346,False,,False
valence_index,dose,18,16.933333333333334,0.027544672150606693,0.9783460809026028,0.9855686169233522,False,,False
valence_index,dose,18,17.0,0.04142615124894846,0.9674388205221669,0.9855686169233522,False,,False
valence_index,dose,18,17.066666666666666,0.05863750658599062,0.9539246010536736,0.9855686169233522,False,,False
valence_index,dose,18,17.133333333333333,0.07840097809110619,0.9384245354831638,0.9855686169233522,False,,False
valence_index,dose,18,17.2,0.10008391961894232,0.9214485256975041,0.9855686169233522,False,,False
valence_index,dose,18,17.266666666666666,0.12026086316251655,0.9056863933018275,0.9855686169233522,False,,False
valence_index,dose,18,17.333333333333332,0.1403372773480576,0.8900428898377478,0.9855686169233522,False,,False
valence_index,dose,18,17.4,0.1752741745307722,0.8629349029443887,0.9855686169233522,False,,False
valence_index,dose,18,17.466666666666665,0.21379325818965483,0.8332514383754648,0.9855686169233522,False,,False
valence_index,dose,18,17.533333333333335,0.2563997928042888,0.8007192219844679,0.9855686169233522,False,,False
valence_index,dose,18,17.6,0.3089856910583751,0.7610870887267687,0.9799404575881142,False,,False
valence_index,dose,18,17.666666666666668,0.3646207199865156,0.7198906636546051,0.9389878221581806,False,,False
valence_index,dose,18,17.733333333333334,0.3863638189115697,0.7040202901779571,0.9257605462288195,False,,False
valence_index,dose,18,17.8,0.3887503232062665,0.7022867390368496,0.9257605462288195,False,,False
valence_index,dose,18,17.866666666666667,0.4142906250521528,0.683841674540628,0.9117888993875041,False,,False
valence_index,dose,18,17.933333333333334,0.4648322002496613,0.6479499006094279,0.8795700008272777,False,,False
valence_index,dose,18,18.0,0.5131783268234043,0.6144309908467901,0.8416862888312192,False,,False
valence_index,dose,18,18.066666666666666,0.5492589634555087,0.5899704929048896,0.8156274095459303,False,,False
valence_index,dose,18,18.133333333333333,0.5996485519960034,0.5566491736513901,0.7840129206357607,False,,False
valence_index,dose,18,18.2,0.6601542278239422,0.5180002604636952,0.7471157602841758,False,,False
valence_index,dose,18,18.266666666666666,0.71846561994002,0.48222901736060214,0.7091603196479443,False,,False
valence_index,dose,18,18.333333333333332,0.7689006141428748,0.4525030976996966,0.682701284872498,False,,False
valence_index,dose,18,18.4,0.8108318656523782,0.42866838036279636,0.6604455498502005,False,,False
valence_index,dose,18,18.466666666666665,0.857654715415595,0.4030129678215138,0.6356769248821513,False,,False
valence_index,dose,18,18.533333333333335,0.8897141857573312,0.3860370688618572,0.6160165992476444,False,,False
valence_index,dose,18,18.6,0.9190144960185724,0.37094443172485936,0.6015315109051773,False,,False
valence_index,dose,18,18.666666666666668,0.9432898914432127,0.35874642458356054,0.5946073335639125,False,,False
valence_index,dose,18,18.733333333333334,0.9717445076922534,0.3448020880787438,0.5811271147394559,False,,False
valence_index,dose,18,18.8,0.9879946875093958,0.33700975661587057,0.5744484487770521,False,,False
valence_index,dose,18,18.866666666666667,1.0152416656977876,0.32422297041360876,0.5647811011865381,False,,False
valence_index,dose,18,18.933333333333334,1.0355551670865923,0.31491668707626597,0.5559645300890727,False,,False
valence_index,dose,18,19.0,1.059647524063501,0.3041292476607088,0.5559645300890727,False,,False
valence_index,dose,18,19.066666666666666,1.0720818285187033,0.2986675026073104,0.5559645300890727,False,,False
valence_index,dose,18,19.133333333333333,1.0899688944773989,0.29093639868304505,0.5559645300890727,False,,False
valence_index,dose,18,19.2,1.1064511235821712,0.28394329422322917,0.5536627550572774,False,,False
valence_index,dose,18,19.266666666666666,1.1265846977130411,0.27557030214499056,0.5492556712766717,False,,False
valence_index,dose,18,19.333333333333332,1.1395059474379508,0.27029427919294147,0.5442166695159895,False,,False
valence_index,dose,18,19.4,1.1576140672398736,0.26302792034669303,0.5404683294795063,False,,False
valence_index,dose,18,19.466666666666665,1.1812153935678082,0.253779201329206,0.5287066694358459,False,,False
valence_index,dose,18,19.533333333333335,1.1936267069825859,0.24901555984831666,0.522410265416049,False,,False
valence_index,dose,18,19.6,1.2104519418582715,0.2426670050628304,0.5126767712595008,False,,False
valence_index,dose,18,19.666666666666668,1.2464962483916118,0.22948533458326106,0.495292089028621,False,,False
valence_index,dose,18,19.733333333333334,1.2888697725615477,0.21470707416478818,0.4773741346704654,False,,False
valence_index,dose,18,19.8,1.3194994324997673,0.2044978943701996,0.46929256460706725,False,,False
valence_index,dose,18,19.866666666666667,1.3527356955480712,0.19385934887019599,0.4579354697721165,False,,False
valence_index,dose,18,19.933333333333334,1.3843617263170704,0.1841518805903,0.44466766996040397,False,,False
interoception_z,state,18,0.0,5.0992566830931105,8.907596448147542e-05,9.089384130762799e-05,True,1.52587890625e-05,True
interoception_z,state,18,0.06666666666666667,5.2895774994847296,6.0060410545341264e-05,6.435043987000849e-05,True,1.52587890625e-05,True
interoception_z,state,18,0.13333333333333333,5.438409342719194,4.425955673640089e-05,4.9177285262667654e-05,True,1.52587890625e-05,True
interoception_z,state,18,0.2,5.577076972747355,3.338343093801875e-05,3.822530260078483e-05,True,1.52587890625e-05,True
interoception_z,state,18,0.26666666666666666,5.763629927664849,2.2930455048805405e-05,2.7083214624573313e-05,True,1.52587890625e-05,True
interoception_z,state,18,0.3333333333333333,5.9364606194663985,1.6256599424264614e-05,1.9665241239029775e-05,True,1.52587890625e-05,True
interoception_z,state,18,0.4,6.121281510930709,1.1302460827918049e-05,1.4246799362921911e-05,True,1.52587890625e-05,True
interoception_z,state,18,0.4666666666666667,6.327957173663938,7.568350690764826e-06,9.958356172058982e-06,True,1.52587890625e-05,True
interoception_z,state,18,0.5333333333333333,6.579535704306236,4.681427465449576e-06,7.97156733016381e-06,True,1.52587890625e-05,True
interoception_z,state,18,0.6,6.725282468308875,3.5581951164814177e-06,7.2125576685434135e-06,True,1.52587890625e-05,True
interoception_z,state,18,0.6666666666666666,6.896216886331489,2.5887719811114386e-06,5.627765176329214e-06,True,1.52587890625e-05,True
interoception_z,state,18,0.7333333333333333,7.060273636857679,1.9148801624851664e-06,4.926880494535645e-06,True,1.52587890625e-05,True
interoception_z,state,18,0.8,7.25793710816257,1.338045357338069e-06,4.460151191126897e-06,True,1.52587890625e-05,True
interoception_z,state,18,0.8666666666666667,7.476414916321,9.058753089423255e-07,3.397032408533721e-06,True,1.52587890625e-05,True
interoception_z,state,18,0.9333333333333333,7.582197906421208,7.516969539055822e-07,3.0474200834010086e-06,True,1.52587890625e-05,True
interoception_z,state,18,1.0,7.669638730288283,6.449907882530119e-07,2.764246235370051e-06,True,1.52587890625e-05,True
interoception_z,state,18,1.0666666666666667,7.758007988981035,5.530998665166069e-07,2.5926556242965947e-06,True,1.52587890625e-05,True
interoception_z,state,18,1.1333333333333333,7.845500490714414,4.7550425581863015e-07,2.3775212790931507e-06,True,1.52587890625e-05,True
interoception_z,state,18,1.2,7.918654840534474,4.193695145159353e-07,2.2466223991925105e-06,True,1.52587890625e-05,True
interoception_z,state,18,1.2666666666666666,7.976451654560572,3.799322753491618e-07,2.1618957167138355e-06,True,1.52587890625e-05,True
interoception_z,state,18,1.3333333333333333,8.013839143045631,3.565012919643682e-07,2.1390077517862092e-06,True,1.52587890625e-05,True
interoception_z,state,18,1.4,8.058927645877498,3.302370693897186e-07,2.1390077517862092e-06,True,1.52587890625e-05,True
interoception_z,state,18,1.4666666666666666,8.106297622280975,3.0481126742543535e-07,2.1390077517862092e-06,True,1.52587890625e-05,True
interoception_z,state,18,1.5333333333333334,8.123860554875604,2.9591173637525704e-07,2.1390077517862092e-06,True,1.52587890625e-05,True
interoception_z,state,18,1.6,8.155291370292707,2.8065625765631835e-07,2.1390077517862092e-06,True,1.52587890625e-05,True
interoception_z,state,18,1.6666666666666667,8.182852839949826,2.6795521154708356e-07,2.1390077517862092e-06,True,1.52587890625e-05,True
interoception_z,state,18,1.7333333333333334,8.199687517466208,2.6049418916670426e-07,2.1390077517862092e-06,True,1.52587890625e-05,True
interoception_z,state,18,1.8,8.272011629588972,2.3082727693866084e-07,2.1390077517862092e-06,True,1.52587890625e-05,True
interoception_z,state,18,1.8666666666666667,8.345807445549875,2.0417541564689122e-07,2.1390077517862092e-06,True,1.52587890625e-05,True
interoception_z,state,18,1.9333333333333333,8.369785210639195,1.9622507066855333e-07,2.1390077517862092e-06,True,1.52587890625e-05,True
interoception_z,state,18,2.0,8.366530103361544,1.972851032918646e-07,2.1390077517862092e-06,True,1.52587890625e-05,True
interoception_z,state,18,2.066666666666667,8.371381296913006,1.9570747968373165e-07,2.1390077517862092e-06,True,1.52587890625e-05,True
interoception_z,state,18,2.1333333333333333,8.35410611573666,2.0138636646362884e-07,2.1390077517862092e-06,True,1.52587890625e-05,True
interoception_z,state,18,2.2,8.345095058555454,2.044167124541747e-07,2.1390077517862092e-06,True,1.52587890625e-05,True
interoception_z,state,18,2.2666666666666666,8.280464384908894,2.275981711339496e-07,2.1390077517862092e-06,True,1.52587890625e-05,True
interoception_z,state,18,2.3333333333333335,8.272700036825091,2.3056251013577644e-07,2.1390077517862092e-06,True,1.52587890625e-05,True
interoception_z,state,18,2.4,8.264649745188507,2.3367867236960924e-07,2.1390077517862092e-06,True,1.52587890625e-05,True
interoception_z,state,18,2.466666666666667,8.258589658358055,2.360534825417069e-07,2.1390077517862092e-06,True,1.52587890625e-05,True
interoception_z,state,18,2.533333333333333,8.250291553892712,2.3934632285101647e-07,2.1390077517862092e-06,True,1.52587890625e-05,True
interoception_z,state,18,2.6,8.224866882732,2.497375790482711e-07,2.1390077517862092e-06,True,1.52587890625e-05,True
interoception_z,state,18,2.6666666666666665,8.20759768573998,2.570637477317789e-07,2.1390077517862092e-06,True,1.52587890625e-05,True
interoception_z,state,18,2.7333333333333334,8.16864006581851,2.7442804686375985e-07,2.1390077517862092e-06,True,1.52587890625e-05,True
interoception_z,state,18,2.8,8.123349935017577,2.9616660927690584e-07,2.1390077517862092e-06,True,1.52587890625e-05,True
interoception_z,state,18,2.8666666666666667,8.076991409247428,3.20289461321069e-07,2.1390077517862092e-06,True,1.52587890625e-05,True
interoception_z,state,18,2.933333333333333,8.028576756567377,3.4768449994937826e-07,2.1390077517862092e-06,True,1.52587890625e-05,True
interoception_z,state,18,3.0,7.962412552683647,3.891412290084904e-07,2.1618957167138355e-06,True,1.52587890625e-05,True
interoception_z,state,18,3.066666666666667,7.877748600088495,4.498491512103221e-07,2.326805954536149e-06,True,1.52587890625e-05,True
interoception_z,state,18,3.1333333333333333,7.800857485306151,5.135674450070626e-07,2.4850037661632057e-06,True,1.52587890625e-05,True
interoception_z,state,18,3.2,7.738466487971946,5.72171016374855e-07,2.600777347158432e-06,True,1.52587890625e-05,True
interoception_z,state,18,3.2666666666666666,7.690237713975707,6.222345065227503e-07,2.7451522346591925e-06,True,1.52587890625e-05,True
interoception_z,state,18,3.3333333333333335,7.623693010699386,6.989328658609192e-07,2.9122202744204963e-06,True,1.52587890625e-05,True
interoception_z,state,18,3.4,7.560846542703318,7.804499062786186e-07,3.080723314257705e-06,True,1.52587890625e-05,True
interoception_z,state,18,3.466666666666667,7.5046802003195054,8.6169777656988e-07,3.3142222175764614e-06,True,1.52587890625e-05,True
interoception_z,state,18,3.533333333333333,7.447196705555454,9.540312284926537e-07,3.490358153021904e-06,True,1.52587890625e-05,True
interoception_z,state,18,3.6,7.402814428570995,1.0323475446854347e-06,3.6869555167336957e-06,True,1.52587890625e-05,True
interoception_z,state,18,3.6666666666666665,7.3634808690089715,1.107356386620377e-06,3.862871116117594e-06,True,1.52587890625e-05,True
interoception_z,state,18,3.7333333333333334,7.293975729474806,1.2541097999623527e-06,4.275374318053475e-06,True,1.52587890625e-05,True
interoception_z,state,18,3.8,7.239349387443435,1.3836044568325528e-06,4.511753663584411e-06,True,1.52587890625e-05,True
interoception_z,state,18,3.8666666666666667,7.206864977181611,1.4671449693090004e-06,4.68237756162447e-06,True,1.52587890625e-05,True
interoception_z,state,18,3.933333333333333,7.189281030609883,1.514541020659153e-06,4.732940689559853e-06,True,1.52587890625e-05,True
interoception_z,state,18,4.0,7.169488711822218,1.569802159610878e-06,4.761306610875987e-06,True,1.52587890625e-05,True
interoception_z,state,18,4.066666666666666,7.157480384817593,1.604349578184564e-06,4.761306610875987e-06,True,1.52587890625e-05,True
interoception_z,state,18,4.133333333333334,7.15252214769752,1.6188442476978355e-06,4.761306610875987e-06,True,1.52587890625e-05,True
interoception_z,state,18,4.2,7.128649788601556,1.690564588996692e-06,4.876628622105843e-06,True,1.52587890625e-05,True
interoception_z,state,18,4.266666666666667,7.114127394526038,1.7358057129277395e-06,4.912657678097375e-06,True,1.52587890625e-05,True
interoception_z,state,18,4.333333333333333,7.09534798376453,1.7961844373979029e-06,4.926880494535645e-06,True,1.52587890625e-05,True
interoception_z,state,18,4.4,7.087218816458386,1.822995129085837e-06,4.926880494535645e-06,True,1.52587890625e-05,True
interoception_z,state,18,4.466666666666667,7.072834055390018,1.8714627806345483e-06,4.926880494535645e-06,True,1.52587890625e-05,True
interoception_z,state,18,4.533333333333333,7.062499581178942,1.9071100255499658e-06,4.926880494535645e-06,True,1.52587890625e-05,True
interoception_z,state,18,4.6,7.052759000246818,1.9413558566537605e-06,4.926880494535645e-06,True,1.52587890625e-05,True
interoception_z,state,18,4.666666666666667,7.043342307017795,1.9750716596140126e-06,4.926880494535645e-06,True,1.52587890625e-05,True
interoception_z,state,18,4.733333333333333,7.033721643364817,2.0101475517965073e-06,4.926880494535645e-06,True,1.52587890625e-05,True
interoception_z,state,18,4.8,7.0266229136603995,2.0364439377414e-06,4.926880494535645e-06,True,1.52587890625e-05,True
interoception_z,state,18,4.866666666666666,7.0108392391455805,2.096203445995711e-06,4.990960585704074e-06,True,1.52587890625e-05,True
interoception_z,state,18,4.933333333333334,6.994100628029083,2.161575602977332e-06,5.066192819478122e-06,True,1.52587890625e-05,True
interoception_z,state,18,5.0,6.980297441113374,2.2170780862307477e-06,5.1163340451478794e-06,True,1.52587890625e-05,True
interoception_z,state,18,5.066666666666666,6.956953413794148,2.3143430118609716e-06,5.259870481502209e-06,True,1.52587890625e-05,True
interoception_z,state,18,5.133333333333334,6.937982692657756,2.3966514544239783e-06,5.3656375845312945e-06,True,1.52587890625e-05,True
interoception_z,state,18,5.2,6.915796154266005,2.496788643570816e-06,5.5076220078768e-06,True,1.52587890625e-05,True
interoception_z,state,18,5.266666666666667,6.886358420279261,2.636414135562584e-06,5.649458861919823e-06,True,1.52587890625e-05,True
interoception_z,state,18,5.333333333333333,6.856213191696734,2.7878319477666306e-06,5.889785805140769e-06,True,1.52587890625e-05,True
interoception_z,state,18,5.4,6.802450581737581,3.080733755449934e-06,6.418195323854029e-06,True,1.52587890625e-05,True
interoception_z,state,18,5.466666666666667,6.75617473564928,3.3584344721216416e-06,6.90089275093488e-06,True,1.52587890625e-05,True
interoception_z,state,18,5.533333333333333,6.708978439703384,3.668561819184797e-06,7.337123638369595e-06,True,1.52587890625e-05,True
interoception_z,state,18,5.6,6.673608637890897,3.9203903050434186e-06,7.737612444164643e-06,True,1.52587890625e-05,True
interoception_z,state,18,5.666666666666667,6.644621694192817,4.140137218794367e-06,7.97156733016381e-06,True,1.52587890625e-05,True
interoception_z,state,18,5.733333333333333,6.626108852948061,4.287140865903718e-06,7.97156733016381e-06,True,1.52587890625e-05,True
interoception_z,state,18,5.8,6.607521641490265,4.440195269894025e-06,7.97156733016381e-06,True,1.52587890625e-05,True
interoception_z,state,18,5.866666666666666,6.59001652671115,4.589529817577522e-06,7.97156733016381e-06,True,1.52587890625e-05,True
interoception_z,state,18,5.933333333333334,6.57934736957072,4.683096178804365e-06,7.97156733016381e-06,True,1.52587890625e-05,True
interoception_z,state,18,6.0,6.563045975848025,4.829897845574922e-06,7.97156733016381e-06,True,1.52587890625e-05,True
interoception_z,state,18,6.066666666666666,6.554247502479961,4.911109209544675e-06,7.97156733016381e-06,True,1.52587890625e-05,True
interoception_z,state,18,6.133333333333334,6.53299662244558,5.1131575734109446e-06,7.97156733016381e-06,True,1.52587890625e-05,True
interoception_z,state,18,6.2,6.528888755250998,5.153199082305781e-06,7.97156733016381e-06,True,1.52587890625e-05,True
interoception_z,state,18,6.266666666666667,6.5204732902764375,5.2362484336918495e-06,7.97156733016381e-06,True,1.52587890625e-05,True
interoception_z,state,18,6.333333333333333,6.521419909176011,5.226837644561242e-06,7.97156733016381e-06,True,1.52587890625e-05,True
interoception_z,state,18,6.4,6.516086393296059,5.280090770553556e-06,7.97156733016381e-06,True,1.52587890625e-05,True
interoception_z,state,18,6.466666666666667,6.504276605542073,5.400020185331033e-06,7.97156733016381e-06,True,1.52587890625e-05,True
interoception_z,state,18,6.533333333333333,6.497453621502704,5.470593091175504e-06,7.97156733016381e-06,True,1.52587890625e-05,True
interoception_z,state,18,6.6,6.488919615909544,5.56021306327843e-06,7.97156733016381e-06,True,1.52587890625e-05,True
interoception_z,state,18,6.666666666666667,6.490477826952772,5.5437365277057275e-06,7.97156733016381e-06,True,1.52587890625e-05,True
interoception_z,state,18,6.733333333333333,6.4951123016692645,5.495030288125828e-06,7.97156733016381e-06,True,1.52587890625e-05,True
interoception_z,state,18,6.8,6.496247495701215,5.483167746269515e-06,7.97156733016381e-06,True,1.52587890625e-05,True
interoception_z,state,18,6.866666666666666,6.495057078969474,5.495608032601704e-06,7.97156733016381e-06,True,1.52587890625e-05,True
interoception_z,state,18,6.933333333333334,6.4875320384727555,5.574928083870624e-06,7.97156733016381e-06,True,1.52587890625e-05,True
interoception_z,state,18,7.0,6.478755504853483,5.668942527873542e-06,7.97156733016381e-06,True,1.52587890625e-05,True
interoception_z,state,18,7.066666666666666,6.467432342992463,5.792672259919035e-06,7.97156733016381e-06,True,1.52587890625e-05,True
interoception_z,state,18,7.133333333333334,6.467982251930032,5.786599078248096e-06,7.97156733016381e-06,True,1.52587890625e-05,True
interoception_z,state,18,7.2,6.468628546039697,5.7794698634868304e-06,7.97156733016381e-06,True,1.52587890625e-05,True
interoception_z,state,18,7.266666666666667,6.477740472873555,5.679921195552667e-06,7.97156733016381e-06,True,1.52587890625e-05,True
interoception_z,state,18,7.333333333333333,6.485580151949705,5.595695931256271e-06,7.97156733016381e-06,True,1.52587890625e-05,True
interoception_z,state,18,7.4,6.499295519614069,5.451447797641375e-06,7.97156733016381e-06,True,1.52587890625e-05,True
interoception_z,state,18,7.466666666666667,6.5071466720003235,5.37061679909346e-06,7.97156733016381e-06,True,1.52587890625e-05,True
interoception_z,state,18,7.533333333333333,6.504839440947057,5.3942408854760985e-06,7.97156733016381e-06,True,1.52587890625e-05,True
interoception_z,state,18,7.6,6.4887418661232275,5.56209581664758e-06,7.97156733016381e-06,True,1.52587890625e-05,True
interoception_z,state,18,7.666666666666667,6.474169843911905,5.718716999991893e-06,7.97156733016381e-06,True,1.52587890625e-05,True
interoception_z,state,18,7.733333333333333,6.469755949643614,5.7670553739081515e-06,7.97156733016381e-06,True,1.52587890625e-05,True
interoception_z,state,18,7.8,6.456422097437854,5.915670737458372e-06,8.06682373289778e-06,True,1.52587890625e-05,True
interoception_z,state,18,7.866666666666666,6.431266988862534,6.206958280166943e-06,8.387781459685058e-06,True,1.52587890625e-05,True
interoception_z,state,18,7.933333333333334,6.395821732342678,6.642877834552933e-06,8.817979426397699e-06,True,1.52587890625e-05,True
interoception_z,state,18,8.0,6.398182559146469,6.6128796849691796e-06,8.817979426397699e-06,True,1.52587890625e-05,True
interoception_z,state,18,8.066666666666666,6.2962419737985575,8.04574181887354e-06,1.0494445850704617e-05,True,1.52587890625e-05,True
interoception_z,state,18,8.133333333333333,6.159392844062141,1.049222989181618e-05,1.3451576784379719e-05,True,1.52587890625e-05,True
interoception_z,state,18,8.2,6.159680411172538,1.0486350310734098e-05,1.3451576784379719e-05,True,1.52587890625e-05,True
interoception_z,state,18,8.266666666666667,6.139452514182893,1.0908367221023219e-05,1.3866568501300703e-05,True,1.52587890625e-05,True
interoception_z,state,18,8.333333333333334,6.098907914291773,1.1808028965972002e-05,1.4760036207465002e-05,True,1.52587890625e-05,True
interoception_z,state,18,8.4,6.057546895837761,1.2805200609935807e-05,1.5874215632151828e-05,True,1.52587890625e-05,True
interoception_z,state,18,8.466666666666667,6.013513975912909,1.3962994268894014e-05,1.7167615904377887e-05,True,1.52587890625e-05,True
interoception_z,state,18,8.533333333333333,5.96158939332987,1.5468619546310838e-05,1.8864170178427852e-05,True,1.52587890625e-05,True
interoception_z,state,18,8.6,5.889735772916711,1.7833983980869614e-05,2.1400780777043535e-05,True,1.52587890625e-05,True
interoception_z,state,18,8.666666666666666,5.820209987198016,2.0479661521154432e-05,2.4380549429945754e-05,True,1.52587890625e-05,True
interoception_z,state,18,8.733333333333333,5.749568811823693,2.3585235570461055e-05,2.763894793413405e-05,True,1.52587890625e-05,True
interoception_z,state,18,8.8,5.688742859227435,2.6647805098554777e-05,3.0985819882040435e-05,True,1.52587890625e-05,True
interoception_z,state,18,8.866666666666667,5.6219499472700765,3.0487365763382507e-05,3.5177729726979816e-05,True,1.52587890625e-05,True
interoception_z,state,18,8.933333333333334,5.565520485582324,3.4174215685425746e-05,3.883433600616562e-05,True,1.52587890625e-05,True
interoception_z,state,18,9.0,5.504260186252172,3.8700526654570986e-05,4.364721051267404e-05,True,1.52587890625e-05,True
interoception_z,state,18,9.066666666666666,5.457710725488986,4.2549837206366796e-05,4.7630414783246415e-05,True,1.52587890625e-05,True
interoception_z,state,18,9.133333333333333,5.41257036538323,4.665971104228072e-05,5.146291659075079e-05,True,1.52587890625e-05,True
interoception_z,state,18,9.2,5.370265050321541,5.08824794751107e-05,5.571074395085113e-05,True,1.52587890625e-05,True
interoception_z,state,18,9.266666666666667,5.327485253952599,5.555344222389075e-05,6.0384176330316034e-05,True,1.52587890625e-05,True
interoception_z,state,18,9.333333333333334,5.291376375260016,5.9838269394991515e-05,6.435043987000849e-05,True,1.52587890625e-05,True
interoception_z,state,18,9.4,5.2653975345411785,6.312997040629717e-05,6.715954298542252e-05,True,1.52587890625e-05,True
interoception_z,state,18,9.466666666666667,5.2456729388230645,6.575306940689239e-05,6.945746768333703e-05,True,1.52587890625e-05,True
interoception_z,state,18,9.533333333333333,5.221097865133362,6.917856808944744e-05,7.256493156235745e-05,True,1.52587890625e-05,True
interoception_z,state,18,9.6,5.192321853315163,7.342357836959861e-05,7.648289413499855e-05,True,1.52587890625e-05,True
interoception_z,state,18,9.666666666666666,5.153765526401727,7.953422822863303e-05,8.227678782272382e-05,True,1.52587890625e-05,True
interoception_z,state,18,9.733333333333333,5.119068582708713,8.547897052873715e-05,8.78208601322642e-05,True,1.52587890625e-05,True
interoception_z,state,18,9.8,5.09157555211434,9.051195617124239e-05,9.173509071409702e-05,True,1.52587890625e-05,True
interoception_z,state,18,9.866666666666667,5.063537517250878,9.595823221525566e-05,9.66022471965661e-05,True,1.52587890625e-05,True
interoception_z,state,18,9.933333333333334,5.036459905197967,0.00010153702745746625,0.00010153702745746625,True,1.52587890625e-05,True
interoception_z,dose,18,0.0,0.4003570076471598,0.6938798817054131,0.6938798817054131,False,,False
interoception_z,dose,18,0.06666666666666667,0.43573483423564185,0.6685114894214172,0.6729981437128362,False,,False
interoception_z,dose,18,0.13333333333333333,0.44650330453080433,0.6608691885221875,0.6697998532319468,False,,False
interoception_z,dose,18,0.2,0.4377560975115569,0.667074122932955,0.6729981437128362,False,,False
interoception_z,dose,18,0.26666666666666666,0.44953970688337075,0.658721179287383,0.6697998532319468,False,,False
interoception_z,dose,18,0.3333333333333333,0.4613112891736201,0.6504228610003163,0.6659619737204604,False,,False
interoception_z,dose,18,0.4,0.47976345187549474,0.6375099989105876,0.6594931023212975,False,,False
interoception_z,dose,18,0.4666666666666667,0.47083122975072245,0.6437461514342856,0.6613830322954989,False,,False
interoception_z,dose,18,0.5333333333333333,0.42755778380858744,0.6743398620521651,0.6765951793165537,False,,False
interoception_z,dose,18,0.6,0.4515668991329894,0.6572888103208125,0.6697998532319468,False,,False
interoception_z,dose,18,0.6666666666666666,0.47602296577643605,0.6401181021185091,0.6599155691943392,False,,False
interoception_z,dose,18,0.7333333333333333,0.5105881778896024,0.6162055743385711,0.6396597657493818,False,,False
interoception_z,dose,18,0.8,0.5980519409614234,0.5576894753509632,0.58092653682392,False,,False
interoception_z,dose,18,0.8666666666666667,0.770627037018019,0.45150588364825367,0.47195736966716406,False,,False
interoception_z,dose,18,0.9333333333333333,0.8027863567859084,0.4331790371800615,0.454383605433631,False,,False
interoception_z,dose,18,1.0,0.8410708557015294,0.41198304083367926,0.4523547580878925,False,,False
interoception_z,dose,18,1.0666666666666667,0.8909163393088925,0.38540989336578446,0.4523547580878925,False,,False
interoception_z,dose,18,1.1333333333333333,0.9318631300011336,0.36445359146487016,0.44809867803057807,False,,False
interoception_z,dose,18,1.2,0.961359249872789,0.3498472105568296,0.4336948891200367,False,,False
interoception_z,dose,18,1.2666666666666666,0.9975608646781444,0.3324806779188957,0.4173397630781117,False,,False
interoception_z,dose,18,1.3333333333333333,1.030932435343644,0.3170175294296077,0.4012880119362123,False,,False
interoception_z,dose,18,1.4,1.0690173041479136,0.30000691974819266,0.38417346973896693,False,,False
interoception_z,dose,18,1.4666666666666666,1.1144546224070706,0.28059262307850197,0.36584685640513986,False,,False
interoception_z,dose,18,1.5333333333333334,1.105189719217444,0.2844740654553262,0.3678543949853356,False,,False
interoception_z,dose,18,1.6,1.14147958451639,0.2694950887625703,0.3545988010033819,False,,False
interoception_z,dose,18,1.6666666666666667,1.1679276507021903,0.25895552875311656,0.34374627710590694,False,,False
interoception_z,dose,18,1.7333333333333334,1.191988530868436,0.2496403861972242,0.334339802942711,False,,False
interoception_z,dose,18,1.8,1.2482224200052479,0.22886825380923062,0.3106808875238425,False,,False
interoception_z,dose,18,1.8666666666666667,1.3197813834779055,0.20440573445224222,0.28907895253836835,False,,False
interoception_z,dose,18,1.9333333333333333,1.3708115828386727,0.18826200119042746,0.27153173248619344,False,,False
interoception_z,dose,18,2.0,1.4187686695042931,0.17404036293014102,0.2557156891251638,False,,False
interoception_z,dose,18,2.066666666666667,1.4641474296415107,0.16140067099305222,0.2397039668213647,False,,False
interoception_z,dose,18,2.1333333333333333,1.4994891724198192,0.1520883143449762,0.22813247151746427,False,,False
interoception_z,dose,18,2.2,1.5375280839791232,0.14256791346766276,0.2160119901025193,False,,False
interoception_z,dose,18,2.2666666666666666,1.5855199204635688,0.13127289616157775,0.2019583017870427,False,,False
interoception_z,dose,18,2.3333333333333335,1.6061115337382375,0.12666341059467415,0.1958712534969188,False,,False
interoception_z,dose,18,2.4,1.6203712776336943,0.12355239665938193,0.19305061978028426,False,,False
interoception_z,dose,18,2.466666666666667,1.6435207254938973,0.11864042464979602,0.18732698628915162,False,,False
interoception_z,dose,18,2.533333333333333,1.67888215260556,0.11145979255713492,0.17786137110181105,False,,False
interoception_z,dose,18,2.6,1.7107335867830675,0.10531495993705677,0.16986283860815607,False,,False
interoception_z,dose,18,2.6666666666666665,1.739517414516603,0.10001607467600084,0.16306968697174049,False,,False
interoception_z,dose,18,2.7333333333333334,1.7571708245725703,0.09688207021422066,0.15969572013333075,False,,False
interoception_z,dose,18,2.8,1.762616703150625,0.09593268768666159,0.15900445472927335,False,,False
interoception_z,dose,18,2.8666666666666667,1.7772587137703817,0.0934202739221639,0.1557004565369398,False,,False
interoception_z,dose,18,2.933333333333333,1.7871827428818399,0.0917502874024991,0.1546353158469086,False,,False
interoception_z,dose,18,3.0,1.807346179978128,0.08843758448415155,0.14989421099008737,False,,False
interoception_z,dose,18,3.066666666666667,1.816919199522857,0.0869019038610251,0.1489746923331859,False,,False
interoception_z,dose,18,3.1333333333333333,1.836382873056949,0.0838517588113651,0.1445719979506295,False,,False
interoception_z,dose,18,3.2,1.8515491353452898,0.08154090427555627,0.1422225074573656,False,,False
interoception_z,dose,18,3.2666666666666666,1.8672800849338536,0.07920366386095821,0.13895379624729512,False,,False
interoception_z,dose,18,3.3333333333333335,1.8837749807883886,0.07681685464419827,0.13636128043348805,False,,False
interoception_z,dose,18,3.4,1.903808549827243,0.07400405494933263,0.1336309988237884,False,,False
interoception_z,dose,18,3.466666666666667,1.92180502422435,0.07155585833903534,0.13089486281530854,False,,False
interoception_z,dose,18,3.533333333333333,1.9398379043600718,0.06917548203829554,0.127391794511428,False,,False
interoception_z,dose,18,3.6,1.9484555357140054,0.06806315205346752,0.1271568867850234,False,,False
interoception_z,dose,18,3.6666666666666665,1.951397255229149,0.06768713017103535,0.1271568867850234,False,,False
interoception_z,dose,18,3.7333333333333334,1.9481674933630289,0.0681000711332488,0.1271568867850234,False,,False
interoception_z,dose,18,3.8,1.9470703219257706,0.06824086257462922,0.1271568867850234,False,,False
interoception_z,dose,18,3.8666666666666667,1.9476597552141737,0.06816519283059765,0.1271568867850234,False,,False
interoception_z,dose,18,3.933333333333333,1.9515644963087821,0.06766580880123234,0.1271568867850234,False,,False
interoception_z,dose,18,4.0,1.9559587067628659,0.06710774854402146,0.1271568867850234,False,,False
interoception_z,dose,18,4.066666666666666,1.9604373680642104,0.06654321307025444,0.1271568867850234,False,,False
interoception_z,dose,18,4.133333333333334,1.957694292512913,0.06688847013638358,0.1271568867850234,False,,False
interoception_z,dose,18,4.2,1.9551651371144185,0.06720822475936478,0.1271568867850234,False,,False
interoception_z,dose,18,4.266666666666667,1.9557065453265872,0.06713966084580067,0.1271568867850234,False,,False
interoception_z,dose,18,4.333333333333333,1.9514774535546244,0.06767690502906551,0.1271568867850234,False,,False
interoception_z,dose,18,4.4,1.952874970679309,0.0674989462061292,0.1271568867850234,False,,False
interoception_z,dose,18,4.466666666666667,1.9572986706618771,0.06693839740998563,0.1271568867850234,False,,False
interoception_z,dose,18,4.533333333333333,1.9717104201479203,0.06514106117269423,0.1271568867850234,False,,False
interoception_z,dose,18,4.6,1.984993687048709,0.06352298539076384,0.1271568867850234,False,,False
interoception_z,dose,18,4.666666666666667,1.996336789802523,0.06216997595679155,0.1271568867850234,False,,False
interoception_z,dose,18,4.733333333333333,2.0187058064989833,0.059577669254867,0.1271568867850234,False,,False
interoception_z,dose,18,4.8,2.039176460020779,0.057291378553238306,0.1271568867850234,False,,False
interoception_z,dose,18,4.866666666666666,2.059351589853388,0.05511615065993035,0.1271568867850234,False,,False
interoception_z,dose,18,4.933333333333334,2.073658542247249,0.05361934618854656,0.1271568867850234,False,,False
interoception_z,dose,18,5.0,2.0877108364714774,0.05218526492709668,0.1271568867850234,False,,False
interoception_z,dose,18,5.066666666666666,2.092601364876827,0.05169442291797749,0.1271568867850234,False,,False
interoception_z,dose,18,5.133333333333334,2.10025889689521,0.05093431581204215,0.1271568867850234,False,,False
interoception_z,dose,18,5.2,2.1061002515500835,0.05036135690332858,0.1271568867850234,False,,False
interoception_z,dose,18,5.266666666666667,2.108453358285257,0.050132215279465105,0.1271568867850234,False,,False
interoception_z,dose,18,5.333333333333333,2.1114193131733185,0.04984475162899401,0.1271568867850234,False,0.2213287353515625,False
interoception_z,dose,18,5.4,2.110285826083578,0.049954432286480825,0.1271568867850234,False,0.2213287353515625,False
interoception_z,dose,18,5.466666666666667,2.112148120331332,0.049774345601519186,0.1271568867850234,False,0.2213287353515625,False
interoception_z,dose,18,5.533333333333333,2.1156681956769097,0.04943556777978484,0.1271568867850234,False,0.2213287353515625,False
interoception_z,dose,18,5.6,2.1144107410998663,0.04955634467424279,0.1271568867850234,False,0.2213287353515625,False
interoception_z,dose,18,5.666666666666667,2.1144449428462364,0.04955305607726219,0.1271568867850234,False,0.2213287353515625,False
interoception_z,dose,18,5.733333333333333,2.1125955223855133,0.049731169570627655,0.1271568867850234,False,0.2213287353515625,False
interoception_z,dose,18,5.8,2.111490254576026,0.04983789437892901,0.1271568867850234,False,0.2213287353515625,False
interoception_z,dose,18,5.866666666666666,2.107787137011293,0.05019699402070209,0.1271568867850234,False,,False
interoception_z,dose,18,5.933333333333334,2.099978820392772,0.05096193639708329,0.1271568867850234,False,,False
interoception_z,dose,18,6.0,2.0917995917249366,0.05177460414364983,0.1271568867850234,False,,False
interoception_z,dose,18,6.066666666666666,2.0853678266298603,0.05242192407170132,0.1271568867850234,False,,False
interoception_z,dose,18,6.133333333333334,2.0795574635206977,0.05301303089188678,0.1271568867850234,False,,False
interoception_z,dose,18,6.2,2.0775295340029656,0.053220762549759194,0.1271568867850234,False,,False
interoception_z,dose,18,6.266666666666667,2.0784197835294735,0.05312947849676695,0.1271568867850234,False,,False
interoception_z,dose,18,6.333333333333333,2.07653827562714,0.05332257169548994,0.1271568867850234,False,,False
interoception_z,dose,18,6.4,2.0710455297987114,0.05388993252864546,0.1271568867850234,False,,False
interoception_z,dose,18,6.466666666666667,2.0666241790105606,0.054350607205458784,0.1271568867850234,False,,False
interoception_z,dose,18,6.533333333333333,2.063157356939872,0.05471432649730674,0.1271568867850234,False,,False
interoception_z,dose,18,6.6,2.0594588590887715,0.055104788253658867,0.1271568867850234,False,,False
interoception_z,dose,18,6.666666666666667,2.0552323454147214,0.05555409069147792,0.1271568867850234,False,,False
interoception_z,dose,18,6.733333333333333,2.0513029608665536,0.055974786277159364,0.1271568867850234,False,,False
interoception_z,dose,18,6.8,2.0485607793091756,0.056270085112135694,0.1271568867850234,False,,False
interoception_z,dose,18,6.866666666666666,2.042269436244535,0.05695292975711644,0.1271568867850234,False,,False
interoception_z,dose,18,6.933333333333334,2.046010446183153,0.05654599145928455,0.1271568867850234,False,,False
interoception_z,dose,18,7.0,2.049953677652618,0.056119911181331694,0.1271568867850234,False,,False
interoception_z,dose,18,7.066666666666666,2.04529904102592,0.05662317290189783,0.1271568867850234,False,,False
interoception_z,dose,18,7.133333333333334,2.039508064870223,0.05725500570361829,0.1271568867850234,False,,False
interoception_z,dose,18,7.2,2.038858155296872,0.057326312235219286,0.1271568867850234,False,,False
interoception_z,dose,18,7.266666666666667,2.0479645964749547,0.05633447326256382,0.1271568867850234,False,,False
interoception_z,dose,18,7.333333333333333,2.05752469133243,0.05530999028881798,0.1271568867850234,False,,False
interoception_z,dose,18,7.4,2.0655081661412575,0.05446745245447499,0.1271568867850234,False,,False
interoception_z,dose,18,7.466666666666667,2.0729483143028347,0.05369277017634182,0.1271568867850234,False,,False
interoception_z,dose,18,7.533333333333333,2.075982446916862,0.053379736678448086,0.1271568867850234,False,,False
interoception_z,dose,18,7.6,2.07784974651573,0.05318791230552703,0.1271568867850234,False,,False
interoception_z,dose,18,7.666666666666667,2.0880462957042836,0.05215146112906476,0.1271568867850234,False,,False
interoception_z,dose,18,7.733333333333333,2.099256291103616,0.05103325388571196,0.1271568867850234,False,,False
interoception_z,dose,18,7.8,2.1188851369567563,0.049127807903873805,0.1271568867850234,False,0.2432861328125,False
interoception_z,dose,18,7.866666666666666,2.1116933878357056,0.04981826412837096,0.1271568867850234,False,0.2432861328125,False
interoception_z,dose,18,7.933333333333334,2.0885046084848122,0.05210530977732695,0.1271568867850234,False,,False
interoception_z,dose,18,8.0,2.2069022485717613,0.04135894118130983,0.1271568867850234,False,0.0689544677734375,False
interoception_z,dose,18,8.066666666666666,2.3675016997706253,0.03003344200992982,0.1271568867850234,False,0.0689544677734375,False
interoception_z,dose,18,8.133333333333333,2.3985218539029245,0.028210698773775668,0.1271568867850234,False,0.0689544677734375,False
interoception_z,dose,18,8.2,2.4050726778366176,0.027839280175262413,0.1271568867850234,False,0.0689544677734375,False
interoception_z,dose,18,8.266666666666667,2.4025033904881714,0.027984403197473806,0.1271568867850234,False,0.0689544677734375,False
interoception_z,dose,18,8.333333333333334,2.4092757707540824,0.027603395987967596,0.1271568867850234,False,0.0689544677734375,False
interoception_z,dose,18,8.4,2.415712855480783,0.027245772392111563,0.1271568867850234,False,0.0689544677734375,False
interoception_z,dose,18,8.466666666666667,2.420223352414254,0.02699778254730328,0.1271568867850234,False,0.0689544677734375,False
interoception_z,dose,18,8.533333333333333,2.428694931416964,0.026537734631652512,0.1271568867850234,False,0.0689544677734375,False
interoception_z,dose,18,8.6,2.438828730145066,0.025997105960488116,0.1271568867850234,False,0.0689544677734375,False
interoception_z,dose,18,8.666666666666666,2.4527645645708795,0.02527055696849191,0.1271568867850234,False,0.0689544677734375,False
interoception_z,dose,18,8.733333333333333,2.4697327408168657,0.0244117445163988,0.1271568867850234,False,0.0689544677734375,False
interoception_z,dose,18,8.8,2.481347220959311,0.023839854942720885,0.1271568867850234,False,0.0689544677734375,False
interoception_z,dose,18,8.866666666666667,2.4936425409890797,0.023248240187055236,0.1271568867850234,False,0.0689544677734375,False
interoception_z,dose,18,8.933333333333334,2.50576468477913,0.022678563706418194,0.1271568867850234,False,0.0689544677734375,False
interoception_z,dose,18,9.0,2.519586125430012,0.02204514801623794,0.1271568867850234,False,0.0689544677734375,False
interoception_z,dose,18,9.066666666666666,2.526873981177893,0.021717938711897134,0.1271568867850234,False,0.0689544677734375,False
interoception_z,dose,18,9.133333333333333,2.5381385155313527,0.021221224304411517,0.1271568867850234,False,0.0689544677734375,False
interoception_z,dose,18,9.2,2.5460934910864976,0.020876956873869416,0.1271568867850234,False,0.0689544677734375,False
interoception_z,dose,18,9.266666666666667,2.5502962406378407,0.02069722039722246,0.1271568867850234,False,0.0689544677734375,False
interoception_z,dose,18,9.333333333333334,2.552172077598123,0.020617472506299472,0.1271568867850234,False,0.0689544677734375,False
interoception_z,dose,18,9.4,2.558425634447093,0.020353715540365674,0.1271568867850234,False,0.0689544677734375,False
interoception_z,dose,18,9.466666666666667,2.56441978442326,0.020103909691576726,0.1271568867850234,False,0.0689544677734375,False
interoception_z,dose,18,9.533333333333333,2.575819556033739,0.019636841391181437,0.1271568867850234,False,0.0689544677734375,False
interoception_z,dose,18,9.6,2.5883705207978593,0.019134544921392792,0.1271568867850234,False,0.0689544677734375,False
interoception_z,dose,18,9.666666666666666,2.599238188801956,0.018709513975197753,0.1271568867850234,False,0.0689544677734375,False
interoception_z,dose,18,9.733333333333333,2.6102827341287473,0.018286785722514506,0.1271568867850234,False,0.0689544677734375,False
interoception_z,dose,18,9.8,2.6196110311559964,0.017936852113690796,0.1271568867850234,False,0.0689544677734375,False
interoception_z,dose,18,9.866666666666667,2.6284013714326697,0.017612949851861195,0.1271568867850234,False,0.0689544677734375,False
interoception_z,dose,18,9.933333333333334,2.642845124941507,0.017092820935630575,0.1271568867850234,False,0.0689544677734375,False
interoception_z,dose,18,10.0,2.653747925453475,0.016709953711014722,0.1271568867850234,False,0.0689544677734375,False
interoception_z,dose,18,10.066666666666666,2.6667646896865476,0.016263582568086077,0.1271568867850234,False,0.0689544677734375,False
interoception_z,dose,18,10.133333333333333,2.6699680842984184,0.016155493022204096,0.1271568867850234,False,0.0689544677734375,False
interoception_z,dose,18,10.2,2.681721986969527,0.015764748849239636,0.1271568867850234,False,0.0689544677734375,False
interoception_z,dose,18,10.266666666666667,2.683189612289081,0.015716599535573552,0.1271568867850234,False,0.0689544677734375,False
interoception_z,dose,18,10.333333333333334,2.677249720322712,0.015912345725307947,0.1271568867850234,False,0.0689544677734375,False
interoception_z,dose,18,10.4,2.6671108203090927,0.016251870112258152,0.1271568867850234,False,0.0689544677734375,False
interoception_z,dose,18,10.466666666666667,2.660871059115856,0.016464256061308646,0.1271568867850234,False,0.0689544677734375,False
interoception_z,dose,18,10.533333333333333,2.6568599307089613,0.01660218350090074,0.1271568867850234,False,0.0689544677734375,False
interoception_z,dose,18,10.6,2.6534554533218575,0.016720116460421323,0.1271568867850234,False,0.0689544677734375,False
interoception_z,dose,18,10.666666666666666,2.6572466714304044,0.016588836992891237,0.1271568867850234,False,0.0689544677734375,False
interoception_z,dose,18,10.733333333333333,2.6576738170146044,0.016574108023974226,0.1271568867850234,False,0.0689544677734375,False
interoception_z,dose,18,10.8,2.6469989556032596,0.01694597542238582,0.1271568867850234,False,0.0689544677734375,False
interoception_z,dose,18,10.866666666666667,2.63257381751359,0.01746116583098084,0.1271568867850234,False,0.0689544677734375,False
interoception_z,dose,18,10.933333333333334,2.621766244333854,0.01785691616239642,0.1271568867850234,False,0.0689544677734375,False
interoception_z,dose,18,11.0,2.5990703476998864,0.01871600930411572,0.1271568867850234,False,0.0689544677734375,False
interoception_z,dose,18,11.066666666666666,2.5758397155416177,0.019636024632759277,0.1271568867850234,False,0.0689544677734375,False
interoception_z,dose,18,11.133333333333333,2.551275556099858,0.02065555007712082,0.1271568867850234,False,0.0689544677734375,False
interoception_z,dose,18,11.2,2.528774913410868,0.021633350565569576,0.1271568867850234,False,0.0689544677734375,False
interoception_z,dose,18,11.266666666666667,2.5101996110825304,0.02247346456282687,0.1271568867850234,False,0.0689544677734375,False
interoception_z,dose,18,11.333333333333334,2.499542341735787,0.022969311240731555,0.1271568867850234,False,0.0689544677734375,False
interoception_z,dose,18,11.4,2.483252076990925,0.023747277111439292,0.1271568867850234,False,0.0689544677734375,False
interoception_z,dose,18,11.466666666666667,2.472735805287126,0.024262646914777718,0.1271568867850234,False,0.0689544677734375,False
interoception_z,dose,18,11.533333333333333,2.4609321875150934,0.024853672463306952,0.1271568867850234,False,0.0689544677734375,False
interoception_z,dose,18,11.6,2.4456646379867313,0.025638290084998887,0.1271568867850234,False,0.0689544677734375,False
interoception_z,dose,18,11.666666666666666,2.438147331786899,0.02603313041473644,0.1271568867850234,False,0.0689544677734375,False
interoception_z,dose,18,11.733333333333333,2.4219877493856363,0.026901353422227388,0.1271568867850234,False,0.0689544677734375,False
interoception_z,dose,18,11.8,2.4135625706177652,0.027364748301350626,0.1271568867850234,False,0.0689544677734375,False
interoception_z,dose,18,11.866666666666667,2.4058932767339165,0.027793078713747366,0.1271568867850234,False,0.0689544677734375,False
interoception_z,dose,18,11.933333333333334,2.393726177396225,0.028485546411341642,0.1271568867850234,False,0.0689544677734375,False
interoception_z,dose,18,12.0,2.3714361816005898,0.029796292043465598,0.1271568867850234,False,0.0689544677734375,False
interoception_z,dose,18,12.066666666666666,2.3486668160967334,0.031193370696805913,0.1271568867850234,False,0.0689544677734375,False
interoception_z,dose,18,12.133333333333333,2.331944230793975,0.0322581660268307,0.1271568867850234,False,0.0689544677734375,False
interoception_z,dose,18,12.2,2.3139463039684287,0.03344199956995233,0.1271568867850234,False,0.0689544677734375,False
interoception_z,dose,18,12.266666666666667,2.2920219363851673,0.034938759885891235,0.1271568867850234,False,0.0689544677734375,False
interoception_z,dose,18,12.333333333333334,2.2774631036091577,0.0359668481113771,0.1271568867850234,False,0.0689544677734375,False
interoception_z,dose,18,12.4,2.2611059461854452,0.03715539774273853,0.1271568867850234,False,0.0689544677734375,False
interoception_z,dose,18,12.466666666666667,2.246883012683361,0.03821836211276579,0.1271568867850234,False,0.0689544677734375,False
interoception_z,dose,18,12.533333333333333,2.230990202532714,0.03943939436324926,0.1271568867850234,False,0.0689544677734375,False
interoception_z,dose,18,12.6,2.2154087630904993,0.040671426199394095,0.1271568867850234,False,0.0689544677734375,False
interoception_z,dose,18,12.666666666666666,2.198410971889814,0.04205590085906152,0.1271568867850234,False,0.0689544677734375,False
interoception_z,dose,18,12.733333333333333,2.1797099477257222,0.04362919253505304,0.1271568867850234,False,0.0689544677734375,False
interoception_z,dose,18,12.8,2.1606628439306808,0.04528709295673358,0.1271568867850234,False,0.0689544677734375,False
interoception_z,dose,18,12.866666666666667,2.142680121021434,0.04690523290972069,0.1271568867850234,False,0.0689544677734375,False
interoception_z,dose,18,12.933333333333334,2.125561221442114,0.04849469854909519,0.1271568867850234,False,0.0689544677734375,False
interoception_z,dose,18,13.0,2.115469943203246,0.04945459179942723,0.1271568867850234,False,0.0689544677734375,False
interoception_z,dose,18,13.066666666666666,2.0982223321261726,0.0511354694820132,0.1271568867850234,False,,False
interoception_z,dose,18,13.133333333333333,2.0776804722603934,0.05320527566313139,0.1271568867850234,False,,False
interoception_z,dose,18,13.2,2.0643197684387404,0.05459212719909682,0.1271568867850234,False,,False
interoception_z,dose,18,13.266666666666667,2.0457045169312216,0.05657917049998046,0.1271568867850234,False,,False
interoception_z,dose,18,13.333333333333334,2.0306259631432644,0.058236516014430445,0.1271568867850234,False,,False
interoception_z,dose,18,13.4,2.014954399265753,0.060005484164964505,0.1271568867850234,False,,False
interoception_z,dose,18,13.466666666666667,1.9994438083720243,0.06180392788458537,0.1271568867850234,False,,False
interoception_z,dose,18,13.533333333333333,1.9887745384135513,0.06306908676658499,0.1271568867850234,False,,False
interoception_z,dose,18,13.6,1.9786640400448134,0.06428945543946055,0.1271568867850234,False,,False
interoception_z,dose,18,13.666666666666666,1.9643108268043252,0.06605840327348152,0.1271568867850234,False,,False
interoception_z,dose,18,13.733333333333333,1.957937525090467,0.06685779089151651,0.1271568867850234,False,,False
interoception_z,dose,18,13.8,1.9610020576483485,0.06647233719173384,0.1271568867850234,False,,False
interoception_z,dose,18,13.866666666666667,1.9639899863469927,0.06609843955281532,0.1271568867850234,False,,False
interoception_z,dose,18,13.933333333333334,1.9796869178378416,0.0641650322782732,0.1271568867850234,False,,False
interoception_z,dose,18,14.0,1.9927876623170226,0.06259050003669252,0.1271568867850234,False,,False
interoception_z,dose,18,14.066666666666666,2.0003885850924736,0.06169300649556349,0.1271568867850234,False,,False
interoception_z,dose,18,14.133333333333333,1.9992707095498152,0.06182427000759508,0.1271568867850234,False,,False
interoception_z,dose,18,14.2,1.9825057417366765,0.06382326971220909,0.1271568867850234,False,,False
interoception_z,dose,18,14.266666666666667,1.963546994895018,0.06615375431644402,0.1271568867850234,False,,False
interoception_z,dose,18,14.333333333333334,1.9395247424817894,0.06921620835120923,0.127391794511428,False,,False
interoception_z,dose,18,14.4,1.913793747970164,0.07263662877485941,0.13206659777247165,False,,False
interoception_z,dose,18,14.466666666666667,1.9010350259938953,0.07438792267857554,0.1336309988237884,False,,False
interoception_z,dose,18,14.533333333333333,1.8931493251409655,0.07548903768879808,0.13480185301571085,False,,False
interoception_z,dose,18,14.6,1.8710712643011853,0.07864933638895422,0.13879294656874272,False,,False
interoception_z,dose,18,14.666666666666666,1.8411882956454928,0.083113387214608,0.1441272610657942,False,,False
interoception_z,dose,18,14.733333333333333,1.8110874676443365,0.08783460079121047,0.1497180695304724,False,,False
interoception_z,dose,18,14.8,1.7784434260025073,0.0932195268394285,0.1557004565369398,False,,False
interoception_z,dose,18,14.866666666666667,1.7439884452888132,0.09921411131986048,0.16264608413091883,False,,False
interoception_z,dose,18,14.933333333333334,1.715075576280194,0.10450039002493022,0.16946009193231928,False,,False
interoception_z,dose,18,15.0,1.6871701322028063,0.10983186241356116,0.17620084879180933,False,,False
interoception_z,dose,18,15.066666666666666,1.6645109903361206,0.11433176913918996,0.18147899863363487,False,,False
interoception_z,dose,18,15.133333333333333,1.639237101171117,0.11953657129324134,0.1877537769003791,False,,False
interoception_z,dose,18,15.2,1.6166390932994503,0.1243602967034192,0.19330616067888992,False,,False
interoception_z,dose,18,15.266666666666667,1.5811163575354577,0.13227683780879843,0.20246454766652822,False,,False
interoception_z,dose,18,15.333333333333334,1.5428228312746526,0.1412830860993975,0.21515190776557994,False,,False
interoception_z,dose,18,15.4,1.5080815266109233,0.14989284917769724,0.22596911936336267,False,,False
interoception_z,dose,18,15.466666666666667,1.4732044041206813,0.15897052195334965,0.23726943575126813,False,,False
interoception_z,dose,18,15.533333333333333,1.44476223868944,0.16670483239941325,0.24636182127992104,False,,False
interoception_z,dose,18,15.6,1.4163397345141409,0.1747390542355286,0.2557156891251638,False,,False
interoception_z,dose,18,15.666666666666666,1.3972603112900577,0.18030695716989098,0.2625829473347927,False,,False
interoception_z,dose,18,15.733333333333333,1.379571698429105,0.18559647772916982,0.2689804025060432,False,,False
interoception_z,dose,18,15.8,1.3555234380959944,0.19298751012142346,0.2770155647675935,False,,False
interoception_z,dose,18,15.866666666666667,1.3392364451536618,0.1981257529167006,0.28303678988100084,False,,False
interoception_z,dose,18,15.933333333333334,1.3249460390105716,0.2027234092025449,0.28823233535906856,False,,False
interoception_z,dose,18,16.0,1.3172142504129565,0.20524605630224155,0.28907895253836835,False,,False
interoception_z,dose,18,16.066666666666666,1.3117568249947007,0.20704157381775026,0.29022245608883673,False,,False
interoception_z,dose,18,16.133333333333333,1.3088808781404804,0.20799276019699967,0.29022245608883673,False,,False
interoception_z,dose,18,16.2,1.2989215750027279,0.2113133875011517,0.2934908159738218,False,,False
interoception_z,dose,18,16.266666666666666,1.2856484602154241,0.215803669675121,0.2983460871084622,False,,False
interoception_z,dose,18,16.333333333333332,1.2768426883846378,0.21882375479743174,0.3011336075194015,False,,False
interoception_z,dose,18,16.4,1.2642724823406746,0.22319210958610308,0.3057426158713741,False,,False
interoception_z,dose,18,16.466666666666665,1.250123251036788,0.22819022521581656,0.3106808875238425,False,,False
interoception_z,dose,18,16.533333333333335,1.2319378713799858,0.23474115458496142,0.3172177764661641,False,,False
interoception_z,dose,18,16.6,1.2085099055764514,0.24339339077446515,0.3274350548535406,False,,False
interoception_z,dose,18,16.666666666666668,1.18282082967545,0.2531591439626375,0.33754552528351667,False,,False
interoception_z,dose,18,16.733333333333334,1.1546079055780876,0.2642239501920603,0.3491946478309167,False,,False
interoception_z,dose,18,16.8,1.1341023119840006,0.2724914494351639,0.35697569794999634,False,,False
interoception_z,dose,18,16.866666666666667,1.1117967599250909,0.2817020794319577,0.36584685640513986,False,,False
interoception_z,dose,18,16.933333333333334,1.088318730566479,0.2916434312400787,0.37550656382842745,False,,False
interoception_z,dose,18,17.0,1.066897711632944,0.30093588462885745,0.38417346973896693,False,,False
interoception_z,dose,18,17.066666666666666,1.0347498263388821,0.3152819624505538,0.40078215565748365,False,,False
interoception_z,dose,18,17.133333333333333,1.0117232980941087,0.325854502569035,0.41074096962483403,False,,False
interoception_z,dose,18,17.2,0.9936744554505588,0.33431549538740696,0.4178943692342587,False,,False
interoception_z,dose,18,17.266666666666666,0.9692369597803252,0.3460155917572714,0.43072480301735033,False,,False
interoception_z,dose,18,17.333333333333332,0.9484675570877571,0.35618067375392193,0.43972922685669374,False,,False
interoception_z,dose,18,17.4,0.9209338683058381,0.36996986550523075,0.451182762811257,False,,False
interoception_z,dose,18,17.466666666666665,0.8942762570801747,0.38366059267922203,0.4523547580878925,False,,False
interoception_z,dose,18,17.533333333333335,0.8713678340092498,0.3956927357933205,0.4523547580878925,False,,False
interoception_z,dose,18,17.6,0.854094969808936,0.40492758411560875,0.4523547580878925,False,,False
interoception_z,dose,18,17.666666666666668,0.850624728181147,0.40679975825200426,0.4523547580878925,False,,False
interoception_z,dose,18,17.733333333333334,0.8379735899351725,0.41367253651650904,0.4523547580878925,False,,False
interoception_z,dose,18,17.8,0.8283049794457181,0.4189752734410097,0.4523547580878925,False,,False
interoception_z,dose,18,17.866666666666667,0.8217326754763825,0.42260462812164135,0.4523547580878925,False,,False
interoception_z,dose,18,17.933333333333334,0.8190873840438407,0.42407106129177297,0.4523547580878925,False,,False
interoception_z,dose,18,18.0,0.822653687409128,0.42209482053296815,0.4523547580878925,False,,False
interoception_z,dose,18,18.066666666666666,0.832136116154498,0.41686889413393713,0.4523547580878925,False,,False
interoception_z,dose,18,18.133333333333333,0.8420356898959807,0.4114576558841087,0.4523547580878925,False,,False
interoception_z,dose,18,18.2,0.8495264403623134,0.40739344902043867,0.4523547580878925,False,,False
interoception_z,dose,18,18.266666666666666,0.8525446490488884,0.4057632777582851,0.4523547580878925,False,,False
interoception_z,dose,18,18.333333333333332,0.8610960871923412,0.4011676502504471,0.4523547580878925,False,,False
interoception_z,dose,18,18.4,0.8600227342861828,0.40174260464602846,0.4523547580878925,False,,False
interoception_z,dose,18,18.466666666666665,0.8640068917251104,0.3996111554216608,0.4523547580878925,False,,False
interoception_z,dose,18,18.533333333333335,0.8742735402768607,0.3941529413917007,0.4523547580878925,False,,False
interoception_z,dose,18,18.6,0.878042168656398,0.3921617631718057,0.4523547580878925,False,,False
interoception_z,dose,18,18.666666666666668,0.8785130037118214,0.3919134626608264,0.4523547580878925,False,,False
interoception_z,dose,18,18.733333333333334,0.8763602104055562,0.39304961327343424,0.4523547580878925,False,,False
interoception_z,dose,18,18.8,0.8655509599776401,0.3987871051418431,0.4523547580878925,False,,False
interoception_z,dose,18,18.866666666666667,0.8526926053060253,0.4056834741335642,0.4523547580878925,False,,False
interoception_z,dose,18,18.933333333333334,0.846144479698532,0.4092251373915886,0.4523547580878925,False,,False
interoception_z,dose,18,19.0,0.8358381227875034,0.41483999102859187,0.4523547580878925,False,,False
interoception_z,dose,18,19.066666666666666,0.8271253435825566,0.4196252158611784,0.4523547580878925,False,,False
interoception_z,dose,18,19.133333333333333,0.8170060586973493,0.4252271341782237,0.4523547580878925,False,,False
interoception_z,dose,18,19.2,0.8086407833074118,0.4298938358583807,0.45251982721934814,False,,False
interoception_z,dose,18,19.266666666666666,0.8125985966054473,0.42768187605543,0.4523547580878925,False,,False
interoception_z,dose,18,19.333333333333332,0.811618126973112,0.42822917098987157,0.4523547580878925,False,,False
interoception_z,dose,18,19.4,0.8173827086081832,0.42501777526092205,0.4523547580878925,False,,False
interoception_z,dose,18,19.466666666666665,0.8395184180856824,0.4128293057940876,0.4523547580878925,False,,False
interoception_z,dose,18,19.533333333333335,0.850673801414321,0.40677324435097,0.4523547580878925,False,,False
interoception_z,dose,18,19.6,0.8586437114293661,0.40248208560049076,0.4523547580878925,False,,False
interoception_z,dose,18,19.666666666666668,0.8726529199306156,0.39501125384945646,0.4523547580878925,False,,False
interoception_z,dose,18,19.733333333333334,0.8820879491663245,0.3900315655654743,0.4523547580878925,False,,False
interoception_z,dose,18,19.8,0.8901163961577527,0.38582715609167845,0.4523547580878925,False,,False
interoception_z,dose,18,19.866666666666667,0.9084952835244399,0.37631640460183796,0.4523547580878925,False,,False
interoception_z,dose,18,19.933333333333334,0.9285683113799785,0.36611064195562637,0.4482987452517874,False,,False
anxiety_z,state,18,0.0,5.507072718021363,3.8479764990938165e-05,3.8479764990938165e-05,True,7.62939453125e-06,True
anxiety_z,state,18,0.06666666666666667,5.761040092919434,2.3049630206851333e-05,2.336111169613311e-05,True,7.62939453125e-06,True
anxiety_z,state,18,0.13333333333333333,5.848214853888951,1.9368321059603804e-05,1.9898959992743636e-05,True,7.62939453125e-06,True
anxiety_z,state,18,0.2,5.985146740516039,1.4765755508857249e-05,1.5380995321726302e-05,True,7.62939453125e-06,True
anxiety_z,state,18,0.26666666666666666,6.109244245459641,1.1571615505400957e-05,1.2301532981268516e-05,True,7.62939453125e-06,True
anxiety_z,state,18,0.3333333333333333,6.211975345229282,9.471854668561653e-06,1.0763471214274606e-05,True,7.62939453125e-06,True
anxiety_z,state,18,0.4,6.32619731992196,7.594055426213248e-06,9.414118296958572e-06,True,7.62939453125e-06,True
anxiety_z,state,18,0.4666666666666667,6.426153572212364,6.267967505247424e-06,8.394599337384944e-06,True,7.62939453125e-06,True
anxiety_z,state,18,0.5333333333333333,6.52878757697985,5.154189415543602e-06,8.067690600890851e-06,True,7.62939453125e-06,True
anxiety_z,state,18,0.6,6.608541259385085,4.4316540189168786e-06,8.067690600890851e-06,True,7.62939453125e-06,True
anxiety_z,state,18,0.6666666666666666,6.6765104038284875,3.899069669096193e-06,8.067690600890851e-06,True,7.62939453125e-06,True
anxiety_z,state,18,0.7333333333333333,6.7512278526769,3.3896221094658683e-06,8.067690600890851e-06,True,7.62939453125e-06,True
anxiety_z,state,18,0.8,6.825227953570191,2.9529183687157304e-06,8.067690600890851e-06,True,7.62939453125e-06,True
anxiety_z,state,18,0.8666666666666667,6.903244211630549,2.5553587788920793e-06,7.515761114388468e-06,True,7.62939453125e-06,True
anxiety_z,state,18,0.9333333333333333,7.021647773743452,2.0550868962743276e-06,6.4695848344932126e-06,True,7.62939453125e-06,True
anxiety_z,state,18,1.0,7.122829755069781,1.7085463427803122e-06,6.027565502387307e-06,True,7.62939453125e-06,True
anxiety_z,state,18,1.0666666666666667,7.215633117397788,1.444090855558842e-06,5.775789136778509e-06,True,7.62939453125e-06,True
anxiety_z,state,18,1.1333333333333333,7.291261539526418,1.2602359896351098e-06,5.401011384150471e-06,True,7.62939453125e-06,True
anxiety_z,state,18,1.2,7.39020600756189,1.0557973931016362e-06,4.657929675448395e-06,True,7.62939453125e-06,True
anxiety_z,state,18,1.2666666666666666,7.46523303472582,9.239982466813701e-07,4.657929675448395e-06,True,7.62939453125e-06,True
anxiety_z,state,18,1.3333333333333333,7.4915765141841595,8.81892192634882e-07,4.657929675448395e-06,True,7.62939453125e-06,True
anxiety_z,state,18,1.4,7.529213002489146,8.251754685132154e-07,4.657929675448395e-06,True,7.62939453125e-06,True
anxiety_z,state,18,1.4666666666666666,7.570345123642342,7.675194826884986e-07,4.657929675448395e-06,True,7.62939453125e-06,True
anxiety_z,state,18,1.5333333333333334,7.601158755518625,7.270893503279948e-07,4.657929675448395e-06,True,7.62939453125e-06,True
anxiety_z,state,18,1.6,7.610598744236866,7.151527692872112e-07,4.657929675448395e-06,True,7.62939453125e-06,True
anxiety_z,state,18,1.6666666666666667,7.6128160014840045,7.123788731336726e-07,4.657929675448395e-06,True,7.62939453125e-06,True
anxiety_z,state,18,1.7333333333333334,7.60876101176435,7.174604000213897e-07,4.657929675448395e-06,True,7.62939453125e-06,True
anxiety_z,state,18,1.8,7.61926462985333,7.043749331841063e-07,4.657929675448395e-06,True,7.62939453125e-06,True
anxiety_z,state,18,1.8666666666666667,7.6336983324821155,6.867981344733036e-07,4.657929675448395e-06,True,7.62939453125e-06,True
anxiety_z,state,18,1.9333333333333333,7.659578697844863,6.56418361219336e-07,4.657929675448395e-06,True,7.62939453125e-06,True
anxiety_z,state,18,2.0,7.668743573849581,6.459991656612696e-07,4.657929675448395e-06,True,7.62939453125e-06,True
anxiety_z,state,18,2.066666666666667,7.671566412219271,6.428248618593958e-07,4.657929675448395e-06,True,7.62939453125e-06,True
anxiety_z,state,18,2.1333333333333333,7.674157176994469,6.399258478200726e-07,4.657929675448395e-06,True,7.62939453125e-06,True
anxiety_z,state,18,2.2,7.690129678194594,6.223516462677606e-07,4.657929675448395e-06,True,7.62939453125e-06,True
anxiety_z,state,18,2.2666666666666666,7.695023228937005,6.170687367595144e-07,4.657929675448395e-06,True,7.62939453125e-06,True
anxiety_z,state,18,2.3333333333333335,7.648498999389848,6.692489929406997e-07,4.657929675448395e-06,True,7.62939453125e-06,True
anxiety_z,state,18,2.4,7.58939490072211,7.422558793793444e-07,4.657929675448395e-06,True,7.62939453125e-06,True
anxiety_z,state,18,2.466666666666667,7.561472810643413,7.795904116141438e-07,4.657929675448395e-06,True,7.62939453125e-06,True
anxiety_z,state,18,2.533333333333333,7.556112019482645,7.869796614044956e-07,4.657929675448395e-06,True,7.62939453125e-06,True
anxiety_z,state,18,2.6,7.553720119125167,7.903001588012677e-07,4.657929675448395e-06,True,7.62939453125e-06,True
anxiety_z,state,18,2.6666666666666665,7.535314757768962,8.16344844909619e-07,4.657929675448395e-06,True,7.62939453125e-06,True
anxiety_z,state,18,2.7333333333333334,7.52190651777668,8.358808226327299e-07,4.657929675448395e-06,True,7.62939453125e-06,True
anxiety_z,state,18,2.8,7.494671405044,8.770784861569148e-07,4.657929675448395e-06,True,7.62939453125e-06,True
anxiety_z,state,18,2.8666666666666667,7.484107625043579,8.936228883059533e-07,4.657929675448395e-06,True,7.62939453125e-06,True
anxiety_z,state,18,2.933333333333333,7.4767061066737055,9.05408345921762e-07,4.657929675448395e-06,True,7.62939453125e-06,True
anxiety_z,state,18,3.0,7.458187454959354,9.356110719437122e-07,4.657929675448395e-06,True,7.62939453125e-06,True
anxiety_z,state,18,3.066666666666667,7.4370464689857405,9.71378594615384e-07,4.657929675448395e-06,True,7.62939453125e-06,True
anxiety_z,state,18,3.1333333333333333,7.420080524949461,1.0011123313430426e-06,4.657929675448395e-06,True,7.62939453125e-06,True
anxiety_z,state,18,3.2,7.410673319347672,1.0180063422212623e-06,4.657929675448395e-06,True,7.62939453125e-06,True
anxiety_z,state,18,3.2666666666666666,7.3984741481157155,1.040357961432828e-06,4.657929675448395e-06,True,7.62939453125e-06,True
anxiety_z,state,18,3.3333333333333335,7.422425019963174,9.969476138961286e-07,4.657929675448395e-06,True,7.62939453125e-06,True
anxiety_z,state,18,3.4,7.4561767340900795,9.38953059899857e-07,4.657929675448395e-06,True,7.62939453125e-06,True
anxiety_z,state,18,3.466666666666667,7.26550136422585,1.3199550268253967e-06,5.499812611772487e-06,True,7.62939453125e-06,True
anxiety_z,state,18,3.533333333333333,7.172467278017049,1.5613534488647612e-06,5.957807940938722e-06,True,7.62939453125e-06,True
anxiety_z,state,18,3.6,7.208355174356842,1.4631999146505557e-06,5.775789136778509e-06,True,7.62939453125e-06,True
anxiety_z,state,18,3.6666666666666665,7.162869382703285,1.5887487842503258e-06,5.957807940938722e-06,True,7.62939453125e-06,True
anxiety_z,state,18,3.7333333333333334,7.131325571152127,1.682363626633105e-06,6.027565502387307e-06,True,7.62939453125e-06,True
anxiety_z,state,18,3.8,7.104004315993735,1.7680858807002767e-06,6.027565502387307e-06,True,7.62939453125e-06,True
anxiety_z,state,18,3.8666666666666667,7.079069247782115,1.8502914575758352e-06,6.033559100790767e-06,True,7.62939453125e-06,True
anxiety_z,state,18,3.933333333333333,7.104494694609551,1.7665078640859466e-06,6.027565502387307e-06,True,7.62939453125e-06,True
anxiety_z,state,18,4.0,7.088953844914771,1.817238098437984e-06,6.033559100790767e-06,True,7.62939453125e-06,True
anxiety_z,state,18,4.066666666666666,7.017631270431579,2.070267147037828e-06,6.4695848344932126e-06,True,7.62939453125e-06,True
anxiety_z,state,18,4.133333333333334,7.002230603162057,2.129563319580298e-06,6.5190713864703e-06,True,7.62939453125e-06,True
anxiety_z,state,18,4.2,6.932536312466147,2.420839961776526e-06,7.262519885329579e-06,True,7.62939453125e-06,True
anxiety_z,state,18,4.266666666666667,6.610032192505915,4.419195297818547e-06,8.067690600890851e-06,True,7.62939453125e-06,True
anxiety_z,state,18,4.333333333333333,6.482520816042085,5.6284085532070515e-06,8.067690600890851e-06,True,7.62939453125e-06,True
anxiety_z,state,18,4.4,6.548639761319116,4.963607978515031e-06,8.067690600890851e-06,True,7.62939453125e-06,True
anxiety_z,state,18,4.466666666666667,6.536049275637118,5.083610998391765e-06,8.067690600890851e-06,True,7.62939453125e-06,True
anxiety_z,state,18,4.533333333333333,6.548098462769064,4.968706260055092e-06,8.067690600890851e-06,True,7.62939453125e-06,True
anxiety_z,state,18,4.6,6.622724351000855,4.314596738615491e-06,8.067690600890851e-06,True,7.62939453125e-06,True
anxiety_z,state,18,4.666666666666667,6.60206912606728,4.486161490626203e-06,8.067690600890851e-06,True,7.62939453125e-06,True
anxiety_z,state,18,4.733333333333333,6.547473074607755,4.974603316786871e-06,8.067690600890851e-06,True,7.62939453125e-06,True
anxiety_z,state,18,4.8,6.549851316290292,4.9522164775601685e-06,8.067690600890851e-06,True,7.62939453125e-06,True
anxiety_z,state,18,4.866666666666666,6.56723192500795,4.7917514018410036e-06,8.067690600890851e-06,True,7.62939453125e-06,True
anxiety_z,state,18,4.933333333333334,6.566332376567122,4.799922498789382e-06,8.067690600890851e-06,True,7.62939453125e-06,True
anxiety_z,state,18,5.0,6.566346867378745,4.799790756165036e-06,8.067690600890851e-06,True,7.62939453125e-06,True
anxiety_z,state,18,5.066666666666666,6.5663659350916745,4.799617408547364e-06,8.067690600890851e-06,True,7.62939453125e-06,True
anxiety_z,state,18,5.133333333333334,6.561510832779619,4.843966442385617e-06,8.067690600890851e-06,True,7.62939453125e-06,True
anxiety_z,state,18,5.2,6.556026842344276,4.8945720258547335e-06,8.067690600890851e-06,True,7.62939453125e-06,True
anxiety_z,state,18,5.266666666666667,6.5224316964866675,5.216798388508711e-06,8.067690600890851e-06,True,7.62939453125e-06,True
anxiety_z,state,18,5.333333333333333,6.512136185200732,5.319894805361943e-06,8.067690600890851e-06,True,7.62939453125e-06,True
anxiety_z,state,18,5.4,6.519410389108543,5.246836198679448e-06,8.067690600890851e-06,True,7.62939453125e-06,True
anxiety_z,state,18,5.466666666666667,6.544216325694654,5.005430241257375e-06,8.067690600890851e-06,True,7.62939453125e-06,True
anxiety_z,state,18,5.533333333333333,6.5543861804650225,4.909818255096134e-06,8.067690600890851e-06,True,7.62939453125e-06,True
anxiety_z,state,18,5.6,6.547155177183621,4.977603693961922e-06,8.067690600890851e-06,True,7.62939453125e-06,True
anxiety_z,state,18,5.666666666666667,6.547048851185898,4.978607638325863e-06,8.067690600890851e-06,True,7.62939453125e-06,True
anxiety_z,state,18,5.733333333333333,6.542382682782417,5.022873857214986e-06,8.067690600890851e-06,True,7.62939453125e-06,True
anxiety_z,state,18,5.8,6.53937290095785,5.051643090476924e-06,8.067690600890851e-06,True,7.62939453125e-06,True
anxiety_z,state,18,5.866666666666666,6.526090400133292,5.180662330356456e-06,8.067690600890851e-06,True,7.62939453125e-06,True
anxiety_z,state,18,5.933333333333334,6.504977318439416,5.392826112344653e-06,8.067690600890851e-06,True,7.62939453125e-06,True
anxiety_z,state,18,6.0,6.469990390882652,5.764477282875385e-06,8.081042919918763e-06,True,7.62939453125e-06,True
anxiety_z,state,18,6.066666666666666,6.426404115218322,6.264963783060969e-06,8.394599337384944e-06,True,7.62939453125e-06,True
anxiety_z,state,18,6.133333333333334,6.374086498158475,6.925779190499228e-06,8.879204090383625e-06,True,7.62939453125e-06,True
anxiety_z,state,18,6.2,6.339106415755313,7.407584618158119e-06,9.25948077269765e-06,True,7.62939453125e-06,True
anxiety_z,state,18,6.266666666666667,6.2894706006484675,8.151649352312679e-06,9.860866151991144e-06,True,7.62939453125e-06,True
anxiety_z,state,18,6.333333333333333,6.243648187612194,8.907362100052407e-06,1.042751655982587e-05,True,7.62939453125e-06,True
anxiety_z,state,18,6.4,6.202238307677615,9.65274307504972e-06,1.080530941236909e-05,True,7.62939453125e-06,True
anxiety_z,state,18,6.466666666666667,6.14176930076665,1.0859153027983779e-05,1.181406719657755e-05,True,7.62939453125e-06,True
anxiety_z,state,18,6.533333333333333,6.1141963317643215,1.1460091911399388e-05,1.2278669905070774e-05,True,7.62939453125e-06,True
anxiety_z,state,18,6.6,6.102406192698905,1.1727461442142653e-05,1.2301532981268516e-05,True,7.62939453125e-06,True
anxiety_z,state,18,6.666666666666667,6.103002975778996,1.1713774062119001e-05,1.2301532981268516e-05,True,7.62939453125e-06,True
anxiety_z,state,18,6.733333333333333,6.126122311397186,1.1196054488571857e-05,1.2082073189106321e-05,True,7.62939453125e-06,True
anxiety_z,state,18,6.8,6.141307622898387,1.0868941820851346e-05,1.181406719657755e-05,True,7.62939453125e-06,True
anxiety_z,state,18,6.866666666666666,6.165824675004531,1.036153678735025e-05,1.1512818652611388e-05,True,7.62939453125e-06,True
anxiety_z,state,18,6.933333333333334,6.206515696557838,9.572843865637265e-06,1.0796440449966841e-05,True,7.62939453125e-06,True
anxiety_z,state,18,7.0,6.240166960703283,8.967664241450249e-06,1.042751655982587e-05,True,7.62939453125e-06,True
anxiety_z,state,18,7.066666666666666,6.245586834099299,8.873962927963863e-06,1.042751655982587e-05,True,7.62939453125e-06,True
anxiety_z,state,18,7.133333333333334,6.225866403911159,9.219851017082588e-06,1.0638289635095295e-05,True,7.62939453125e-06,True
anxiety_z,state,18,7.2,6.299698936034469,7.992224047627282e-06,9.746614692228392e-06,True,7.62939453125e-06,True
anxiety_z,state,18,7.266666666666667,6.355073725404223,7.1834845029335716e-06,9.131548096949455e-06,True,7.62939453125e-06,True
anxiety_z,state,18,7.333333333333333,6.348564317456303,7.273982867675425e-06,9.168885967658098e-06,True,7.62939453125e-06,True
anxiety_z,state,18,7.4,6.301927075919685,7.95792549647403e-06,9.746614692228392e-06,True,7.62939453125e-06,True
anxiety_z,state,18,7.466666666666667,6.251040404262846,8.780702353946245e-06,1.042751655982587e-05,True,7.62939453125e-06,True
anxiety_z,state,18,7.533333333333333,6.215056804243687,9.415343499260544e-06,1.0763471214274606e-05,True,7.62939453125e-06,True
anxiety_z,state,18,7.6,6.778237787896403,3.2229259418566426e-06,8.067690600890851e-06,True,7.62939453125e-06,True
anxiety_z,state,18,7.666666666666667,6.880708445558431,2.664128390068189e-06,7.684985740581315e-06,True,7.62939453125e-06,True
anxiety_z,state,18,7.733333333333333,6.688669482329016,3.8110324133760074e-06,8.067690600890851e-06,True,7.62939453125e-06,True
anxiety_z,state,18,7.8,6.645286099121892,4.134959766209668e-06,8.067690600890851e-06,True,7.62939453125e-06,True
anxiety_z,state,18,7.866666666666666,6.613129508283145,4.393429227455542e-06,8.067690600890851e-06,True,7.62939453125e-06,True
anxiety_z,state,18,7.933333333333334,6.5974037534824115,4.525884028019455e-06,8.067690600890851e-06,True,7.62939453125e-06,True
anxiety_z,state,18,8.0,6.578710232418984,4.688746021906381e-06,8.067690600890851e-06,True,7.62939453125e-06,True
anxiety_z,state,18,8.066666666666666,6.557164398894499,4.884029872353894e-06,8.067690600890851e-06,True,7.62939453125e-06,True
anxiety_z,state,18,8.133333333333333,6.557195306733159,4.883743767173497e-06,8.067690600890851e-06,True,7.62939453125e-06,True
anxiety_z,state,18,8.2,6.5454236586171834,4.993979107984944e-06,8.067690600890851e-06,True,7.62939453125e-06,True
anxiety_z,state,18,8.266666666666667,6.4958681171474435,5.48712921445504e-06,8.067690600890851e-06,True,7.62939453125e-06,True
anxiety_z,state,18,8.333333333333334,6.415467968828838,6.397475850036212e-06,8.417731381626595e-06,True,7.62939453125e-06,True
anxiety_z,state,18,8.4,6.390020934232645,6.717187249635453e-06,8.686017995218259e-06,True,7.62939453125e-06,True
anxiety_z,state,18,8.466666666666667,6.435918879111901,6.151990617479993e-06,8.389078114745445e-06,True,7.62939453125e-06,True
anxiety_z,state,18,8.533333333333333,6.477605267689781,5.681385249611968e-06,8.067690600890851e-06,True,7.62939453125e-06,True
anxiety_z,state,18,8.6,6.4790090457691365,5.6662036468091426e-06,8.067690600890851e-06,True,7.62939453125e-06,True
anxiety_z,state,18,8.666666666666666,6.462459016259639,5.847898801124997e-06,8.122081668229162e-06,True,7.62939453125e-06,True
anxiety_z,state,18,8.733333333333333,6.475781867061113,5.701168024629534e-06,8.067690600890851e-06,True,7.62939453125e-06,True
anxiety_z,state,18,8.8,6.511600494998686,5.325316581877882e-06,8.067690600890851e-06,True,7.62939453125e-06,True
anxiety_z,state,18,8.866666666666667,6.532757004951032,5.115484357695037e-06,8.067690600890851e-06,True,7.62939453125e-06,True
anxiety_z,state,18,8.933333333333334,6.552658119923713,4.925929966441838e-06,8.067690600890851e-06,True,7.62939453125e-06,True
anxiety_z,state,18,9.0,6.535213780018775,5.091680091143678e-06,8.067690600890851e-06,True,7.62939453125e-06,True
anxiety_z,state,18,9.066666666666666,6.519365958539818,5.247279263641462e-06,8.067690600890851e-06,True,7.62939453125e-06,True
anxiety_z,state,18,9.133333333333333,6.542171494815228,5.02488695576331e-06,8.067690600890851e-06,True,7.62939453125e-06,True
anxiety_z,state,18,9.2,6.5591634082135215,4.865561378708371e-06,8.067690600890851e-06,True,7.62939453125e-06,True
anxiety_z,state,18,9.266666666666667,6.544899760165478,4.998944759821794e-06,8.067690600890851e-06,True,7.62939453125e-06,True
anxiety_z,state,18,9.333333333333334,6.509349358659639,5.3481633178733965e-06,8.067690600890851e-06,True,7.62939453125e-06,True
anxiety_z,state,18,9.4,6.48071501705798,5.647810515288809e-06,8.067690600890851e-06,True,7.62939453125e-06,True
anxiety_z,state,18,9.466666666666667,6.450322368512432,5.984975672253625e-06,8.236205053560034e-06,True,7.62939453125e-06,True
anxiety_z,state,18,9.533333333333333,6.415644253914739,6.395316931135366e-06,8.417731381626595e-06,True,7.62939453125e-06,True
anxiety_z,state,18,9.6,6.405792555665576,6.5171348971083e-06,8.500610735358652e-06,True,7.62939453125e-06,True
anxiety_z,state,18,9.666666666666666,6.27211482703519,8.429750070495083e-06,1.0115700084594099e-05,True,7.62939453125e-06,True
anxiety_z,state,18,9.733333333333333,6.156029888325081,1.0561242585354508e-05,1.1648429322082179e-05,True,7.62939453125e-06,True
anxiety_z,state,18,9.8,5.966826098817095,1.530944122346385e-05,1.583735298979019e-05,True,7.62939453125e-06,True
anxiety_z,state,18,9.866666666666667,5.763268649289932,2.294704157257615e-05,2.336111169613311e-05,True,7.62939453125e-06,True
anxiety_z,state,18,9.933333333333334,5.605596123377296,3.151159781794989e-05,3.172308505162741e-05,True,7.62939453125e-06,True
anxiety_z,dose,18,0.0,0.3022550175743599,0.7661243922795312,0.8258303571919967,False,,False
anxiety_z,dose,18,0.06666666666666667,0.4177584863750459,0.6813526684859706,0.8103887730917332,False,,False
anxiety_z,dose,18,0.13333333333333333,0.4639782140749413,0.6485493220954227,0.8040771973299401,False,,False
anxiety_z,dose,18,0.2,0.5218865088301453,0.6084828430602799,0.8040771973299401,False,,False
anxiety_z,dose,18,0.26666666666666666,0.5770499701061705,0.5714690230785482,0.8040771973299401,False,,False
anxiety_z,dose,18,0.3333333333333333,0.6161852983931198,0.5459353515283951,0.800503169568692,False,,False
anxiety_z,dose,18,0.4,0.6606804504425943,0.5176708698339081,0.7824190025555763,False,,False
anxiety_z,dose,18,0.4666666666666667,0.7028771159292114,0.49164636966489866,0.7602778912343794,False,,False
anxiety_z,dose,18,0.5333333333333333,0.7480294698527687,0.46466559995815,0.7440879457337556,False,,False
anxiety_z,dose,18,0.6,0.7869862517897169,0.44212395469268373,0.7368732578211397,False,,False
anxiety_z,dose,18,0.6666666666666666,0.825869526890033,0.4203178412337014,0.7205448706863452,False,,False
anxiety_z,dose,18,0.7333333333333333,0.8684657737222541,0.39723454725182616,0.7151526100951233,False,,False
anxiety_z,dose,18,0.8,0.90757544408988,0.3767886274185119,0.7109219385254941,False,,False
anxiety_z,dose,18,0.8666666666666667,0.9381883375455332,0.3612868209334456,0.6903569826753738,False,,False
anxiety_z,dose,18,0.9333333333333333,0.9658883490348268,0.34764073998199174,0.6873408507838635,False,,False
anxiety_z,dose,18,1.0,1.0227368695577954,0.3207666657817425,0.6873408507838635,False,,False
anxiety_z,dose,18,1.0666666666666667,1.0834172621777873,0.2937509442487451,0.6873408507838635,False,,False
anxiety_z,dose,18,1.1333333333333333,1.1192289425096509,0.27860783614313206,0.6873408507838635,False,,False
anxiety_z,dose,18,1.2,1.1353165237554688,0.27199658215005224,0.6873408507838635,False,,False
anxiety_z,dose,18,1.2666666666666666,1.1631908229083006,0.260819951310129,0.6873408507838635,False,,False
anxiety_z,dose,18,1.3333333333333333,1.1992303218971343,0.2468872626463869,0.6873408507838635,False,,False
anxiety_z,dose,18,1.4,1.2164230502414586,0.24044402133931253,0.6873408507838635,False,,False
anxiety_z,dose,18,1.4666666666666666,1.2077517617203384,0.2436774131795123,0.6873408507838635,False,,False
anxiety_z,dose,18,1.5333333333333334,1.1982943494313083,0.24724178328073898,0.6873408507838635,False,,False
anxiety_z,dose,18,1.6,1.2034643935461906,0.24528836110972246,0.6873408507838635,False,,False
anxiety_z,dose,18,1.6666666666666667,1.2163593352794342,0.24046765897720332,0.6873408507838635,False,,False
anxiety_z,dose,18,1.7333333333333334,1.2309532496020563,0.23509994887367786,0.6873408507838635,False,,False
anxiety_z,dose,18,1.8,1.2441247472819834,0.23033521401642687,0.6873408507838635,False,,False
anxiety_z,dose,18,1.8666666666666667,1.254977708521054,0.2264657126255149,0.6873408507838635,False,,False
anxiety_z,dose,18,1.9333333333333333,1.261353689082995,0.22421610697519656,0.6873408507838635,False,,False
anxiety_z,dose,18,2.0,1.2738309803087173,0.21986423151950613,0.6873408507838635,False,,False
anxiety_z,dose,18,2.066666666666667,1.2888248467391978,0.21472233760662346,0.6873408507838635,False,,False
anxiety_z,dose,18,2.1333333333333333,1.3001564120410245,0.21089941268122542,0.6873408507838635,False,,False
anxiety_z,dose,18,2.2,1.308734553887245,0.2080412474485977,0.6873408507838635,False,,False
anxiety_z,dose,18,2.2666666666666666,1.3129076985746957,0.20666190081030977,0.6873408507838635,False,,False
anxiety_z,dose,18,2.3333333333333335,1.319537772180551,0.2044853605341544,0.6873408507838635,False,,False
anxiety_z,dose,18,2.4,1.3280661359625348,0.20171241287844804,0.6873408507838635,False,,False
anxiety_z,dose,18,2.466666666666667,1.3388293629544739,0.19825556422674387,0.6873408507838635,False,,False
anxiety_z,dose,18,2.533333333333333,1.3489926875983278,0.19503489020674156,0.6873408507838635,False,,False
anxiety_z,dose,18,2.6,1.359436266093533,0.19176911134888255,0.6873408507838635,False,,False
anxiety_z,dose,18,2.6666666666666665,1.3671850902942984,0.189374440677773,0.6873408507838635,False,,False
anxiety_z,dose,18,2.7333333333333334,1.3817394954880244,0.18494157655158353,0.6873408507838635,False,,False
anxiety_z,dose,18,2.8,1.3952926224279305,0.1808892693761504,0.6873408507838635,False,,False
anxiety_z,dose,18,2.8666666666666667,1.4042550563339264,0.17824923052975125,0.6873408507838635,False,,False
anxiety_z,dose,18,2.933333333333333,1.4152481426249333,0.1750537966629669,0.6873408507838635,False,,False
anxiety_z,dose,18,3.0,1.4221507635335946,0.17307128185462126,0.6873408507838635,False,,False
anxiety_z,dose,18,3.066666666666667,1.4287885236349915,0.17118212795286178,0.6873408507838635,False,,False
anxiety_z,dose,18,3.1333333333333333,1.433058910096697,0.1699756642025206,0.6873408507838635,False,,False
anxiety_z,dose,18,3.2,1.4497432246316313,0.16532847804856535,0.6873408507838635,False,,False
anxiety_z,dose,18,3.2666666666666666,1.4508817633120497,0.16501518710869717,0.6873408507838635,False,,False
anxiety_z,dose,18,3.3333333333333335,1.4415990922226438,0.16758374160001838,0.6873408507838635,False,,False
anxiety_z,dose,18,3.4,1.5388367370110725,0.14224944861163163,0.6773783267220554,False,,False
anxiety_z,dose,18,3.466666666666667,1.7752335909576353,0.09376430196943075,0.6386560966820706,False,,False
anxiety_z,dose,18,3.533333333333333,1.8244427563140808,0.08571149981575299,0.6386560966820706,False,,False
anxiety_z,dose,18,3.6,1.7941990257163725,0.09058543202090599,0.6386560966820706,False,,False
anxiety_z,dose,18,3.6666666666666665,1.8087908454246653,0.08820431805279254,0.6386560966820706,False,,False
anxiety_z,dose,18,3.7333333333333334,1.8208938886556247,0.08627121428381149,0.6386560966820706,False,,False
anxiety_z,dose,18,3.8,1.818302478609374,0.08668195143102163,0.6386560966820706,False,,False
anxiety_z,dose,18,3.8666666666666667,1.815930293792739,0.08705944851608076,0.6386560966820706,False,,False
anxiety_z,dose,18,3.933333333333333,1.8171210032354144,0.08686978490667195,0.6386560966820706,False,,False
anxiety_z,dose,18,4.0,1.8269715041561527,0.08531462800692893,0.6386560966820706,False,,False
anxiety_z,dose,18,4.066666666666666,1.8318990494172096,0.08454592711930309,0.6386560966820706,False,,False
anxiety_z,dose,18,4.133333333333334,1.8068625930863136,0.08851578895906433,0.6386560966820706,False,,False
anxiety_z,dose,18,4.2,1.8431873610648024,0.08280791712633487,0.6386560966820706,False,,False
anxiety_z,dose,18,4.266666666666667,1.9850936298515847,0.06351094932873913,0.6386560966820706,False,,False
anxiety_z,dose,18,4.333333333333333,2.016174262329359,0.05986606601959427,0.6386560966820706,False,,False
anxiety_z,dose,18,4.4,1.9868164875038645,0.0633037888364239,0.6386560966820706,False,,False
anxiety_z,dose,18,4.466666666666667,1.9801805627385682,0.0641050626757362,0.6386560966820706,False,,False
anxiety_z,dose,18,4.533333333333333,1.9833257900673447,0.06372415258715135,0.6386560966820706,False,,False
anxiety_z,dose,18,4.6,1.9803591074915599,0.06408338488969446,0.6386560966820706,False,,False
anxiety_z,dose,18,4.666666666666667,1.9797075832081126,0.06416252076975125,0.6386560966820706,False,,False
anxiety_z,dose,18,4.733333333333333,1.975708040248323,0.06465024443076951,0.6386560966820706,False,,False
anxiety_z,dose,18,4.8,1.973510247031203,0.06491967050270185,0.6386560966820706,False,,False
anxiety_z,dose,18,4.866666666666666,1.9685179410878089,0.06553542647224857,0.6386560966820706,False,,False
anxiety_z,dose,18,4.933333333333334,1.9679952537415324,0.06560019765856882,0.6386560966820706,False,,False
anxiety_z,dose,18,5.0,1.961385138266987,0.06642429416479818,0.6386560966820706,False,,False
anxiety_z,dose,18,5.066666666666666,1.9558754702197307,0.06711828104438952,0.6386560966820706,False,,False
anxiety_z,dose,18,5.133333333333334,1.954475212512526,0.06729568774551482,0.6386560966820706,False,,False
anxiety_z,dose,18,5.2,1.9485617890673572,0.06804953783326131,0.6386560966820706,False,,False
anxiety_z,dose,18,5.266666666666667,1.9495400642684024,0.06792430621152132,0.6386560966820706,False,,False
anxiety_z,dose,18,5.333333333333333,1.935372352370421,0.06975825303427428,0.6386560966820706,False,,False
anxiety_z,dose,18,5.4,1.924774470809494,0.07115892212150503,0.6386560966820706,False,,False
anxiety_z,dose,18,5.466666666666667,1.9206227981889452,0.07171443990680762,0.6386560966820706,False,,False
anxiety_z,dose,18,5.533333333333333,1.9118204539992039,0.0729050628201665,0.6386560966820706,False,,False
anxiety_z,dose,18,5.6,1.9019292941728176,0.07426395889805662,0.6386560966820706,False,,False
anxiety_z,dose,18,5.666666666666667,1.8948336127184333,0.07525264314773054,0.6386560966820706,False,,False
anxiety_z,dose,18,5.733333333333333,1.8875096470483277,0.07628539617355173,0.6386560966820706,False,,False
anxiety_z,dose,18,5.8,1.880163662512353,0.07733388437763447,0.6386560966820706,False,,False
anxiety_z,dose,18,5.866666666666666,1.8731268321203753,0.0783502214668557,0.6386560966820706,False,,False
anxiety_z,dose,18,5.933333333333334,1.8631133657793373,0.07981689101078208,0.6386560966820706,False,,False
anxiety_z,dose,18,6.0,1.8494557146458837,0.0818564905122801,0.6386560966820706,False,,False
anxiety_z,dose,18,6.066666666666666,1.8361268432299684,0.08389126063518411,0.6386560966820706,False,,False
anxiety_z,dose,18,6.133333333333334,1.828885240297267,0.08501535542308584,0.6386560966820706,False,,False
anxiety_z,dose,18,6.2,1.81516176400338,0.08718205799303412,0.6386560966820706,False,,False
anxiety_z,dose,18,6.266666666666667,1.7687447643262941,0.09487409068457948,0.6386560966820706,False,,False
anxiety_z,dose,18,6.333333333333333,1.764104644248107,0.09567470937616193,0.6386560966820706,False,,False
anxiety_z,dose,18,6.4,1.7324360432363886,0.10129777482926862,0.6386560966820706,False,,False
anxiety_z,dose,18,6.466666666666667,1.6679890825806918,0.1136309341207964,0.6684172595340965,False,,False
anxiety_z,dose,18,6.533333333333333,1.6507689289645562,0.11713715229529692,0.6753265626603998,False,,False
anxiety_z,dose,18,6.6,1.6388459958709038,0.11961867881459047,0.6753265626603998,False,,False
anxiety_z,dose,18,6.666666666666667,1.623389905752913,0.1229022286171619,0.6753265626603998,False,,False
anxiety_z,dose,18,6.733333333333333,1.6022985978010078,0.12750644644379044,0.6754469955328386,False,,False
anxiety_z,dose,18,6.8,1.5852124028966659,0.1313427955824529,0.6754469955328386,False,,False
anxiety_z,dose,18,6.866666666666666,1.5680021446104258,0.1353051216021054,0.6754469955328386,False,,False
anxiety_z,dose,18,6.933333333333334,1.5563309707154116,0.13804906863285757,0.6754469955328386,False,,False
anxiety_z,dose,18,7.0,1.5512100462690688,0.13926769425461977,0.6754469955328386,False,,False
anxiety_z,dose,18,7.066666666666666,1.5561528899497192,0.1380912957229701,0.6754469955328386,False,,False
anxiety_z,dose,18,7.133333333333334,1.549851997091818,0.13959237907678665,0.6754469955328386,False,,False
anxiety_z,dose,18,7.2,1.6191796044408224,0.1238098698210733,0.6753265626603998,False,,False
anxiety_z,dose,18,7.266666666666667,1.6965500277085857,0.10801419507067082,0.648085170424025,False,,False
anxiety_z,dose,18,7.333333333333333,1.7006316664455707,0.10723137741109277,0.648085170424025,False,,False
anxiety_z,dose,18,7.4,1.7275796795466116,0.10218497546913129,0.6386560966820706,False,,False
anxiety_z,dose,18,7.466666666666667,1.7464099083752882,0.09878211463430123,0.6386560966820706,False,,False
anxiety_z,dose,18,7.533333333333333,1.760494503377778,0.09630168287839888,0.6386560966820706,False,,False
anxiety_z,dose,18,7.6,1.49922959552482,0.15215505292002793,0.6873408507838635,False,,False
anxiety_z,dose,18,7.666666666666667,1.1013198196132545,0.2861069996881865,0.6873408507838635,False,,False
anxiety_z,dose,18,7.733333333333333,0.9655652086684892,0.34779784608294195,0.6873408507838635,False,,False
anxiety_z,dose,18,7.8,0.9599334373052435,0.3505438338997704,0.6873408507838635,False,,False
anxiety_z,dose,18,7.866666666666666,0.9624854794885827,0.349297634812034,0.6873408507838635,False,,False
anxiety_z,dose,18,7.933333333333334,0.9655494552512379,0.3478055064211171,0.6873408507838635,False,,False
anxiety_z,dose,18,8.0,0.9681454381600019,0.3465447486862217,0.6873408507838635,False,,False
anxiety_z,dose,18,8.066666666666666,0.9760646543407164,0.3427183431239476,0.6873408507838635,False,,False
anxiety_z,dose,18,8.133333333333333,0.9773765200519409,0.34208732851836926,0.6873408507838635,False,,False
anxiety_z,dose,18,8.2,0.9743907128811831,0.343524695283633,0.6873408507838635,False,,False
anxiety_z,dose,18,8.266666666666667,0.9839511176193924,0.33893712007840715,0.6873408507838635,False,,False
anxiety_z,dose,18,8.333333333333334,1.0088751096435997,0.32717951574128457,0.6873408507838635,False,,False
anxiety_z,dose,18,8.4,1.019421469754394,0.32229226553176893,0.6873408507838635,False,,False
anxiety_z,dose,18,8.466666666666667,1.0062397199216857,0.32840892505286434,0.6873408507838635,False,,False
anxiety_z,dose,18,8.533333333333333,0.988670345587285,0.3366884552446346,0.6873408507838635,False,,False
anxiety_z,dose,18,8.6,0.9865965777517011,0.33767529376120725,0.6873408507838635,False,,False
anxiety_z,dose,18,8.666666666666666,1.0022167327473295,0.3302919398427718,0.6873408507838635,False,,False
anxiety_z,dose,18,8.733333333333333,1.0083563473280335,0.32742126053857123,0.6873408507838635,False,,False
anxiety_z,dose,18,8.8,1.01666869473642,0.3235628862460745,0.6873408507838635,False,,False
anxiety_z,dose,18,8.866666666666667,1.022539701045672,0.3208572498889695,0.6873408507838635,False,,False
anxiety_z,dose,18,8.933333333333334,1.029189291900384,0.3178123129395601,0.6873408507838635,False,,False
anxiety_z,dose,18,9.0,1.0399443635775019,0.31293122537329404,0.6873408507838635,False,,False
anxiety_z,dose,18,9.066666666666666,1.0498569000451505,0.3084803774490082,0.6873408507838635,False,,False
anxiety_z,dose,18,9.133333333333333,1.0438770744022523,0.3111599018817637,0.6873408507838635,False,,False
anxiety_z,dose,18,9.2,1.033639262030838,0.3157861744915857,0.6873408507838635,False,,False
anxiety_z,dose,18,9.266666666666667,1.0273965123453777,0.318631211749683,0.6873408507838635,False,,False
anxiety_z,dose,18,9.333333333333334,1.0304178657489569,0.3172519986764839,0.6873408507838635,False,,False
anxiety_z,dose,18,9.4,1.0315601843659679,0.31673165653952495,0.6873408507838635,False,,False
anxiety_z,dose,18,9.466666666666667,1.0250410010560538,0.31970944086747105,0.6873408507838635,False,,False
anxiety_z,dose,18,9.533333333333333,1.0166546618775878,0.32356937261121405,0.6873408507838635,False,,False
anxiety_z,dose,18,9.6,1.010818892396048,0.32627483085921233,0.6873408507838635,False,,False
anxiety_z,dose,18,9.666666666666666,1.037528562348495,0.3140229036191964,0.6873408507838635,False,,False
anxiety_z,dose,18,9.733333333333333,1.0299778364734993,0.31745260111396006,0.6873408507838635,False,,False
anxiety_z,dose,18,9.8,1.0293741856077288,0.31772794351440575,0.6873408507838635,False,,False
anxiety_z,dose,18,9.866666666666667,1.0273021196786027,0.31867436976595603,0.6873408507838635,False,,False
anxiety_z,dose,18,9.933333333333334,1.023286392665111,0.3205142973723419,0.6873408507838635,False,,False
anxiety_z,dose,18,10.0,1.0164053949660838,0.3236846058809864,0.6873408507838635,False,,False
anxiety_z,dose,18,10.066666666666666,1.0034957345164925,0.329692460916877,0.6873408507838635,False,,False
anxiety_z,dose,18,10.133333333333333,0.9941966955777858,0.3340685268249201,0.6873408507838635,False,,False
anxiety_z,dose,18,10.2,0.9851461626387598,0.3383667019275588,0.6873408507838635,False,,False
anxiety_z,dose,18,10.266666666666667,0.9801878674385576,0.34073778472599653,0.6873408507838635,False,,False
anxiety_z,dose,18,10.333333333333334,0.9778967060299744,0.3418373406419044,0.6873408507838635,False,,False
anxiety_z,dose,18,10.4,0.9746787124198985,0.3433858693888205,0.6873408507838635,False,,False
anxiety_z,dose,18,10.466666666666667,0.9703687885605328,0.34546748727801,0.6873408507838635,False,,False
anxiety_z,dose,18,10.533333333333333,0.9693273808560152,0.34597178185637534,0.6873408507838635,False,,False
anxiety_z,dose,18,10.6,0.9695027883802754,0.345886806170736,0.6873408507838635,False,,False
anxiety_z,dose,18,10.666666666666666,0.9695593235131758,0.3458594209728098,0.6873408507838635,False,,False
anxiety_z,dose,18,10.733333333333333,0.9666908084124844,0.34725080885758147,0.6873408507838635,False,,False
anxiety_z,dose,18,10.8,0.9625335107840418,0.3492742098689013,0.6873408507838635,False,,False
anxiety_z,dose,18,10.866666666666667,0.9620847060344361,0.3494931350862711,0.6873408507838635,False,,False
anxiety_z,dose,18,10.933333333333334,0.9845181758911417,0.33866636835662595,0.6873408507838635,False,,False
anxiety_z,dose,18,11.0,0.9955249173918618,0.3334409856496514,0.6873408507838635,False,,False
anxiety_z,dose,18,11.066666666666666,0.9666242194743483,0.3472831542133031,0.6873408507838635,False,,False
anxiety_z,dose,18,11.133333333333333,0.9250345049050341,0.36789357249870025,0.6985320996810764,False,,False
anxiety_z,dose,18,11.2,0.9018279648202184,0.379748259201795,0.7120279860033656,False,,False
anxiety_z,dose,18,11.266666666666667,0.8871772827415577,0.3873628248169639,0.7151526100951233,False,,False
anxiety_z,dose,18,11.333333333333334,0.8718756074166167,0.3954233707175313,0.7151526100951233,False,,False
anxiety_z,dose,18,11.4,0.849076211102504,0.4076369877542203,0.7151526100951233,False,,False
anxiety_z,dose,18,11.466666666666667,0.8260550486893664,0.42021547362198625,0.7205448706863452,False,,False
anxiety_z,dose,18,11.533333333333333,0.8034947025634159,0.4327807099537657,0.7294056909333131,False,,False
anxiety_z,dose,18,11.6,0.7823725080535483,0.44475753591681466,0.7371671866024553,False,,False
anxiety_z,dose,18,11.666666666666666,0.7610820156182863,0.45703622026736423,0.7440879457337556,False,,False
anxiety_z,dose,18,11.733333333333333,0.7410522069384077,0.46877540581226607,0.7440879457337556,False,,False
anxiety_z,dose,18,11.8,0.7225122656398483,0.47980193055887393,0.7536155977364511,False,,False
anxiety_z,dose,18,11.866666666666667,0.7037714681995644,0.49110317530010283,0.7602778912343794,False,,False
anxiety_z,dose,18,11.933333333333334,0.6846010609403433,0.5028232163933083,0.7735741790666282,False,,False
anxiety_z,dose,18,12.0,0.670716443785369,0.5114114865222595,0.7787992180542023,False,,False
anxiety_z,dose,18,12.066666666666666,0.6585508864651225,0.5190046050285323,0.7824190025555763,False,,False
anxiety_z,dose,18,12.133333333333333,0.6459383367954736,0.5269432930428607,0.7904149395642911,False,,False
anxiety_z,dose,18,12.2,0.6349729545746309,0.5338997772169826,0.7955844157038253,False,,False
anxiety_z,dose,18,12.266666666666667,0.6234428224182789,0.5412687604499323,0.7999045720934961,False,,False
anxiety_z,dose,18,12.333333333333334,0.6108725763719081,0.5493651759536512,0.800503169568692,False,,False
anxiety_z,dose,18,12.4,0.5972713378432765,0.5581984670871849,0.8040771973299401,False,,False
anxiety_z,dose,18,12.466666666666667,0.5861980250709196,0.5654452365111138,0.8040771973299401,False,,False
anxiety_z,dose,18,12.533333333333333,0.5901813920547626,0.5628327093984651,0.8040771973299401,False,,False
anxiety_z,dose,18,12.6,0.6062679858691552,0.5523471870023975,0.800503169568692,False,,False
anxiety_z,dose,18,12.666666666666666,0.6064895888664079,0.552203474926795,0.800503169568692,False,,False
anxiety_z,dose,18,12.733333333333333,0.5756828832719414,0.5723720705567699,0.8040771973299401,False,,False
anxiety_z,dose,18,12.8,0.5429836991316226,0.5941894944929921,0.8040771973299401,False,,False
anxiety_z,dose,18,12.866666666666667,0.5363003428151122,0.5986993448841212,0.8040771973299401,False,,False
anxiety_z,dose,18,12.933333333333334,0.5391072209393093,0.596803234631994,0.8040771973299401,False,,False
anxiety_z,dose,18,13.0,0.5350634666195477,0.5995358276814063,0.8040771973299401,False,,False
anxiety_z,dose,18,13.066666666666666,0.530978742817265,0.6023023634543352,0.8040771973299401,False,,False
anxiety_z,dose,18,13.133333333333333,0.5270875901396648,0.6049436152262673,0.8040771973299401,False,,False
anxiety_z,dose,18,13.2,0.5183921083157695,0.6108663449445646,0.8040771973299401,False,,False
anxiety_z,dose,18,13.266666666666667,0.5097491067100443,0.6167809710894002,0.8040771973299401,False,,False
anxiety_z,dose,18,13.333333333333334,0.4954736397005681,0.6266095298988625,0.8040771973299401,False,,False
anxiety_z,dose,18,13.4,0.47179993524351227,0.6430685014732331,0.8040771973299401,False,,False
anxiety_z,dose,18,13.466666666666667,0.45404363049617946,0.6555406685377895,0.8047496925139404,False,,False
anxiety_z,dose,18,13.533333333333333,0.4435845972254282,0.6629368130976991,0.8047496925139404,False,,False
anxiety_z,dose,18,13.6,0.4351490175336131,0.6689283251591799,0.8059377411556384,False,,False
anxiety_z,dose,18,13.666666666666666,0.3927347881892668,0.6993961969734218,0.8103887730917332,False,,False
anxiety_z,dose,18,13.733333333333333,0.3367630890063384,0.7404171036902402,0.8258303571919967,False,,False
anxiety_z,dose,18,13.8,0.3148651319103214,0.7566958649317411,0.8258303571919967,False,,False
anxiety_z,dose,18,13.866666666666667,0.3154712637184207,0.7562436422554647,0.8258303571919967,False,,False
anxiety_z,dose,18,13.933333333333334,0.30284308692751105,0.7656838414241308,0.8258303571919967,False,,False
anxiety_z,dose,18,14.0,0.28497801292439995,0.7791036203437391,0.8258303571919967,False,,False
anxiety_z,dose,18,14.066666666666666,0.2745923886273572,0.7869384754039277,0.8258303571919967,False,,False
anxiety_z,dose,18,14.133333333333333,0.27643355197472386,0.785547768913049,0.8258303571919967,False,,False
anxiety_z,dose,18,14.2,0.2781769265432237,0.7842316137622986,0.8258303571919967,False,,False
anxiety_z,dose,18,14.266666666666667,0.2741250321016639,0.7872916071897036,0.8258303571919967,False,,False
anxiety_z,dose,18,14.333333333333334,0.2826462163583752,0.7808606188817968,0.8258303571919967,False,,False
anxiety_z,dose,18,14.4,0.2942754566253802,0.7721103556671663,0.8258303571919967,False,,False
anxiety_z,dose,18,14.466666666666667,0.29879081256415624,0.768721263034209,0.8258303571919967,False,,False
anxiety_z,dose,18,14.533333333333333,0.30377159919158037,0.7649884167822945,0.8258303571919967,False,,False
anxiety_z,dose,18,14.6,0.30028219891265573,0.7676029266509452,0.8258303571919967,False,,False
anxiety_z,dose,18,14.666666666666666,0.2953071252194305,0.7713355949463577,0.8258303571919967,False,,False
anxiety_z,dose,18,14.733333333333333,0.33846584531335605,0.7391564674113281,0.8258303571919967,False,,False
anxiety_z,dose,18,14.8,0.40703733431021866,0.6890597151886415,0.8103887730917332,False,,False
anxiety_z,dose,18,14.866666666666667,0.4748972718339491,0.6409039591117133,0.8040771973299401,False,,False
anxiety_z,dose,18,14.933333333333334,0.5349483887218142,0.599613682656432,0.8040771973299401,False,,False
anxiety_z,dose,18,15.0,0.5797193042692232,0.5697078913719829,0.8040771973299401,False,,False
anxiety_z,dose,18,15.066666666666666,0.6734351091909326,0.5097233150633788,0.7787992180542023,False,,False
anxiety_z,dose,18,15.133333333333333,0.759386353144875,0.4580230026070555,0.7440879457337556,False,,False
anxiety_z,dose,18,15.2,0.8121284733469565,0.4279442418873869,0.7253292235379439,False,,False
anxiety_z,dose,18,15.266666666666667,0.8821515525962883,0.3899981382098767,0.7151526100951233,False,,False
anxiety_z,dose,18,15.333333333333334,0.9514733971244151,0.3546969525280756,0.6880875687184749,False,,False
anxiety_z,dose,18,15.4,0.9498213225708044,0.35551191050454534,0.6880875687184749,False,,False
anxiety_z,dose,18,15.466666666666667,0.9418693235020831,0.35945258531717583,0.6903569826753738,False,,False
anxiety_z,dose,18,15.533333333333333,0.8861298858569279,0.38791106397525094,0.7151526100951233,False,,False
anxiety_z,dose,18,15.6,0.857916671327329,0.40287230824237935,0.7151526100951233,False,,False
anxiety_z,dose,18,15.666666666666666,0.8527928247486578,0.4056294242695805,0.7151526100951233,False,,False
anxiety_z,dose,18,15.733333333333333,0.8573856656009189,0.40315746992674206,0.7151526100951233,False,,False
anxiety_z,dose,18,15.8,0.8613300729312194,0.4010423845142561,0.7151526100951233,False,,False
anxiety_z,dose,18,15.866666666666667,0.8502877908132951,0.4069818333464415,0.7151526100951233,False,,False
anxiety_z,dose,18,15.933333333333334,0.8418243821122484,0.41157268305573624,0.7178593309111678,False,,False
anxiety_z,dose,18,16.0,0.8340022445982064,0.41584535674954537,0.7205448706863452,False,,False
anxiety_z,dose,18,16.066666666666666,0.8123705666118624,0.42780912200967597,0.7253292235379439,False,,False
anxiety_z,dose,18,16.133333333333333,0.7912594903408753,0.4396934355916684,0.7368732578211397,False,,False
anxiety_z,dose,18,16.2,0.775098478043341,0.44892940442899976,0.7399935237840656,False,,False
anxiety_z,dose,18,16.266666666666666,0.7488858526058724,0.46416267567966857,0.7440879457337556,False,,False
anxiety_z,dose,18,16.333333333333332,0.7294577347783305,0.4756531716741386,0.7510313236960084,False,,False
anxiety_z,dose,18,16.4,0.7445810195765102,0.466694098895531,0.7440879457337556,False,,False
anxiety_z,dose,18,16.466666666666665,0.7467693257805238,0.4654062401159709,0.7440879457337556,False,,False
anxiety_z,dose,18,16.533333333333335,0.7094504465359734,0.4876622010956522,0.7602778912343794,False,,False
anxiety_z,dose,18,16.6,0.6321583422283155,0.535693506573909,0.7955844157038253,False,,False
anxiety_z,dose,18,16.666666666666668,0.5708289372529866,0.5755843674281886,0.8040771973299401,False,,False
anxiety_z,dose,18,16.733333333333334,0.550353129575647,0.5892364033357217,0.8040771973299401,False,,False
anxiety_z,dose,18,16.8,0.5300168008583106,0.6029547869376385,0.8040771973299401,False,,False
anxiety_z,dose,18,16.866666666666667,0.49547826018650587,0.6266063368637851,0.8040771973299401,False,,False
anxiety_z,dose,18,16.933333333333334,0.46114763974744677,0.6505379048543083,0.8040771973299401,False,,False
anxiety_z,dose,18,17.0,0.4262804277351845,0.6752522651073599,0.8103027181288319,False,,False
anxiety_z,dose,18,17.066666666666666,0.3913739290670286,0.7003829050334497,0.8103887730917332,False,,False
anxiety_z,dose,18,17.133333333333333,0.35975589885403997,0.7234599241460697,0.82523945720084,False,,False
anxiety_z,dose,18,17.2,0.3258147343499065,0.7485407441976247,0.8258303571919967,False,,False
anxiety_z,dose,18,17.266666666666666,0.2873780863029446,0.7772964600790815,0.8258303571919967,False,,False
anxiety_z,dose,18,17.333333333333332,0.26099183080088884,0.7972342021133356,0.8308024899061386,False,,False
anxiety_z,dose,18,17.4,0.23791859456272121,0.8147881490793987,0.8458008467952235,False,,False
anxiety_z,dose,18,17.466666666666665,0.2048122729711676,0.840150980013097,0.866135030941337,False,,False
anxiety_z,dose,18,17.533333333333335,0.17790935497449456,0.8608969044860546,0.8814644073236053,False,,False
anxiety_z,dose,18,17.6,0.14660246032235028,0.8851702945566076,0.9001731809050245,False,,False
anxiety_z,dose,18,17.666666666666668,0.10083844039813748,0.9208584489973293,0.9301600494922518,False,,False
anxiety_z,dose,18,17.733333333333334,0.05412755079146155,0.9574645589448302,0.9627160131435847,False,,False
anxiety_z,dose,18,17.8,0.01213531135010012,0.9904589387695975,0.9904589387695975,False,,False
anxiety_z,dose,18,17.866666666666667,-0.05152603995250447,0.9595069597664394,0.9627160131435847,False,,False
anxiety_z,dose,18,17.933333333333334,-0.10745660032226285,0.9156847591568162,0.9280588775238003,False,,False
anxiety_z,dose,18,18.0,-0.15031335625414385,0.882286452615822,0.9001731809050245,False,,False
anxiety_z,dose,18,18.066666666666666,-0.19399360555176223,0.8484800663169395,0.8717260955311023,False,,False
anxiety_z,dose,18,18.133333333333333,-0.22751081561812692,0.822740240202676,0.8511105933131131,False,,False
anxiety_z,dose,18,18.2,-0.260548600862709,0.7975703903098931,0.8308024899061386,False,,False
anxiety_z,dose,18,18.266666666666666,-0.2926118703677878,0.7733601945158938,0.8258303571919967,False,,False
anxiety_z,dose,18,18.333333333333332,-0.322213642448154,0.7512194622424913,0.8258303571919967,False,,False
anxiety_z,dose,18,18.4,-0.3515749846153508,0.729476937859333,0.8258303571919967,False,,False
anxiety_z,dose,18,18.466666666666665,-0.3825076638316377,0.7068249358239157,0.8124424549700181,False,,False
anxiety_z,dose,18,18.533333333333335,-0.39264146779518116,0.6994638424523691,0.8103887730917332,False,,False
anxiety_z,dose,18,18.6,-0.40768546630846414,0.6885927852408799,0.8103887730917332,False,,False
anxiety_z,dose,18,18.666666666666668,-0.42237579683360954,0.6780445279490931,0.8103887730917332,False,,False
anxiety_z,dose,18,18.733333333333334,-0.445992750059652,0.6612306645047336,0.8047496925139404,False,,False
anxiety_z,dose,18,18.8,-0.4600602915780972,0.6513025298372516,0.8040771973299401,False,,False
anxiety_z,dose,18,18.866666666666667,-0.4403102009152722,0.665259745811524,0.8047496925139404,False,,False
anxiety_z,dose,18,18.933333333333334,-0.3886811856886652,0.702336936679502,0.8103887730917332,False,,False
anxiety_z,dose,18,19.0,-0.3787286761442134,0.7095776731906811,0.8124935189206272,False,,False
anxiety_z,dose,18,19.066666666666666,-0.4032780284529661,0.6917705524480552,0.8103887730917332,False,,False
anxiety_z,dose,18,19.133333333333333,-0.4487877369489018,0.6592528522382706,0.8047496925139404,False,,False
anxiety_z,dose,18,19.2,-0.47919113736170926,0.6379087369117211,0.8040771973299401,False,,False
anxiety_z,dose,18,19.266666666666666,-0.495645306846234,0.6264909026491116,0.8040771973299401,False,,False
anxiety_z,dose,18,19.333333333333332,-0.4979700726878225,0.6248854567150444,0.8040771973299401,False,,False
anxiety_z,dose,18,19.4,-0.4980131888625516,0.6248556996665605,0.8040771973299401,False,,False
anxiety_z,dose,18,19.466666666666665,-0.4955400743769688,0.6265636202555334,0.8040771973299401,False,,False
anxiety_z,dose,18,19.533333333333335,-0.4887128373335706,0.631289799629603,0.8040771973299401,False,,False
anxiety_z,dose,18,19.6,-0.49041948982529726,0.6301068105853589,0.8040771973299401,False,,False
anxiety_z,dose,18,19.666666666666668,-0.4930327249127646,0.6282974149821087,0.8040771973299401,False,,False
anxiety_z,dose,18,19.733333333333334,-0.4846925230656494,0.6340806034596771,0.8040771973299401,False,,False
anxiety_z,dose,18,19.8,-0.46215574383792274,0.6498293625027198,0.8040771973299401,False,,False
anxiety_z,dose,18,19.866666666666667,-0.4126852556158712,0.6849951764197839,0.8103887730917332,False,,False
anxiety_z,dose,18,19.933333333333334,-0.3363130986824604,0.7407503813900534,0.8258303571919967,False,,False
unpleasantness_z,state,18,0.0,3.3812012299880707,0.0035492528886540277,0.004929517900908372,True,3.0517578125e-05,True
unpleasantness_z,state,18,0.06666666666666667,3.5085303480214702,0.002693759369505021,0.0039229505381141085,True,3.0517578125e-05,True
unpleasantness_z,state,18,0.13333333333333333,3.5762160645936953,0.002325913448616142,0.003454326903885359,True,3.0517578125e-05,True
unpleasantness_z,state,18,0.2,3.6203042645398233,0.0021136675551933024,0.0032055816783563996,True,3.0517578125e-05,True
unpleasantness_z,state,18,0.26666666666666666,3.682237772645567,0.0018477403431356048,0.002887094286149382,True,3.0517578125e-05,True
unpleasantness_z,state,18,0.3333333333333333,3.7404184642852685,0.0016284542663768616,0.002598597233580098,True,3.0517578125e-05,True
unpleasantness_z,state,18,0.4,3.7936666150915626,0.0014506562544007158,0.002365200414783776,True,3.0517578125e-05,True
unpleasantness_z,state,18,0.4666666666666667,3.8512970504250874,0.0012800708775218903,0.0021334514625364837,True,3.0517578125e-05,True
unpleasantness_z,state,18,0.5333333333333333,3.9073691844867158,0.0011334301257170203,0.0019319831688358298,True,3.0517578125e-05,True
unpleasantness_z,state,18,0.6,3.9638011979763648,0.0010028766012371863,0.0017492033742509063,True,3.0517578125e-05,True
unpleasantness_z,state,18,0.6666666666666666,4.010606111394223,0.0009061433377215969,0.0015990764783322296,True,3.0517578125e-05,True
unpleasantness_z,state,18,0.7333333333333333,4.06651569817259,0.0008028235072208252,0.001450885856423178,True,3.0517578125e-05,True
unpleasantness_z,state,18,0.8,4.1314458798124605,0.0006976353653243768,0.0012919173431932905,True,3.0517578125e-05,True
unpleasantness_z,state,18,0.8666666666666667,4.213240629348647,0.0005846780572206968,0.0011191231570493317,True,3.0517578125e-05,True
unpleasantness_z,state,18,0.9333333333333333,4.296663321972794,0.0004884714798094246,0.0009640884469922853,True,3.0517578125e-05,True
unpleasantness_z,state,18,1.0,4.361275906457469,0.00042510102552004966,0.0008616912679460466,True,3.0517578125e-05,True
unpleasantness_z,state,18,1.0666666666666667,4.420283600864025,0.00037452847114687325,0.0007802676482226526,True,3.0517578125e-05,True
unpleasantness_z,state,18,1.1333333333333333,4.46587332491521,0.00033967140475429095,0.0007278672959020521,True,3.0517578125e-05,True
unpleasantness_z,state,18,1.2,4.530593678400507,0.00029576463011699597,0.0006524219781992558,True,3.0517578125e-05,True
unpleasantness_z,state,18,1.2666666666666666,4.561943914902753,0.0002766171441571072,0.0006286753276297891,True,3.0517578125e-05,True
unpleasantness_z,state,18,1.3333333333333333,4.584746262888792,0.00026348691978473796,0.0006080467379647799,True,3.0517578125e-05,True
unpleasantness_z,state,18,1.4,4.614672855711062,0.00024721157696020395,0.0005885989927623904,True,3.0517578125e-05,True
unpleasantness_z,state,18,1.4666666666666666,4.643400246014801,0.00023255148870412475,0.0005626245694454632,True,3.0517578125e-05,True
unpleasantness_z,state,18,1.5333333333333334,4.680821523583861,0.00021477376177814314,0.0005369344044453579,True,3.0517578125e-05,True
unpleasantness_z,state,18,1.6,4.728238012711428,0.00019422094648611384,0.000502295551257191,True,3.0517578125e-05,True
unpleasantness_z,state,18,1.6666666666666667,4.771605273517966,0.00017718209004060517,0.00047459488403733526,True,3.0517578125e-05,True
unpleasantness_z,state,18,1.7333333333333334,4.821484923179337,0.00015945960119947533,0.00045914172427908266,True,3.0517578125e-05,True
unpleasantness_z,state,18,1.8,4.864627724871573,0.00014559536936367982,0.00044570011029697906,True,3.0517578125e-05,True
unpleasantness_z,state,18,1.8666666666666667,4.904054116904447,0.00013400388976979687,0.0004187621555306153,True,3.0517578125e-05,True
unpleasantness_z,state,18,1.9333333333333333,4.957725916019318,0.00011972338735401469,0.00039040235006743915,True,3.0517578125e-05,True
unpleasantness_z,state,18,2.0,5.007867172498572,0.00010778963414893723,0.00036746466187137695,True,3.0517578125e-05,True
unpleasantness_z,state,18,2.066666666666667,5.051232433998287,9.845343603678569e-05,0.00036746466187137695,True,3.0517578125e-05,True
unpleasantness_z,state,18,2.1333333333333333,5.086930153763503,9.139191311256198e-05,0.00036746466187137695,True,3.0517578125e-05,True
unpleasantness_z,state,18,2.2,5.149145586746955,8.03006442029967e-05,0.00036746466187137695,True,3.0517578125e-05,True
unpleasantness_z,state,18,2.2666666666666666,5.095457725000017,8.978323890055783e-05,0.00036746466187137695,True,3.0517578125e-05,True
unpleasantness_z,state,18,2.3333333333333335,4.986549519359919,0.0001127069679698199,0.000375689893232733,True,3.0517578125e-05,True
unpleasantness_z,state,18,2.4,5.019237512050388,0.00010525725271940371,0.00036746466187137695,True,3.0517578125e-05,True
unpleasantness_z,state,18,2.466666666666667,5.047411739411131,9.924164302122788e-05,0.00036746466187137695,True,3.0517578125e-05,True
unpleasantness_z,state,18,2.533333333333333,5.070903384712536,9.449569737071404e-05,0.00036746466187137695,True,3.0517578125e-05,True
unpleasantness_z,state,18,2.6,5.109174598245836,8.72562902464935e-05,0.00036746466187137695,True,3.0517578125e-05,True
unpleasantness_z,state,18,2.6666666666666665,5.145929407308727,8.083865618626395e-05,0.00036746466187137695,True,3.0517578125e-05,True
unpleasantness_z,state,18,2.7333333333333334,5.197707810035991,7.26091765097624e-05,0.00036746466187137695,True,3.0517578125e-05,True
unpleasantness_z,state,18,2.8,5.2566164087317215,6.428420323792094e-05,0.00036746466187137695,True,3.0517578125e-05,True
unpleasantness_z,state,18,2.8666666666666667,5.330298387652301,5.523315737188817e-05,0.00036746466187137695,True,3.0517578125e-05,True
unpleasantness_z,state,18,2.933333333333333,5.391195016717682,4.874628701358273e-05,0.0003655971526018705,True,3.0517578125e-05,True
unpleasantness_z,state,18,3.0,5.4415189082235695,4.397940444488856e-05,0.0003655971526018705,True,3.0517578125e-05,True
unpleasantness_z,state,18,3.066666666666667,5.507494634384084,3.844675990606818e-05,0.0003604383741193892,True,3.0517578125e-05,True
unpleasantness_z,state,18,3.1333333333333333,5.576320998836317,3.343457948718418e-05,0.00035822763736268766,True,3.0517578125e-05,True
unpleasantness_z,state,18,3.2,5.6375230658008535,2.954391611310688e-05,0.00035822763736268766,True,3.0517578125e-05,True
unpleasantness_z,state,18,3.2666666666666666,5.6948270807781585,2.632380409929861e-05,0.00035822763736268766,True,3.0517578125e-05,True
unpleasantness_z,state,18,3.3333333333333335,5.739144038360524,2.4083119122870493e-05,0.00035822763736268766,True,3.0517578125e-05,True
unpleasantness_z,state,18,3.4,5.780346101723488,2.217638206176315e-05,0.00035822763736268766,True,3.0517578125e-05,True
unpleasantness_z,state,18,3.466666666666667,5.809309862916973,2.09298404620243e-05,0.00035822763736268766,True,3.0517578125e-05,True
unpleasantness_z,state,18,3.533333333333333,5.815401126955627,2.0677023710869214e-05,0.00035822763736268766,True,3.0517578125e-05,True
unpleasantness_z,state,18,3.6,5.807992331250346,2.098494297874707e-05,0.00035822763736268766,True,3.0517578125e-05,True
unpleasantness_z,state,18,3.6666666666666665,5.7940753036205,2.1576218992117925e-05,0.00035822763736268766,True,3.0517578125e-05,True
unpleasantness_z,state,18,3.7333333333333334,5.769581366242751,2.265899460616349e-05,0.00035822763736268766,True,3.0517578125e-05,True
unpleasantness_z,state,18,3.8,5.7357328011793,2.4248383769623975e-05,0.00035822763736268766,True,3.0517578125e-05,True
unpleasantness_z,state,18,3.8666666666666667,5.694006703611819,2.6367253263452023e-05,0.00035822763736268766,True,3.0517578125e-05,True
unpleasantness_z,state,18,3.933333333333333,5.645081492788233,2.9096913762681874e-05,0.00035822763736268766,True,3.0517578125e-05,True
unpleasantness_z,state,18,4.0,5.5866478163012685,3.274280444710682e-05,0.00035822763736268766,True,3.0517578125e-05,True
unpleasantness_z,state,18,4.066666666666666,5.531185409494965,3.663951870166421e-05,0.0003604383741193892,True,3.0517578125e-05,True
unpleasantness_z,state,18,4.133333333333334,5.477645591728017,4.085525676610604e-05,0.00036048755970093566,True,3.0517578125e-05,True
unpleasantness_z,state,18,4.2,5.415848910196298,4.6347896109332166e-05,0.0003655971526018705,True,3.0517578125e-05,True
unpleasantness_z,state,18,4.266666666666667,5.365207011105886,5.141301933943964e-05,0.00036723585242456886,True,3.0517578125e-05,True
unpleasantness_z,state,18,4.333333333333333,5.312360348743296,5.730848975326543e-05,0.00036746466187137695,True,3.0517578125e-05,True
unpleasantness_z,state,18,4.4,5.2694732835113935,6.260148982984382e-05,0.00036746466187137695,True,3.0517578125e-05,True
unpleasantness_z,state,18,4.466666666666667,5.225705442540507,6.852263913577564e-05,0.00036746466187137695,True,3.0517578125e-05,True
unpleasantness_z,state,18,4.533333333333333,5.1881261624404145,7.406449553186097e-05,0.00036746466187137695,True,3.0517578125e-05,True
unpleasantness_z,state,18,4.6,5.159178914466782,7.864572635109536e-05,0.00036746466187137695,True,3.0517578125e-05,True
unpleasantness_z,state,18,4.666666666666667,5.128372752921808,8.384147510291166e-05,0.00036746466187137695,True,3.0517578125e-05,True
unpleasantness_z,state,18,4.733333333333333,5.0880145458715536,9.11857199211333e-05,0.00036746466187137695,True,3.0517578125e-05,True
unpleasantness_z,state,18,4.8,5.049704051180186,9.876796778337113e-05,0.00036746466187137695,True,3.0517578125e-05,True
unpleasantness_z,state,18,4.866666666666666,5.028555200980777,0.0001032275110991032,0.00036746466187137695,True,3.0517578125e-05,True
unpleasantness_z,state,18,4.933333333333334,5.007942946416532,0.00010777255296831636,0.00036746466187137695,True,3.0517578125e-05,True
unpleasantness_z,state,18,5.0,4.93082568323259,0.00012667497612210116,0.0004042818386875569,True,3.0517578125e-05,True
unpleasantness_z,state,18,5.066666666666666,4.8387955495576565,0.00015374143178806477,0.00045218068172960224,True,3.0517578125e-05,True
unpleasantness_z,state,18,5.133333333333334,4.8405342438250525,0.00015317879751338765,0.00045218068172960224,True,3.0517578125e-05,True
unpleasantness_z,state,18,5.2,4.813324663044738,0.00016223007591194253,0.00045914172427908266,True,3.0517578125e-05,True
unpleasantness_z,state,18,5.266666666666667,4.79755702686198,0.00016772346254686335,0.00046589850707462043,True,3.0517578125e-05,True
unpleasantness_z,state,18,5.333333333333333,4.776628031541701,0.0001753098514283927,0.00047459488403733526,True,3.0517578125e-05,True
unpleasantness_z,state,18,5.4,4.7374323206902975,0.00019047393909904216,0.000501247208155374,True,3.0517578125e-05,True
unpleasantness_z,state,18,5.466666666666667,4.688986311361889,0.00021108272029540865,0.0005366509838018865,True,3.0517578125e-05,True
unpleasantness_z,state,18,5.533333333333333,4.643892983703765,0.00023230791532241843,0.0005626245694454632,True,3.0517578125e-05,True
unpleasantness_z,state,18,5.6,4.587539048715364,0.0002619229773477771,0.0006080467379647799,True,3.0517578125e-05,True
unpleasantness_z,state,18,5.666666666666667,4.5309532290167205,0.00029553755571437584,0.0006524219781992558,True,3.0517578125e-05,True
unpleasantness_z,state,18,5.733333333333333,4.485242547202996,0.00032587731037863027,0.000708428935605718,True,3.0517578125e-05,True
unpleasantness_z,state,18,5.8,4.430683699768233,0.00036626948547499794,0.0007738087721302773,True,3.0517578125e-05,True
unpleasantness_z,state,18,5.866666666666666,4.374668340827464,0.00041304615932659654,0.0008487249849176642,True,3.0517578125e-05,True
unpleasantness_z,state,18,5.933333333333334,4.32901612949342,0.0004556252574560591,0.0009112505149121182,True,3.0517578125e-05,True
unpleasantness_z,state,18,6.0,4.273649133520387,0.0005132882399222926,0.0009999121556927778,True,3.0517578125e-05,True
unpleasantness_z,state,18,6.066666666666666,4.209508549053222,0.000589404862712648,0.0011191231570493317,True,3.0517578125e-05,True
unpleasantness_z,state,18,6.133333333333334,4.141730300525103,0.0006822999739450399,0.0012793124511469498,True,3.0517578125e-05,True
unpleasantness_z,state,18,6.2,4.0719662054438475,0.0007934092056352083,0.001450885856423178,True,3.0517578125e-05,True
unpleasantness_z,state,18,6.266666666666667,4.01079924436419,0.0009057642963948475,0.0015990764783322296,True,3.0517578125e-05,True
unpleasantness_z,state,18,6.333333333333333,3.937078195998887,0.0010626997346996033,0.0018322409218958678,True,3.0517578125e-05,True
unpleasantness_z,state,18,6.4,3.8768601417620285,0.0012109926718934252,0.002040998885213638,True,3.0517578125e-05,True
unpleasantness_z,state,18,6.466666666666667,3.8177901035642305,0.0013766392887538564,0.00226918564080306,True,3.0517578125e-05,True
unpleasantness_z,state,18,6.533333333333333,3.766049888556676,0.0015402995439802688,0.002484354103193982,True,3.0517578125e-05,True
unpleasantness_z,state,18,6.6,3.71622678780558,0.001716283084545818,0.0027099206598091862,True,3.0517578125e-05,True
unpleasantness_z,state,18,6.666666666666667,3.666523003329912,0.0019118746233333242,0.002956507149484522,True,3.0517578125e-05,True
unpleasantness_z,state,18,6.733333333333333,3.619865007783187,0.002115683907715224,0.0032055816783563996,True,3.0517578125e-05,True
unpleasantness_z,state,18,6.8,3.584290729884625,0.0022855124051351103,0.0034282686077026655,True,3.0517578125e-05,True
unpleasantness_z,state,18,6.866666666666666,3.545227869047321,0.002487670742585305,0.0036583393273313305,True,3.0517578125e-05,True
unpleasantness_z,state,18,6.933333333333334,3.4972500862681786,0.0027604539334655314,0.003981423942498363,True,3.0517578125e-05,True
unpleasantness_z,state,18,7.0,3.464306907321681,0.0029647644160495806,0.004235377737213686,True,3.0517578125e-05,True
unpleasantness_z,state,18,7.066666666666666,3.4254278810423036,0.0032252633411262582,0.004564051897820176,True,3.0517578125e-05,True
unpleasantness_z,state,18,7.133333333333334,3.39550830683444,0.0034410659560657588,0.0048239242374753626,True,3.0517578125e-05,True
unpleasantness_z,state,18,7.2,3.3615291381638563,0.003703523052397661,0.0050965913565105435,True,3.0517578125e-05,True
unpleasantness_z,state,18,7.266666666666667,3.3284675072561485,0.0039778637925540665,0.005424359717119182,True,3.0517578125e-05,True
unpleasantness_z,state,18,7.333333333333333,3.292529277013053,0.004298864771884504,0.005809276718762843,True,3.0517578125e-05,True
unpleasantness_z,state,18,7.4,3.2493144462735035,0.004718827666910368,0.006319858482469243,True,3.0517578125e-05,True
unpleasantness_z,state,18,7.466666666666667,3.2265425026947883,0.004956125080624506,0.0065789270981741225,True,3.0517578125e-05,True
unpleasantness_z,state,18,7.533333333333333,3.1971200593230034,0.005280173409399217,0.006947596591314759,True,3.0517578125e-05,True
unpleasantness_z,state,18,7.6,3.1750502834809167,0.005536823056573328,0.007221943117269559,True,3.0517578125e-05,True
unpleasantness_z,state,18,7.666666666666667,3.147644138924029,0.005872623534568194,0.007593909742976113,True,3.0517578125e-05,True
unpleasantness_z,state,18,7.733333333333333,3.131871297876577,0.006074856496198306,0.007788277559228598,True,3.0517578125e-05,True
unpleasantness_z,state,18,7.8,3.113922274225047,0.006313300155334725,0.0080253815533916,True,3.0517578125e-05,True
unpleasantness_z,state,18,7.866666666666666,3.0941355186081703,0.006586781776542382,0.008302666104885356,True,3.0517578125e-05,True
unpleasantness_z,state,18,7.933333333333334,3.069748062084081,0.006939832588072795,0.008674790735090995,True,3.0517578125e-05,True
unpleasantness_z,state,18,8.0,3.053243070892676,0.007189196537397545,0.008912227112476296,True,3.0517578125e-05,True
unpleasantness_z,state,18,8.066666666666666,3.032999794339241,0.0075070075105662555,0.009229927267089658,True,3.0517578125e-05,True
unpleasantness_z,state,18,8.133333333333333,3.0183759405721666,0.007745082874092536,0.009445223017186019,True,3.0517578125e-05,True
unpleasantness_z,state,18,8.2,2.9946846598421355,0.00814648086520192,0.009854613949841032,True,3.0517578125e-05,True
unpleasantness_z,state,18,8.266666666666667,2.974449416487804,0.008505307999687748,0.010206369599625297,True,3.0517578125e-05,True
unpleasantness_z,state,18,8.333333333333334,2.949500309946735,0.008968934773565565,0.01067730330186377,True,3.0517578125e-05,True
unpleasantness_z,state,18,8.4,2.9179974641863233,0.009589530778718177,0.01132621745517895,True,3.0517578125e-05,True
unpleasantness_z,state,18,8.466666666666667,2.887319755173714,0.01023380953173074,0.01199274554499696,True,3.0517578125e-05,True
unpleasantness_z,state,18,8.533333333333333,2.854771469337387,0.010963178680930018,0.012747882187127928,True,3.0517578125e-05,True
unpleasantness_z,state,18,8.6,2.824347381842119,0.01169023413891512,0.013488731698748216,True,3.0517578125e-05,True
unpleasantness_z,state,18,8.666666666666666,2.7940163599160837,0.01246129492540951,0.014268658311537608,True,3.0517578125e-05,True
unpleasantness_z,state,18,8.733333333333333,2.7629635870585627,0.013301387496471232,0.015115213064171854,True,3.0517578125e-05,True
unpleasantness_z,state,18,8.8,2.724749763207367,0.014410150715114747,0.016252049678700843,True,3.0517578125e-05,True
unpleasantness_z,state,18,8.866666666666667,2.676276244704998,0.015944647885693573,0.017848486439209225,True,3.0517578125e-05,True
unpleasantness_z,state,18,8.933333333333334,2.642253898870719,0.017113820404042364,0.019015356004491515,True,3.0517578125e-05,True
unpleasantness_z,state,18,9.0,2.6068833913015825,0.018415915891021515,0.020311671938626673,True,3.0517578125e-05,True
unpleasantness_z,state,18,9.066666666666666,2.5652572468820707,0.020069241250559866,0.021973621807182334,True,3.0517578125e-05,True
unpleasantness_z,state,18,9.133333333333333,2.527093657564318,0.021708147506266158,0.023595812506811042,True,3.0517578125e-05,True
unpleasantness_z,state,18,9.2,2.486639322822322,0.02358349191891266,0.025449811423287044,True,3.0517578125e-05,True
unpleasantness_z,state,18,9.266666666666667,2.4611800011231133,0.024841125700354016,0.026615491821807873,True,3.0517578125e-05,True
unpleasantness_z,state,18,9.333333333333334,2.426696237705044,0.026645604198241746,0.028346387444938028,True,3.0517578125e-05,True
unpleasantness_z,state,18,9.4,2.4036735894884806,0.02791821811577948,0.029491075474414943,True,3.0517578125e-05,True
unpleasantness_z,state,18,9.466666666666667,2.3870336790582094,0.028873303750708176,0.030286682255987595,True,3.0517578125e-05,True
unpleasantness_z,state,18,9.533333333333333,2.363674205855657,0.03026583738826596,0.031526913946110374,True,3.0517578125e-05,True
unpleasantness_z,state,18,9.6,2.3360585125529587,0.03199309050366554,0.03309630052103332,True,3.0517578125e-05,True
unpleasantness_z,state,18,9.666666666666666,2.3157821212625236,0.0333194177213055,0.03423227848079332,True,3.0517578125e-05,True
unpleasantness_z,state,18,9.733333333333333,2.3014473693879363,0.03428781258351841,0.03498756386073307,True,3.0517578125e-05,True
unpleasantness_z,state,18,9.8,2.2862236150096384,0.03534489804997084,0.03582253180740288,True,3.0517578125e-05,True
unpleasantness_z,state,18,9.866666666666667,2.266009503004004,0.03679532427205857,0.037042272757105935,True,3.0517578125e-05,True
unpleasantness_z,state,18,9.933333333333334,2.2513004990192154,0.037885238755999924,0.037885238755999924,True,3.0517578125e-05,True
unpleasantness_z,dose,18,0.0,1.0882102423201605,0.29168995839826434,0.48886585206413014,False,,False
unpleasantness_z,dose,18,0.06666666666666667,1.2052176519779645,0.24462860513775686,0.42421145399611015,False,,False
unpleasantness_z,dose,18,0.13333333333333333,1.2797897776884009,0.21780933772720906,0.38894524594144475,False,,False
unpleasantness_z,dose,18,0.2,1.313155891106552,0.2065800943882683,0.37333751997879816,False,,False
unpleasantness_z,dose,18,0.26666666666666666,1.379162827292123,0.18572020878567097,0.3439263125660574,False,,False
unpleasantness_z,dose,18,0.3333333333333333,1.4455239297348654,0.16649375459618354,0.31814093234939533,False,,False
unpleasantness_z,dose,18,0.4,1.5034656366252437,0.15106897712096817,0.2981624548440161,False,,False
unpleasantness_z,dose,18,0.4666666666666667,1.578201229674947,0.1329449993472576,0.27696874864012,False,,False
unpleasantness_z,dose,18,0.5333333333333333,1.660793872541309,0.11508486240972615,0.2501844834994047,False,,False
unpleasantness_z,dose,18,0.6,1.7401795967648632,0.09989694564923296,0.23614446552524992,False,,False
unpleasantness_z,dose,18,0.6666666666666666,1.8047900421352872,0.08885164498304879,0.23614446552524992,False,,False
unpleasantness_z,dose,18,0.7333333333333333,1.8781652004820393,0.07762132832435538,0.22390767785871743,False,,False
unpleasantness_z,dose,18,0.8,1.9666811056755973,0.0657633003404063,0.20767358002233566,False,,False
unpleasantness_z,dose,18,0.8666666666666667,2.0708126158968803,0.05391411172175093,0.17580688604918784,False,,False
unpleasantness_z,dose,18,0.9333333333333333,2.179151989657066,0.04367695426610696,0.151953020635037,False,0.0550537109375,False
unpleasantness_z,dose,18,1.0,2.2837504412813865,0.03551946046858208,0.151953020635037,False,0.0550537109375,False
unpleasantness_z,dose,18,1.0666666666666667,2.3605326556659456,0.03045784010314992,0.151953020635037,False,0.0550537109375,False
unpleasantness_z,dose,18,1.1333333333333333,2.4403522568588114,0.025916729190517598,0.151953020635037,False,0.0550537109375,False
unpleasantness_z,dose,18,1.2,2.5237873712033005,0.021855955325003736,0.151953020635037,False,0.0550537109375,False
unpleasantness_z,dose,18,1.2666666666666666,2.6313300969875804,0.017506278450287484,0.151953020635037,False,0.0550537109375,False
unpleasantness_z,dose,18,1.3333333333333333,2.727916091430562,0.014315006980297125,0.151953020635037,False,0.0550537109375,False
unpleasantness_z,dose,18,1.4,2.801121895200129,0.012276378701872825,0.151953020635037,False,0.0550537109375,False
unpleasantness_z,dose,18,1.4666666666666666,2.8401117881793527,0.011307877550194256,0.151953020635037,False,0.0550537109375,False
unpleasantness_z,dose,18,1.5333333333333334,2.8461860169075,0.011163799260425796,0.151953020635037,False,0.0550537109375,False
unpleasantness_z,dose,18,1.6,2.8379584957633432,0.011359382892317575,0.151953020635037,False,0.0550537109375,False
unpleasantness_z,dose,18,1.6666666666666667,2.8105041156326083,0.012036263007544902,0.151953020635037,False,0.0550537109375,False
unpleasantness_z,dose,18,1.7333333333333334,2.779859281670626,0.012837756532478765,0.151953020635037,False,0.0550537109375,False
unpleasantness_z,dose,18,1.8,2.7598465616242573,0.013388663605854464,0.151953020635037,False,0.0550537109375,False
unpleasantness_z,dose,18,1.8666666666666667,2.742765855715184,0.013876783698346398,0.151953020635037,False,0.0550537109375,False
unpleasantness_z,dose,18,1.9333333333333333,2.733002920585051,0.014163416526125953,0.151953020635037,False,0.0550537109375,False
unpleasantness_z,dose,18,2.0,2.724009261233515,0.014432489191406234,0.151953020635037,False,0.0550537109375,False
unpleasantness_z,dose,18,2.066666666666667,2.709835820400493,0.01486651491050952,0.151953020635037,False,0.0550537109375,False
unpleasantness_z,dose,18,2.1333333333333333,2.697149510499201,0.01526559504427475,0.151953020635037,False,0.0550537109375,False
unpleasantness_z,dose,18,2.2,2.70173576290187,0.015120151862418078,0.151953020635037,False,0.0550537109375,False
unpleasantness_z,dose,18,2.2666666666666666,2.633658644566277,0.017421907260402335,0.151953020635037,False,0.0550537109375,False
unpleasantness_z,dose,18,2.3333333333333335,2.507379884841436,0.022603662400398437,0.151953020635037,False,0.0550537109375,False
unpleasantness_z,dose,18,2.4,2.5018027303152146,0.022863286115923104,0.151953020635037,False,0.0550537109375,False
unpleasantness_z,dose,18,2.466666666666667,2.500421654579301,0.022928011310385615,0.151953020635037,False,0.0550537109375,False
unpleasantness_z,dose,18,2.533333333333333,2.4929574802337857,0.023280834974602562,0.151953020635037,False,0.0550537109375,False
unpleasantness_z,dose,18,2.6,2.4975060290139313,0.023065223872532587,0.151953020635037,False,0.0550537109375,False
unpleasantness_z,dose,18,2.6666666666666665,2.4964404822035524,0.0231155631298592,0.151953020635037,False,0.0550537109375,False
unpleasantness_z,dose,18,2.7333333333333334,2.4925177935361034,0.02330177776169292,0.151953020635037,False,0.0550537109375,False
unpleasantness_z,dose,18,2.8,2.4944600244384616,0.023209401254031647,0.151953020635037,False,0.0550537109375,False
unpleasantness_z,dose,18,2.8666666666666667,2.5009451038074095,0.022903459086278832,0.151953020635037,False,0.0550537109375,False
unpleasantness_z,dose,18,2.933333333333333,2.5041354363639616,0.02275435431941656,0.151953020635037,False,0.0550537109375,False
unpleasantness_z,dose,18,3.0,2.5121263382129166,0.022384908510152582,0.151953020635037,False,0.0550537109375,False
unpleasantness_z,dose,18,3.066666666666667,2.5275757692664613,0.02168667394550153,0.151953020635037,False,0.0550537109375,False
unpleasantness_z,dose,18,3.1333333333333333,2.5410486724887957,0.02109466150839353,0.151953020635037,False,0.0550537109375,False
unpleasantness_z,dose,18,3.2,2.547152935744815,0.020831509125302815,0.151953020635037,False,0.0550537109375,False
unpleasantness_z,dose,18,3.2666666666666666,2.5504145285331203,0.020692182959900263,0.151953020635037,False,0.0550537109375,False
unpleasantness_z,dose,18,3.3333333333333335,2.555750466663009,0.020466151871798934,0.151953020635037,False,0.0550537109375,False
unpleasantness_z,dose,18,3.4,2.560946587395761,0.02024829784690849,0.151953020635037,False,0.0550537109375,False
unpleasantness_z,dose,18,3.466666666666667,2.5551493854849516,0.02049149611171913,0.151953020635037,False,0.0550537109375,False
unpleasantness_z,dose,18,3.533333333333333,2.5353573102321008,0.021342851653838486,0.151953020635037,False,0.0550537109375,False
unpleasantness_z,dose,18,3.6,2.5239195678507516,0.02185002720833135,0.151953020635037,False,0.0550537109375,False
unpleasantness_z,dose,18,3.6666666666666665,2.4971605555434055,0.023081533589881874,0.151953020635037,False,0.0550537109375,False
unpleasantness_z,dose,18,3.7333333333333334,2.465294978620725,0.024633656104224154,0.151953020635037,False,0.0550537109375,False
unpleasantness_z,dose,18,3.8,2.439025190694187,0.025986728119722205,0.151953020635037,False,0.0550537109375,False
unpleasantness_z,dose,18,3.8666666666666667,2.4045501247217316,0.02786873859060102,0.151953020635037,False,0.0550537109375,False
unpleasantness_z,dose,18,3.933333333333333,2.371739498206139,0.029778082674062997,0.151953020635037,False,0.0550537109375,False
unpleasantness_z,dose,18,4.0,2.3457382116966925,0.03137744377343044,0.151953020635037,False,0.0550537109375,False
unpleasantness_z,dose,18,4.066666666666666,2.317455427578912,0.033208051934532655,0.151953020635037,False,0.0550537109375,False
unpleasantness_z,dose,18,4.133333333333334,2.2919299067639725,0.03494517199462598,0.151953020635037,False,0.0550537109375,False
unpleasantness_z,dose,18,4.2,2.2695106550650945,0.03654021427996768,0.151953020635037,False,0.0550537109375,False
unpleasantness_z,dose,18,4.266666666666667,2.2478812279669995,0.03814285019483163,0.151953020635037,False,0.0550537109375,False
unpleasantness_z,dose,18,4.333333333333333,2.2209791709222446,0.040226945983663574,0.151953020635037,False,0.0550537109375,False
unpleasantness_z,dose,18,4.4,2.2006169366291046,0.04187380286406243,0.151953020635037,False,0.0550537109375,False
unpleasantness_z,dose,18,4.466666666666667,2.1891056407895872,0.0428320962377793,0.151953020635037,False,0.0550537109375,False
unpleasantness_z,dose,18,4.533333333333333,2.179667996299054,0.04363278194538244,0.151953020635037,False,0.0550537109375,False
unpleasantness_z,dose,18,4.6,2.1679139867546127,0.04464923230256821,0.151953020635037,False,0.0550537109375,False
unpleasantness_z,dose,18,4.666666666666667,2.159067751866727,0.04542852626903338,0.151953020635037,False,0.0550537109375,False
unpleasantness_z,dose,18,4.733333333333333,2.151640741558309,0.046092416259294555,0.151953020635037,False,0.0550537109375,False
unpleasantness_z,dose,18,4.8,2.1547625403626505,0.045812286093068796,0.151953020635037,False,0.0550537109375,False
unpleasantness_z,dose,18,4.866666666666666,2.153880198942345,0.045891302987289294,0.151953020635037,False,0.0550537109375,False
unpleasantness_z,dose,18,4.933333333333334,2.154244085532307,0.04585870047779499,0.151953020635037,False,0.0550537109375,False
unpleasantness_z,dose,18,5.0,2.1674621765893494,0.04468873429427166,0.151953020635037,False,0.0550537109375,False
unpleasantness_z,dose,18,5.066666666666666,2.1593557932340968,0.04540295631358735,0.151953020635037,False,0.0550537109375,False
unpleasantness_z,dose,18,5.133333333333334,2.1657277629210463,0.044840673325657616,0.151953020635037,False,0.0550537109375,False
unpleasantness_z,dose,18,5.2,2.174909285483323,0.04404170972096117,0.151953020635037,False,0.0550537109375,False
unpleasantness_z,dose,18,5.266666666666667,2.188558534903237,0.0428781406382232,0.151953020635037,False,0.0550537109375,False
unpleasantness_z,dose,18,5.333333333333333,2.1947024882144293,0.04236367416579771,0.151953020635037,False,0.0550537109375,False
unpleasantness_z,dose,18,5.4,2.2041530463493197,0.04158341974849193,0.151953020635037,False,0.0550537109375,False
unpleasantness_z,dose,18,5.466666666666667,2.2152593272532437,0.04068341236170769,0.151953020635037,False,0.0550537109375,False
unpleasantness_z,dose,18,5.533333333333333,2.223390546299725,0.040035929710014725,0.151953020635037,False,0.0550537109375,False
unpleasantness_z,dose,18,5.6,2.2282823037465747,0.039651002473226116,0.151953020635037,False,0.0550537109375,False
unpleasantness_z,dose,18,5.666666666666667,2.238088708789743,0.03888962937622592,0.151953020635037,False,0.0550537109375,False
unpleasantness_z,dose,18,5.733333333333333,2.242257735389696,0.0385700598533987,0.151953020635037,False,0.0550537109375,False
unpleasantness_z,dose,18,5.8,2.2469317937076427,0.03821466876376407,0.151953020635037,False,0.0550537109375,False
unpleasantness_z,dose,18,5.866666666666666,2.2469328877502313,0.038214585934501576,0.151953020635037,False,0.0550537109375,False
unpleasantness_z,dose,18,5.933333333333334,2.239956401487015,0.038746162903283775,0.151953020635037,False,0.0550537109375,False
unpleasantness_z,dose,18,6.0,2.2386837573489684,0.038843867570187075,0.151953020635037,False,0.0550537109375,False
unpleasantness_z,dose,18,6.066666666666666,2.2357057242335716,0.03907339141548415,0.151953020635037,False,0.0550537109375,False
unpleasantness_z,dose,18,6.133333333333334,2.229186491052292,0.039580228544339284,0.151953020635037,False,0.0550537109375,False
unpleasantness_z,dose,18,6.2,2.2293505357291727,0.03956740070964568,0.151953020635037,False,0.0550537109375,False
unpleasantness_z,dose,18,6.266666666666667,2.232712987681677,0.039305311624733795,0.151953020635037,False,0.0550537109375,False
unpleasantness_z,dose,18,6.333333333333333,2.231190755687868,0.039423763780854215,0.151953020635037,False,0.0550537109375,False
unpleasantness_z,dose,18,6.4,2.2300132713977097,0.03951561574896016,0.151953020635037,False,0.0550537109375,False
unpleasantness_z,dose,18,6.466666666666667,2.2254119920730555,0.03987644758002866,0.151953020635037,False,0.0550537109375,False
unpleasantness_z,dose,18,6.533333333333333,2.223599607152272,0.04001940855860547,0.151953020635037,False,0.0550537109375,False
unpleasantness_z,dose,18,6.6,2.223011149229501,0.04006592787033582,0.151953020635037,False,0.0550537109375,False
unpleasantness_z,dose,18,6.666666666666667,2.220991962526147,0.04022593048406883,0.151953020635037,False,0.0550537109375,False
unpleasantness_z,dose,18,6.733333333333333,2.2270552313595458,0.03974723683743084,0.151953020635037,False,0.0550537109375,False
unpleasantness_z,dose,18,6.8,2.2294244747886633,0.03956162013858276,0.151953020635037,False,0.0550537109375,False
unpleasantness_z,dose,18,6.866666666666666,2.228213745673125,0.03965637352318003,0.151953020635037,False,0.0550537109375,False
unpleasantness_z,dose,18,6.933333333333334,2.23345728845336,0.03924751388566405,0.151953020635037,False,0.0550537109375,False
unpleasantness_z,dose,18,7.0,1.9916975488159787,0.06272017732703983,0.2023231526678704,False,,False
unpleasantness_z,dose,18,7.066666666666666,1.969072391366483,0.06546678201837912,0.20767358002233566,False,,False
unpleasantness_z,dose,18,7.133333333333334,1.9598266856077957,0.06661993795179023,0.20818730609934447,False,,False
unpleasantness_z,dose,18,7.2,1.9480824039057087,0.06811098068494319,0.2106525175822985,False,,False
unpleasantness_z,dose,18,7.266666666666667,1.9352314321298252,0.06977671490215376,0.2136021884759809,False,,False
unpleasantness_z,dose,18,7.333333333333333,1.9224771723759744,0.07146583729392869,0.21656314331493542,False,,False
unpleasantness_z,dose,18,7.4,1.9101098431785726,0.07313847837003239,0.21941543511009715,False,,False
unpleasantness_z,dose,18,7.466666666666667,1.8986746597804227,0.07471600258246029,0.22192872054196125,False,,False
unpleasantness_z,dose,18,7.533333333333333,1.8910442072832323,0.07578542517498767,0.222898309338199,False,,False
unpleasantness_z,dose,18,7.6,1.8801902147294602,0.07733007167151873,0.22390767785871743,False,,False
unpleasantness_z,dose,18,7.666666666666667,1.8664962260571663,0.07931870674129964,0.22662487640371323,False,,False
unpleasantness_z,dose,18,7.733333333333333,1.8502944979601244,0.08172991332375693,0.23131107544459506,False,,False
unpleasantness_z,dose,18,7.8,1.835492933841409,0.0839891346252708,0.23548355502412374,False,,False
unpleasantness_z,dose,18,7.866666666666666,1.8204847139726494,0.08633595418994958,0.23614446552524992,False,,False
unpleasantness_z,dose,18,7.933333333333334,1.8108081379126788,0.08787949529345397,0.23614446552524992,False,,False
unpleasantness_z,dose,18,8.0,1.7997124693053614,0.08967919465622387,0.23614446552524992,False,,False
unpleasantness_z,dose,18,8.066666666666666,1.791695443040113,0.0909995857420095,0.23614446552524992,False,,False
unpleasantness_z,dose,18,8.133333333333333,1.7833538067899495,0.09239148889231616,0.23614446552524992,False,,False
unpleasantness_z,dose,18,8.2,1.7761614463455646,0.09360654062532275,0.23614446552524992,False,,False
unpleasantness_z,dose,18,8.266666666666667,1.775449681568671,0.09372753978724477,0.23614446552524992,False,,False
unpleasantness_z,dose,18,8.333333333333334,1.7732071552967943,0.09410966065286436,0.23614446552524992,False,,False
unpleasantness_z,dose,18,8.4,1.773182958938427,0.09411379106231965,0.23614446552524992,False,,False
unpleasantness_z,dose,18,8.466666666666667,1.7681842453722623,0.094970492585993,0.23614446552524992,False,,False
unpleasantness_z,dose,18,8.533333333333333,1.7644105609661138,0.09562174478124387,0.23614446552524992,False,,False
unpleasantness_z,dose,18,8.6,1.7595966995899708,0.09645815962084388,0.23614446552524992,False,,False
unpleasantness_z,dose,18,8.666666666666666,1.7582282205929203,0.09669709590437063,0.23614446552524992,False,,False
unpleasantness_z,dose,18,8.733333333333333,1.7492173340812707,0.09828330982527744,0.23614446552524992,False,,False
unpleasantness_z,dose,18,8.8,1.7461447773270578,0.0988293349646654,0.23614446552524992,False,,False
unpleasantness_z,dose,18,8.866666666666667,1.7458120108942614,0.09888862906434864,0.23614446552524992,False,,False
unpleasantness_z,dose,18,8.933333333333334,1.7396156662875648,0.09999839102594107,0.23614446552524992,False,,False
unpleasantness_z,dose,18,9.0,1.7359406908873207,0.10066167629971313,0.23614446552524992,False,,False
unpleasantness_z,dose,18,9.066666666666666,1.7354254683055634,0.10075497195743997,0.23614446552524992,False,,False
unpleasantness_z,dose,18,9.133333333333333,1.729395602127063,0.10185244202356371,0.23686614424084584,False,,False
unpleasantness_z,dose,18,9.2,1.7231844772930474,0.10299372769876629,0.23707012537203953,False,,False
unpleasantness_z,dose,18,9.266666666666667,1.7203371094639426,0.10352062141245726,0.23707012537203953,False,,False
unpleasantness_z,dose,18,9.333333333333334,1.7121043649564056,0.10505720686070986,0.23876637922888608,False,,False
unpleasantness_z,dose,18,9.4,1.6997297509893448,0.10740393314730812,0.24226451085858974,False,,False
unpleasantness_z,dose,18,9.466666666666667,1.6847230327610712,0.11031038033697493,0.24696353806785434,False,,False
unpleasantness_z,dose,18,9.533333333333333,1.6731545364213094,0.1125969009652988,0.2501844834994047,False,,False
unpleasantness_z,dose,18,9.6,1.6631773308597184,0.11460148291912978,0.2501844834994047,False,,False
unpleasantness_z,dose,18,9.666666666666666,1.663494653803565,0.11453725942618405,0.2501844834994047,False,,False
unpleasantness_z,dose,18,9.733333333333333,1.6557251569801434,0.11611863931333768,0.25061576830216764,False,,False
unpleasantness_z,dose,18,9.8,1.6313448389303122,0.1212027882039959,0.25972026043713403,False,,False
unpleasantness_z,dose,18,9.866666666666667,1.6027311866634626,0.1274105629307235,0.27108630410792234,False,,False
unpleasantness_z,dose,18,9.933333333333334,1.5865726566381524,0.13103384481627608,0.27683206651325937,False,,False
unpleasantness_z,dose,18,10.0,1.5788476579228332,0.13279658964134233,0.27696874864012,False,,False
unpleasantness_z,dose,18,10.066666666666666,1.5609989311999009,0.13694604904482058,0.2833366531961805,False,,False
unpleasantness_z,dose,18,10.133333333333333,1.5487571662259978,0.13985459519603013,0.28737245588225374,False,,False
unpleasantness_z,dose,18,10.2,1.5400032486597404,0.14196607629854566,0.2897266863235626,False,,False
unpleasantness_z,dose,18,10.266666666666667,1.5257440530588844,0.14546253820487853,0.2948564963612403,False,,False
unpleasantness_z,dose,18,10.333333333333334,1.5127111880890916,0.14872086745511134,0.2981624548440161,False,,False
unpleasantness_z,dose,18,10.4,1.5059701087057737,0.15042989044232546,0.2981624548440161,False,,False
unpleasantness_z,dose,18,10.466666666666667,1.50470327330274,0.1507528779621621,0.2981624548440161,False,,False
unpleasantness_z,dose,18,10.533333333333333,1.4992212182832112,0.15215720715720976,0.2983474650141368,False,,False
unpleasantness_z,dose,18,10.6,1.4900192766985259,0.15453883895400938,0.3010496862740442,False,,False
unpleasantness_z,dose,18,10.666666666666666,1.4772556271407873,0.15789331345068608,0.30559996151745694,False,,False
unpleasantness_z,dose,18,10.733333333333333,1.45461337415854,0.16399177504031479,0.3153687981544515,False,,False
unpleasantness_z,dose,18,10.8,1.439205210926696,0.16825142205035742,0.31946472541207105,False,,False
unpleasantness_z,dose,18,10.866666666666667,1.4223947551702574,0.17300154055836936,0.3264180010535271,False,,False
unpleasantness_z,dose,18,10.933333333333334,1.404066124681546,0.1783045595056138,0.33432104907302584,False,,False
unpleasantness_z,dose,18,11.0,1.3858479424562713,0.18370550968987054,0.3423084031488271,False,,False
unpleasantness_z,dose,18,11.066666666666666,1.3680299792498782,0.189114797265072,0.34806404404614477,False,,False
unpleasantness_z,dose,18,11.133333333333333,1.3436628692497157,0.19671861506208033,0.35985112511356154,False,,False
unpleasantness_z,dose,18,11.2,1.3238351807987623,0.2030843272473749,0.3692442313588635,False,,False
unpleasantness_z,dose,18,11.266666666666667,1.2977668373922726,0.21170108839887655,0.3803013564051675,False,,False
unpleasantness_z,dose,18,11.333333333333334,1.2730844119178644,0.22012275153038033,0.3907504465036337,False,,False
unpleasantness_z,dose,18,11.4,1.2493823779943827,0.22845430979977083,0.4031546643525367,False,,False
unpleasantness_z,dose,18,11.466666666666667,1.2286111369301957,0.23595511049682308,0.41395633420495276,False,,False
unpleasantness_z,dose,18,11.533333333333333,1.214705981369926,0.24108166147811852,0.42049127001997416,False,,False
unpleasantness_z,dose,18,11.6,1.1849533829335257,0.2523372810254005,0.4350642776300008,False,,False
unpleasantness_z,dose,18,11.666666666666666,1.1619317766688106,0.2613172124610839,0.44797236421900105,False,,False
unpleasantness_z,dose,18,11.733333333333333,1.1393972653977273,0.27033833952404956,0.46080398782508447,False,,False
unpleasantness_z,dose,18,11.8,1.1227960572153728,0.27713171969992734,0.4697147791524192,False,,False
unpleasantness_z,dose,18,11.866666666666667,1.0910477847364826,0.2904748150310539,0.48886585206413014,False,,False
unpleasantness_z,dose,18,11.933333333333334,1.065678003829389,0.3014713983214916,0.5024523305358193,False,,False
unpleasantness_z,dose,18,12.0,1.0348703695966195,0.31522726879635987,0.5224761361265633,False,,False
unpleasantness_z,dose,18,12.066666666666666,0.9973644594037189,0.3325732326552148,0.5364084397664756,False,,False
unpleasantness_z,dose,18,12.133333333333333,0.9616237923958563,0.3497180657918818,0.5369729282066596,False,,False
unpleasantness_z,dose,18,12.2,0.9198670707323773,0.37051132046259516,0.5369729282066596,False,,False
unpleasantness_z,dose,18,12.266666666666667,0.887155153669773,0.38737440251314836,0.5533920035902119,False,,False
unpleasantness_z,dose,18,12.333333333333334,0.8517170912048208,0.40620982867235755,0.5721265192568415,False,,False
unpleasantness_z,dose,18,12.4,0.8265050942284363,0.4199672128953767,0.5860007621795954,False,,False
unpleasantness_z,dose,18,12.466666666666667,0.8015421803370656,0.433879239955209,0.5979821486296197,False,,False
unpleasantness_z,dose,18,12.533333333333333,0.7675562002875203,0.4532805950022591,0.6181099022758079,False,,False
unpleasantness_z,dose,18,12.6,0.7207064465210917,0.4808841217733142,0.6411788290310856,False,,False
unpleasantness_z,dose,18,12.666666666666666,0.6660740963813008,0.5143015237452563,0.6737574546881087,False,,False
unpleasantness_z,dose,18,12.733333333333333,0.6215548848287946,0.5424806123936418,0.6951194648337036,False,,False
unpleasantness_z,dose,18,12.8,0.5950164880805108,0.5596701222059031,0.7084431926657001,False,,False
unpleasantness_z,dose,18,12.866666666666667,0.5695952991408645,0.5764022555566878,0.7145482506901089,False,,False
unpleasantness_z,dose,18,12.933333333333334,0.5436271454334302,0.593756199481595,0.7300281141167152,False,,False
unpleasantness_z,dose,18,13.0,0.5107015381543695,0.6161278567390603,0.7513754350476346,False,,False
unpleasantness_z,dose,18,13.066666666666666,0.48026838504281283,0.6371583012086168,0.7707560095265527,False,,False
unpleasantness_z,dose,18,13.133333333333333,0.452022016359297,0.656967422923281,0.7883609075079372,False,,False
unpleasantness_z,dose,18,13.2,0.42422806667461066,0.6767193364497492,0.8003017025488999,False,,False
unpleasantness_z,dose,18,13.266666666666667,0.3971080710992739,0.6962290463314598,0.8112374995975564,False,,False
unpleasantness_z,dose,18,13.333333333333334,0.3609979015575378,0.7225480541912715,0.8305150048175535,False,,False
unpleasantness_z,dose,18,13.4,0.3135071613834274,0.7577093488490078,0.8481821069205311,False,,False
unpleasantness_z,dose,18,13.466666666666667,0.2856445021451059,0.7786016492368394,0.8574128444322847,False,,False
unpleasantness_z,dose,18,13.533333333333333,0.2801477105995035,0.7827445866632936,0.8574128444322847,False,,False
unpleasantness_z,dose,18,13.6,0.28318207998467965,0.7804567396084359,0.8574128444322847,False,,False
unpleasantness_z,dose,18,13.666666666666666,0.2796716250028286,0.7831037312481534,0.8574128444322847,False,,False
unpleasantness_z,dose,18,13.733333333333333,0.22438185779334888,0.825134858629999,0.8597916020568783,False,,False
unpleasantness_z,dose,18,13.8,0.14428372777384893,0.8869730920992465,0.9081635755282387,False,,False
unpleasantness_z,dose,18,13.866666666666667,0.06446339419784435,0.9493532186364371,0.9589426450873102,False,,False
unpleasantness_z,dose,18,13.933333333333334,0.027415158984553226,0.9784478690819031,0.9817202699818426,False,,False
unpleasantness_z,dose,18,14.0,2.4504998584177073e-06,0.9999980733105126,0.9999980733105125,False,,False
unpleasantness_z,dose,18,14.066666666666666,-0.03452114179574511,0.9728636848421108,0.9793929713175612,False,,False
unpleasantness_z,dose,18,14.133333333333333,-0.07604288779290375,0.9402727251738103,0.9529791133518348,False,,False
unpleasantness_z,dose,18,14.2,-0.10797786123989098,0.9152774301428839,0.9307906069249667,False,,False
unpleasantness_z,dose,18,14.266666666666667,-0.13633740899357086,0.8931560744697681,0.911383749458947,False,,False
unpleasantness_z,dose,18,14.333333333333334,-0.16878967232910236,0.867954100979916,0.8917336653903246,False,,False
unpleasantness_z,dose,18,14.4,-0.18742391278061818,0.8535470333088337,0.8799453951637461,False,,False
unpleasantness_z,dose,18,14.466666666666667,-0.20152299122222456,0.8426813205595756,0.8717392971305955,False,,False
unpleasantness_z,dose,18,14.533333333333333,-0.21957756356692826,0.8288150743724976,0.8603616688987864,False,,False
unpleasantness_z,dose,18,14.6,-0.2259961422996088,0.8238992095819608,0.8597916020568783,False,,False
unpleasantness_z,dose,18,14.666666666666666,-0.2308312387960288,0.8202010594570053,0.8597916020568783,False,,False
unpleasantness_z,dose,18,14.733333333333333,-0.2311854080198105,0.819930341288402,0.8597916020568783,False,,False
unpleasantness_z,dose,18,14.8,-0.22647575717173835,0.8235321814068545,0.8597916020568783,False,,False
unpleasantness_z,dose,18,14.866666666666667,-0.22403563169849064,0.8253999379746032,0.8597916020568783,False,,False
unpleasantness_z,dose,18,14.933333333333334,-0.23559099666137184,0.8165647848627577,0.8597916020568783,False,,False
unpleasantness_z,dose,18,15.0,-0.2496604676388416,0.8058416965624247,0.8597916020568783,False,,False
unpleasantness_z,dose,18,15.066666666666666,-0.2604443202111543,0.7976494927339336,0.8591388442699908,False,,False
unpleasantness_z,dose,18,15.133333333333333,-0.2586655601297515,0.7989991251710914,0.8591388442699908,False,,False
unpleasantness_z,dose,18,15.2,-0.262563848377758,0.796042163961481,0.8591388442699908,False,,False
unpleasantness_z,dose,18,15.266666666666667,-0.2538767725389983,0.8026358571311951,0.8597916020568783,False,,False
unpleasantness_z,dose,18,15.333333333333334,-0.26208683626043755,0.7964038206478263,0.8591388442699908,False,,False
unpleasantness_z,dose,18,15.4,-0.2740676325261976,0.7873349812545115,0.8589108886412853,False,,False
unpleasantness_z,dose,18,15.466666666666667,-0.2989161687823535,0.7686272427220898,0.8540302696912109,False,,False
unpleasantness_z,dose,18,15.533333333333333,-0.31529900099471675,0.7563721547365774,0.8481821069205311,False,,False
unpleasantness_z,dose,18,15.6,-0.3351393623999856,0.7416199387780847,0.8394627606390603,False,,False
unpleasantness_z,dose,18,15.666666666666666,-0.34077945452115543,0.7374448107024845,0.8394627606390603,False,,False
unpleasantness_z,dose,18,15.733333333333333,-0.35492821471943026,0.7270084330553712,0.8324524042618754,False,,False
unpleasantness_z,dose,18,15.8,-0.3613264743473839,0.7223068900700732,0.8305150048175535,False,,False
unpleasantness_z,dose,18,15.866666666666667,-0.3909520501948543,0.7006889057123816,0.8116087710954227,False,,False
unpleasantness_z,dose,18,15.933333333333334,-0.40129885975080526,0.693199467354828,0.8112374995975564,False,,False
unpleasantness_z,dose,18,16.0,-0.42301264843888897,0.6775887748247352,0.8003017025488999,False,,False
unpleasantness_z,dose,18,16.066666666666666,-0.4464149681755054,0.6609317250860368,0.7899582371546257,False,,False
unpleasantness_z,dose,18,16.133333333333333,-0.4421216953025294,0.6639741947484822,0.7904454699386693,False,,False
unpleasantness_z,dose,18,16.2,-0.39734176974245244,0.6960599625568904,0.8112374995975564,False,,False
unpleasantness_z,dose,18,16.266666666666666,-0.33149296402258976,0.7443236477666335,0.8394627606390603,False,,False
unpleasantness_z,dose,18,16.333333333333332,-0.30763149139262047,0.7620997067987302,0.8499253235673571,False,,False
unpleasantness_z,dose,18,16.4,-0.33331899031258305,0.7429692649501157,0.8394627606390603,False,,False
unpleasantness_z,dose,18,16.466666666666665,-0.39512532339541667,0.6976642496538985,0.8112374995975564,False,,False
unpleasantness_z,dose,18,16.533333333333335,-0.45837334965258775,0.6524895817726865,0.7861320262321523,False,,False
unpleasantness_z,dose,18,16.6,-0.5019316112847562,0.622154151317574,0.7556528153654746,False,,False
unpleasantness_z,dose,18,16.666666666666668,-0.5213478383770036,0.6088499712293711,0.7455305770155565,False,,False
unpleasantness_z,dose,18,16.733333333333334,-0.5480691659743846,0.5907692637847185,0.7293447701045908,False,,False
unpleasantness_z,dose,18,16.8,-0.5709106150020073,0.5755302371069454,0.7145482506901089,False,,False
unpleasantness_z,dose,18,16.866666666666667,-0.5816235976374555,0.5684532338975524,0.7125274271200729,False,,False
unpleasantness_z,dose,18,16.933333333333334,-0.5792429867662507,0.5700219416960584,0.7125274271200729,False,,False
unpleasantness_z,dose,18,17.0,-0.5886899691017728,0.5638101285545049,0.7106850359930734,False,,False
unpleasantness_z,dose,18,17.066666666666666,-0.6121922831199279,0.5485121097798489,0.6972611564998079,False,,False
unpleasantness_z,dose,18,17.133333333333333,-0.6197546322827986,0.5436375521515474,0.6951194648337036,False,,False
unpleasantness_z,dose,18,17.2,-0.6183980524885339,0.5445102474530678,0.6951194648337036,False,,False
unpleasantness_z,dose,18,17.266666666666666,-0.6191890649495735,0.5440012925044602,0.6951194648337036,False,,False
unpleasantness_z,dose,18,17.333333333333332,-0.6334408935215452,0.5348757368361838,0.694643814072966,False,,False
unpleasantness_z,dose,18,17.4,-0.6484541852070984,0.5253543676124395,0.6852448273205731,False,,False
unpleasantness_z,dose,18,17.466666666666665,-0.6745626968534866,0.5090240667589776,0.6697685088933916,False,,False
unpleasantness_z,dose,18,17.533333333333335,-0.7040638484448195,0.4909256713096705,0.6488004466647628,False,,False
unpleasantness_z,dose,18,17.6,-0.710700036208893,0.4869069648537111,0.646336679009351,False,,False
unpleasantness_z,dose,18,17.666666666666668,-0.7298576420818901,0.475414948359907,0.6367164486963041,False,,False
unpleasantness_z,dose,18,17.733333333333334,-0.7380495143546147,0.4705508075271031,0.6355341934240148,False,,False
unpleasantness_z,dose,18,17.8,-0.7349060881776198,0.47241375044518435,0.6355341934240148,False,,False
unpleasantness_z,dose,18,17.866666666666667,-0.7493266170524606,0.4639039586233455,0.6297338804841794,False,,False
unpleasantness_z,dose,18,17.933333333333334,-0.7776946588114364,0.44743764670862607,0.6129282831625015,False,,False
unpleasantness_z,dose,18,18.0,-0.8003804361832919,0.434533694670857,0.5979821486296197,False,,False
unpleasantness_z,dose,18,18.066666666666666,-0.8071635595720862,0.43072128637006224,0.5979821486296197,False,,False
unpleasantness_z,dose,18,18.133333333333333,-0.8339077117790764,0.4158971673492493,0.5830334121718448,False,,False
unpleasantness_z,dose,18,18.2,-0.8610542757735069,0.40119003695335803,0.5677217504056953,False,,False
unpleasantness_z,dose,18,18.266666666666666,-0.879485172617127,0.3914011068110068,0.5564944646601993,False,,False
unpleasantness_z,dose,18,18.333333333333332,-0.894918898648336,0.38332661365214543,0.5502295889743715,False,,False
unpleasantness_z,dose,18,18.4,-0.8997961035790969,0.38079827344249795,0.5492282790036028,False,,False
unpleasantness_z,dose,18,18.466666666666665,-0.9213373448196469,0.3697652200523851,0.5369729282066596,False,,False
unpleasantness_z,dose,18,18.533333333333335,-0.9305146579145964,0.3651311547965466,0.5369729282066596,False,,False
unpleasantness_z,dose,18,18.6,-0.9331641205278864,0.36380069848000257,0.5369729282066596,False,,False
unpleasantness_z,dose,18,18.666666666666668,-0.9307667127532585,0.36500444031107104,0.5369729282066596,False,,False
unpleasantness_z,dose,18,18.733333333333334,-0.9314921647182709,0.364639903979861,0.5369729282066596,False,,False
unpleasantness_z,dose,18,18.8,-0.9255911321872804,0.3676123438126547,0.5369729282066596,False,,False
unpleasantness_z,dose,18,18.866666666666667,-0.9294356388854756,0.36567394406018555,0.5369729282066596,False,,False
unpleasantness_z,dose,18,18.933333333333334,-0.9322346622461588,0.36426705921858454,0.5369729282066596,False,,False
unpleasantness_z,dose,18,19.0,-0.9398337060361179,0.36046614412877487,0.5369729282066596,False,,False
unpleasantness_z,dose,18,19.066666666666666,-0.9352198377427186,0.36277067763465554,0.5369729282066596,False,,False
unpleasantness_z,dose,18,19.133333333333333,-0.9374602590731362,0.3616503792225112,0.5369729282066596,False,,False
unpleasantness_z,dose,18,19.2,-0.9518549834213768,0.35450890134366203,0.5369729282066596,False,,False
unpleasantness_z,dose,18,19.266666666666666,-0.9656743028814934,0.34774480057602436,0.5369729282066596,False,,False
unpleasantness_z,dose,18,19.333333333333332,-0.9712391964042302,0.3450463902567214,0.5369729282066596,False,,False
unpleasantness_z,dose,18,19.4,-0.9691490092454896,0.3460582083529672,0.5369729282066596,False,,False
unpleasantness_z,dose,18,19.466666666666665,-0.9855057753094879,0.3381951834172839,0.5369729282066596,False,,False
unpleasantness_z,dose,18,19.533333333333335,-0.9774422656794156,0.34205572584069677,0.5369729282066596,False,,False
unpleasantness_z,dose,18,19.6,-0.9726391581746264,0.3443698476474882,0.5369729282066596,False,,False
unpleasantness_z,dose,18,19.666666666666668,-0.9851513135465322,0.33836424475451676,0.5369729282066596,False,,False
unpleasantness_z,dose,18,19.733333333333334,-0.9980953950334696,0.3322288757382556,0.5364084397664756,False,,False
unpleasantness_z,dose,18,19.8,-1.002196274718173,0.33030153493986625,0.5364084397664756,False,,False
unpleasantness_z,dose,18,19.866666666666667,-1.0108874846516205,0.32624293871719057,0.5348244897003124,False,,False
unpleasantness_z,dose,18,19.933333333333334,-1.014376190180107,0.3246237687300013,0.5348244897003124,False,,False
pleasantness_z,state,18,0.0,-0.5114735837192875,0.6155986820966476,0.710306171649978,False,,False
pleasantness_z,state,18,0.06666666666666667,-0.523966632959247,0.6070661549402344,0.710306171649978,False,,False
pleasantness_z,state,18,0.13333333333333333,-0.5156079504299664,0.6127686215651235,0.710306171649978,False,,False
pleasantness_z,state,18,0.2,-0.4847204788379137,0.6340611775770268,0.7205240654284396,False,,False
pleasantness_z,state,18,0.26666666666666666,-0.4427013041824763,0.6635630949377697,0.7483794303809432,False,,False
pleasantness_z,state,18,0.3333333333333333,-0.3996464266196856,0.6943933989989189,0.7773060436555063,False,,False
pleasantness_z,state,18,0.4,-0.33950664062490166,0.7383862901572488,0.8084521425079366,False,,False
pleasantness_z,state,18,0.4666666666666667,-0.2762750930226384,0.7856674302138117,0.8417865323719411,False,,False
pleasantness_z,state,18,0.5333333333333333,-0.22228103006089842,0.8267436379071007,0.8733207442680642,False,,False
pleasantness_z,state,18,0.6,-0.15763324168245416,0.8766029871726777,0.9068306763855287,False,,False
pleasantness_z,state,18,0.6666666666666666,-0.10093952001024777,0.9207794027883798,0.9395708191718161,False,,False
pleasantness_z,state,18,0.7333333333333333,-0.06210295653922608,0.9512051667128719,0.9640592905873702,False,,False
pleasantness_z,state,18,0.8,-0.0022441188146674717,0.998235577826546,0.9982355778265461,False,,False
pleasantness_z,state,18,0.8666666666666667,0.051539262038080444,0.9594965785922821,0.9659361529452504,False,,False
pleasantness_z,state,18,0.9333333333333333,0.10891641647294487,0.9145440759934028,0.9395708191718161,False,,False
pleasantness_z,state,18,1.0,0.16221851622878286,0.8730462980719772,0.9068306763855287,False,,False
pleasantness_z,state,18,1.0666666666666667,0.2064255712577104,0.8389105767691691,0.8799761294781495,False,,False
pleasantness_z,state,18,1.1333333333333333,0.2511659009970494,0.8046966385517329,0.8560602537784393,False,,False
pleasantness_z,state,18,1.2,0.2930857222071961,0.7730041280326372,0.8341771165819826,False,,False
pleasantness_z,state,18,1.2666666666666666,0.3152979022260495,0.7563729744702248,0.8221445374676357,False,,False
pleasantness_z,state,18,1.3333333333333333,0.345246665943464,0.7341438951004432,0.8084521425079366,False,,False
pleasantness_z,state,18,1.4,0.39188736268972874,0.7000105686289657,0.7777895206988509,False,,False
pleasantness_z,state,18,1.4666666666666666,0.4916344949211321,0.6292652430405288,0.7205240654284396,False,,False
pleasantness_z,state,18,1.5333333333333334,0.553290936194189,0.5872676684616858,0.6936232304665579,False,,False
pleasantness_z,state,18,1.6,0.5985882774675617,0.557339900263184,0.6634998812656953,False,,False
pleasantness_z,state,18,1.6666666666666667,0.6217766781055967,0.542338168660253,0.6508058023923036,False,,False
pleasantness_z,state,18,1.7333333333333334,0.6424203482915436,0.5291696137458551,0.6475275734156073,False,,False
pleasantness_z,state,18,1.8,0.635519510202197,0.5335518456416384,0.6475275734156073,False,,False
pleasantness_z,state,18,1.8666666666666667,0.6410930393016866,0.5300109405615184,0.6475275734156073,False,,False
pleasantness_z,state,18,1.9333333333333333,0.6327918940619218,0.5352894606902353,0.6475275734156073,False,,False
pleasantness_z,state,18,2.0,0.7051401464766588,0.4902725749047007,0.6128407186308759,False,,False
pleasantness_z,state,18,2.066666666666667,0.7482675084491972,0.46452577488076247,0.5855366910261712,False,,False
pleasantness_z,state,18,2.1333333333333333,0.7676286869904462,0.45323865375809486,0.5852347731777775,False,,False
pleasantness_z,state,18,2.2,0.7483114042000663,0.4644999930819477,0.5855366910261712,False,,False
pleasantness_z,state,18,2.2666666666666666,0.7712797807017588,0.4511292000464219,0.5852347731777775,False,,False
pleasantness_z,state,18,2.3333333333333335,0.7620334247614876,0.45648312307866645,0.5852347731777775,False,,False
pleasantness_z,state,18,2.4,0.7694224454195009,0.45220153524635265,0.5852347731777775,False,,False
pleasantness_z,state,18,2.466666666666667,0.7787392418102679,0.4468383001568879,0.5852347731777775,False,,False
pleasantness_z,state,18,2.533333333333333,0.8401199366397019,0.4125012727578908,0.552457061729318,False,,False
pleasantness_z,state,18,2.6,0.8587437493588884,0.40242841180262834,0.5438221781116599,False,,False
pleasantness_z,state,18,2.6666666666666665,0.8779839545019585,0.3921924703280818,0.534807914083748,False,,False
pleasantness_z,state,18,2.7333333333333334,0.8939609589537614,0.38382452323177835,0.5281988851813464,False,,False
pleasantness_z,state,18,2.8,0.9120035847641229,0.37451898652413423,0.5201652590612975,False,,False
pleasantness_z,state,18,2.8666666666666667,0.9242568853838141,0.3682866991102479,0.5162897651078242,False,,False
pleasantness_z,state,18,2.933333333333333,0.950523853956715,0.3551651989397047,0.5025922626505256,False,,False
pleasantness_z,state,18,3.0,0.963335144704701,0.34888341218447866,0.49840487454925525,False,,False
pleasantness_z,state,18,3.066666666666667,0.9812523038236669,0.3402277899144784,0.49071315853049763,False,,False
pleasantness_z,state,18,3.1333333333333333,0.9946663238731906,0.3338465480634143,0.4861842932962344,False,,False
pleasantness_z,state,18,3.2,1.0074044841641798,0.3278651603066409,0.48215464750976605,False,,False
pleasantness_z,state,18,3.2666666666666666,1.0197078561644792,0.3221602798994073,0.47845586123674355,False,,False
pleasantness_z,state,18,3.3333333333333335,1.0284685424329592,0.31814135317123493,0.4772120297568524,False,,False
pleasantness_z,state,18,3.4,1.0397331386785613,0.3130265671472783,0.47428267749587616,False,,False
pleasantness_z,state,18,3.466666666666667,1.052720165072439,0.30720327027695127,0.4702090871585988,False,,False
pleasantness_z,state,18,3.533333333333333,1.0834807446176327,0.2937235773257861,0.45421171751410216,False,,False
pleasantness_z,state,18,3.6,1.0917109518266654,0.2901913576711924,0.45342399636123815,False,,False
pleasantness_z,state,18,3.6666666666666665,1.1055364278350606,0.2843281052077549,0.4489391134859288,False,,False
pleasantness_z,state,18,3.7333333333333334,1.130152945653625,0.274105707241785,0.4374027243219974,False,,False
pleasantness_z,state,18,3.8,1.175068537955496,0.25616391534928656,0.41316760540207514,False,,False
pleasantness_z,state,18,3.8666666666666667,1.2483634386748244,0.22881789866163338,0.39003050908232967,False,,False
pleasantness_z,state,18,3.933333333333333,1.2622691746315065,0.2238945347670946,0.39003050908232967,False,,False
pleasantness_z,state,18,4.0,1.220753482690997,0.23884165162234228,0.39806941937057044,False,,False
pleasantness_z,state,18,4.066666666666666,1.2026976230344055,0.2455773262370839,0.4003978145169846,False,,False
pleasantness_z,state,18,4.133333333333334,1.2049212551393649,0.24474004463395485,0.4003978145169846,False,,False
pleasantness_z,state,18,4.2,1.2271296012825217,0.23649729195759991,0.39806941937057044,False,,False
pleasantness_z,state,18,4.266666666666667,1.255145131455653,0.2264064180197951,0.39003050908232967,False,,False
pleasantness_z,state,18,4.333333333333333,1.2940711575495,0.21294567265994255,0.3757864811646045,False,,False
pleasantness_z,state,18,4.4,1.328949793205235,0.20142681304951662,0.35969073758842257,False,,False
pleasantness_z,state,18,4.466666666666667,1.3366847904127368,0.19894055005691175,0.3595311145606839,False,,False
pleasantness_z,state,18,4.533333333333333,1.3442913718612266,0.1965194654368907,0.3594868270187025,False,,False
pleasantness_z,state,18,4.6,1.3610449086008674,0.1912699948011911,0.35420369407627983,False,,False
pleasantness_z,state,18,4.666666666666667,1.369881518452339,0.18854679966453897,0.35352524937101054,False,,False
pleasantness_z,state,18,4.733333333333333,1.4093643398655766,0.17675824126637105,0.35352524937101054,False,,False
pleasantness_z,state,18,4.8,1.415808319364592,0.17489222143619357,0.35352524937101054,False,,False
pleasantness_z,state,18,4.866666666666666,1.4087476929108131,0.1769376518967095,0.35352524937101054,False,,False
pleasantness_z,state,18,4.933333333333334,1.4097842964213831,0.17663614139985234,0.35352524937101054,False,,False
pleasantness_z,state,18,5.0,1.405424337953394,0.1779071139992007,0.35352524937101054,False,,False
pleasantness_z,state,18,5.066666666666666,1.398845893185095,0.17983882956996575,0.35352524937101054,False,,False
pleasantness_z,state,18,5.133333333333334,1.3853756163302386,0.18384727358870664,0.35352524937101054,False,,False
pleasantness_z,state,18,5.2,1.3813981132164472,0.1850445858837,0.35352524937101054,False,,False
pleasantness_z,state,18,5.266666666666667,1.3866612775908806,0.1834616022039,0.35352524937101054,False,,False
pleasantness_z,state,18,5.333333333333333,1.3843100140089475,0.18416742763312108,0.35352524937101054,False,,False
pleasantness_z,state,18,5.4,1.3807618330971956,0.1852367017058021,0.35352524937101054,False,,False
pleasantness_z,state,18,5.466666666666667,1.379523901172562,0.18561093852659763,0.35352524937101054,False,,False
pleasantness_z,state,18,5.533333333333333,1.3719153077411752,0.1879244743819756,0.35352524937101054,False,,False
pleasantness_z,state,18,5.6,1.3750861561271095,0.18695751382443399,0.35352524937101054,False,,False
pleasantness_z,state,18,5.666666666666667,1.3802185906058875,0.18540085334075881,0.35352524937101054,False,,False
pleasantness_z,state,18,5.733333333333333,1.392676808085642,0.1816657410959809,0.35352524937101054,False,,False
pleasantness_z,state,18,5.8,1.4155672753222717,0.17496173237948814,0.35352524937101054,False,,False
pleasantness_z,state,18,5.866666666666666,1.4438382363476019,0.16696118368618248,0.35352524937101054,False,,False
pleasantness_z,state,18,5.933333333333334,1.446060643030869,0.1663451535801055,0.35352524937101054,False,,False
pleasantness_z,state,18,6.0,1.48982826284404,0.15458860207583336,0.35352524937101054,False,,False
pleasantness_z,state,18,6.066666666666666,1.4578376825953492,0.16311169542499782,0.35352524937101054,False,,False
pleasantness_z,state,18,6.133333333333334,1.4195256838662673,0.17382307057910282,0.35352524937101054,False,,False
pleasantness_z,state,18,6.2,1.4079995119529227,0.17715553024966302,0.35352524937101054,False,,False
pleasantness_z,state,18,6.266666666666667,1.4190737192750782,0.17395277528359535,0.35352524937101054,False,,False
pleasantness_z,state,18,6.333333333333333,1.4976778590720885,0.152554519338319,0.35352524937101054,False,,False
pleasantness_z,state,18,6.4,1.5284679415868974,0.14478911960608506,0.35352524937101054,False,,False
pleasantness_z,state,18,6.466666666666667,1.5595386746890822,0.13729030266671863,0.35352524937101054,False,,False
pleasantness_z,state,18,6.533333333333333,1.5875047227034167,0.13082250189910094,0.35352524937101054,False,,False
pleasantness_z,state,18,6.6,1.6046517078114793,0.12698561632379077,0.35352524937101054,False,,False
pleasantness_z,state,18,6.666666666666667,1.6292093315234928,0.12165702641881541,0.35352524937101054,False,,False
pleasantness_z,state,18,6.733333333333333,1.6512640003533432,0.11703507184584934,0.35352524937101054,False,,False
pleasantness_z,state,18,6.8,1.6756747631331752,0.11209533609116602,0.35029792528489384,False,,False
pleasantness_z,state,18,6.866666666666666,1.692359071366857,0.10882310254136592,0.3473077740681891,False,,False
pleasantness_z,state,18,6.933333333333334,1.711123547381318,0.10524157844512587,0.34317906014714955,False,,False
pleasantness_z,state,18,7.0,1.7318526229721036,0.10140400443763221,0.3380133481254407,False,,False
pleasantness_z,state,18,7.066666666666666,1.7526522036804022,0.09767600739731615,0.3329863888544869,False,,False
pleasantness_z,state,18,7.133333333333334,1.7777354476315217,0.09333944694473617,0.3256027219002425,False,,False
pleasantness_z,state,18,7.2,1.7905213461998406,0.09119438078752394,0.3256027219002425,False,,False
pleasantness_z,state,18,7.266666666666667,1.8070275434444851,0.08848910677392854,0.323740634538763,False,,False
pleasantness_z,state,18,7.333333333333333,1.8313575513760154,0.0846301016558276,0.3173628812093535,False,,False
pleasantness_z,state,18,7.4,1.8547741450487616,0.08105683395555945,0.31175705367522866,False,,False
pleasantness_z,state,18,7.466666666666667,1.8842880360661016,0.0767436504505419,0.30293546230477064,False,,False
pleasantness_z,state,18,7.533333333333333,1.9192274355498342,0.07190201474308637,0.2914946543638637,False,,False
pleasantness_z,state,18,7.6,1.9546839379424674,0.06726921648682839,0.2802884020284516,False,,False
pleasantness_z,state,18,7.666666666666667,1.990984281211906,0.0628051568485048,0.2691649579221634,False,,False
pleasantness_z,state,18,7.733333333333333,2.0318239222459527,0.058103253781646026,0.2563378843307913,False,,False
pleasantness_z,state,18,7.8,2.083818728874835,0.052578929240653945,0.23899513291206337,False,,False
pleasantness_z,state,18,7.866666666666666,2.143092766996072,0.046867515145776,0.219691477245825,False,0.0760650634765625,False
pleasantness_z,state,18,7.933333333333334,2.193954401992676,0.04242601006269108,0.20528714546463428,False,0.0760650634765625,False
pleasantness_z,state,18,8.0,2.2276857523903644,0.03969776067402812,0.19848880337014058,False,0.0760650634765625,False
pleasantness_z,state,18,8.066666666666666,2.2486181930083307,0.03808718972827207,0.19751606805086175,False,0.0760650634765625,False
pleasantness_z,state,18,8.133333333333333,2.2658643816074706,0.03680593405750316,0.19751606805086175,False,0.0760650634765625,False
pleasantness_z,state,18,8.2,2.2478006692512036,0.038148939085639266,0.19751606805086175,False,0.0760650634765625,False
pleasantness_z,state,18,8.266666666666667,2.247304780232506,0.03818643982316661,0.19751606805086175,False,0.0760650634765625,False
pleasantness_z,state,18,8.333333333333334,2.2581385843479667,0.03737487816223462,0.19751606805086175,False,0.0760650634765625,False
pleasantness_z,state,18,8.4,2.2731110298893835,0.03627958675876895,0.19751606805086175,False,0.0760650634765625,False
pleasantness_z,state,18,8.466666666666667,2.2874554924333292,0.03525824698497525,0.19751606805086175,False,0.0760650634765625,False
pleasantness_z,state,18,8.533333333333333,2.2710193016546376,0.036430794099039994,0.19751606805086175,False,0.0760650634765625,False
pleasantness_z,state,18,8.6,2.2708626845320805,0.036442139175935896,0.19751606805086175,False,0.0760650634765625,False
pleasantness_z,state,18,8.666666666666666,2.2885407568830987,0.03518207239451491,0.19751606805086175,False,0.0760650634765625,False
pleasantness_z,state,18,8.733333333333333,2.3041690125097793,0.03410195837168335,0.19751606805086175,False,0.0760650634765625,False
pleasantness_z,state,18,8.8,2.3201045854062317,0.03303244806049025,0.19751606805086175,False,0.0760650634765625,False
pleasantness_z,state,18,8.866666666666667,2.35020055678211,0.031097372751243475,0.19751606805086175,False,0.0760650634765625,False
pleasantness_z,state,18,8.933333333333334,2.3686485001248694,0.029964137096979104,0.19751606805086175,False,0.0760650634765625,False
pleasantness_z,state,18,9.0,2.3981292243195003,0.028233107135203352,0.19751606805086175,False,0.0760650634765625,False
pleasantness_z,state,18,9.066666666666666,2.4152950909000164,0.027268849326470997,0.19751606805086175,False,0.0760650634765625,False
pleasantness_z,state,18,9.133333333333333,2.4508866074335938,0.025367337405091454,0.19751606805086175,False,0.0760650634765625,False
pleasantness_z,state,18,9.2,2.4597610460153345,0.024913048054363993,0.19751606805086175,False,0.0760650634765625,False
pleasantness_z,state,18,9.266666666666667,2.4708570773397454,0.024355821945683163,0.19751606805086175,False,0.0760650634765625,False
pleasantness_z,state,18,9.333333333333334,2.476092112706392,0.024097028462986277,0.19751606805086175,False,0.0760650634765625,False
pleasantness_z,state,18,9.4,2.477376416166364,0.0240339367110935,0.19751606805086175,False,0.0760650634765625,False
pleasantness_z,state,18,9.466666666666667,2.4874172440577063,0.023546027681887717,0.19751606805086175,False,0.0760650634765625,False
pleasantness_z,state,18,9.533333333333333,2.4624347404622773,0.02477769007439661,0.19751606805086175,False,0.0760650634765625,False
pleasantness_z,state,18,9.6,2.3931151820294456,0.028520743338085953,0.19751606805086175,False,0.0760650634765625,False
pleasantness_z,state,18,9.666666666666666,2.3813861962933585,0.02920435756297587,0.19751606805086175,False,0.0760650634765625,False
pleasantness_z,state,18,9.733333333333333,2.4059539457138506,0.027789665780529802,0.19751606805086175,False,0.0760650634765625,False
pleasantness_z,state,18,9.8,2.410906917448108,0.027512360004862776,0.19751606805086175,False,0.0760650634765625,False
pleasantness_z,state,18,9.866666666666667,2.4269142001009376,0.026633820759675197,0.19751606805086175,False,0.0760650634765625,False
pleasantness_z,state,18,9.933333333333334,2.4363018521150925,0.026130934102072092,0.19751606805086175,False,0.0760650634765625,False
pleasantness_z,dose,18,0.0,0.42756543509211686,0.6743343983856119,0.9424554955359026,False,,False
pleasantness_z,dose,18,0.06666666666666667,0.2964538094352469,0.7704747517500755,0.9424554955359026,False,,False
pleasantness_z,dose,18,0.13333333333333333,0.1876351559480623,0.8533840052435141,0.9771229479278339,False,,False
pleasantness_z,dose,18,0.2,0.07448855878243246,0.9414911470443699,0.9963294126272106,False,,False
pleasantness_z,dose,18,0.26666666666666666,-0.03237275244912131,0.9745518414945612,0.9984712661301145,False,,False
pleasantness_z,dose,18,0.3333333333333333,-0.14829974288825215,0.8838510799772631,0.9820567555302923,False,,False
pleasantness_z,dose,18,0.4,-0.2564896625189758,0.8006509756854606,0.9424554955359026,False,,False
pleasantness_z,dose,18,0.4666666666666667,-0.36783012026869866,0.7175395989558707,0.9424554955359026,False,,False
pleasantness_z,dose,18,0.5333333333333333,-0.4920267742111897,0.6289936446355823,0.9424554955359026,False,,False
pleasantness_z,dose,18,0.6,-0.5915604274219086,0.5619297384804957,0.9424554955359026,False,,False
pleasantness_z,dose,18,0.6666666666666666,-0.6910433773992984,0.49886673152282,0.9424554955359026,False,,False
pleasantness_z,dose,18,0.7333333333333333,-0.821931653698063,0.4224944544473343,0.9424554955359026,False,,False
pleasantness_z,dose,18,0.8,-0.8970318169970501,0.3822299046435727,0.9424554955359026,False,,False
pleasantness_z,dose,18,0.8666666666666667,-0.9610076928911364,0.35001888521763513,0.9424554955359026,False,,False
pleasantness_z,dose,18,0.9333333333333333,-1.007049113503861,0.32803099589305756,0.9424554955359026,False,,False
pleasantness_z,dose,18,1.0,-1.0459470860550546,0.31023045360024537,0.9424554955359026,False,,False
pleasantness_z,dose,18,1.0666666666666667,-1.076273031984252,0.29684269978256245,0.9424554955359026,False,,False
pleasantness_z,dose,18,1.1333333333333333,-1.1041774359022334,0.2849005410431827,0.9424554955359026,False,,False
pleasantness_z,dose,18,1.2,-1.1318644024054985,0.2734052965446384,0.9424554955359026,False,,False
pleasantness_z,dose,18,1.2666666666666666,-1.1589804434469306,0.26248564296762356,0.9424554955359026,False,,False
pleasantness_z,dose,18,1.3333333333333333,-1.1812918163986652,0.2537496589261349,0.9424554955359026,False,,False
pleasantness_z,dose,18,1.4,-1.215895043562767,0.24063996061997073,0.9424554955359026,False,,False
pleasantness_z,dose,18,1.4666666666666666,-1.2640940097223157,0.2232546181136491,0.9424554955359026,False,,False
pleasantness_z,dose,18,1.5333333333333334,-1.2663726871685967,0.2224575555569056,0.9424554955359026,False,,False
pleasantness_z,dose,18,1.6,-1.2614212898388306,0.224192349327125,0.9424554955359026,False,,False
pleasantness_z,dose,18,1.6666666666666667,-1.2561092170925046,0.22606521176911762,0.9424554955359026,False,,False
pleasantness_z,dose,18,1.7333333333333334,-1.2441660789009803,0.23032038106735203,0.9424554955359026,False,,False
pleasantness_z,dose,18,1.8,-1.2315152508110934,0.23489510490682527,0.9424554955359026,False,,False
pleasantness_z,dose,18,1.8666666666666667,-1.2239178026069435,0.23767597501138657,0.9424554955359026,False,,False
pleasantness_z,dose,18,1.9333333333333333,-1.2328801200546373,0.2343981968745263,0.9424554955359026,False,,False
pleasantness_z,dose,18,2.0,-1.0785624630362074,0.2958493460904292,0.9424554955359026,False,,False
pleasantness_z,dose,18,2.066666666666667,-1.0128853154043622,0.3253150111761995,0.9424554955359026,False,,False
pleasantness_z,dose,18,2.1333333333333333,-0.9999471454480846,0.33135760701944833,0.9424554955359026,False,,False
pleasantness_z,dose,18,2.2,-0.9835109247206492,0.3391474021119762,0.9424554955359026,False,,False
pleasantness_z,dose,18,2.2666666666666666,-0.9553893720819283,0.35277036667836437,0.9424554955359026,False,,False
pleasantness_z,dose,18,2.3333333333333335,-0.9309608165623265,0.36490687971715235,0.9424554955359026,False,,False
pleasantness_z,dose,18,2.4,-0.9075854406199955,0.37678349330639793,0.9424554955359026,False,,False
pleasantness_z,dose,18,2.466666666666667,-0.901946757983502,0.379686930012154,0.9424554955359026,False,,False
pleasantness_z,dose,18,2.533333333333333,-0.8822253060891848,0.38995937877487674,0.9424554955359026,False,,False
pleasantness_z,dose,18,2.6,-0.8687567036915373,0.3970798035512013,0.9424554955359026,False,,False
pleasantness_z,dose,18,2.6666666666666665,-0.8489255623778416,0.407718498023587,0.9424554955359026,False,,False
pleasantness_z,dose,18,2.7333333333333334,-0.8241897082521175,0.4212454618692614,0.9424554955359026,False,,False
pleasantness_z,dose,18,2.8,-0.7908358172900715,0.4399340370788155,0.9424554955359026,False,,False
pleasantness_z,dose,18,2.8666666666666667,-0.7640325986900189,0.45532225026116824,0.9424554955359026,False,,False
pleasantness_z,dose,18,2.933333333333333,-0.7548874498784913,0.4606474246568828,0.9424554955359026,False,,False
pleasantness_z,dose,18,3.0,-0.7366786135203515,0.4713627239981606,0.9424554955359026,False,,False
pleasantness_z,dose,18,3.066666666666667,-0.7232147519682915,0.4793813361134823,0.9424554955359026,False,,False
pleasantness_z,dose,18,3.1333333333333333,-0.7132082974082073,0.48539308455468044,0.9424554955359026,False,,False
pleasantness_z,dose,18,3.2,-0.7171200581644697,0.4830376646444525,0.9424554955359026,False,,False
pleasantness_z,dose,18,3.2666666666666666,-0.7244573188026012,0.4786379206720985,0.9424554955359026,False,,False
pleasantness_z,dose,18,3.3333333333333335,-0.7279971586284224,0.476523837660293,0.9424554955359026,False,,False
pleasantness_z,dose,18,3.4,-0.7366974943542751,0.47135153609979785,0.9424554955359026,False,,False
pleasantness_z,dose,18,3.466666666666667,-0.7475056210881194,0.4649734012642166,0.9424554955359026,False,,False
pleasantness_z,dose,18,3.533333333333333,-0.7629185516176915,0.45596892729693794,0.9424554955359026,False,,False
pleasantness_z,dose,18,3.6,-0.7817807913841085,0.44509599960533014,0.9424554955359026,False,,False
pleasantness_z,dose,18,3.6666666666666665,-0.7956162489591725,0.4372240375355439,0.9424554955359026,False,,False
pleasantness_z,dose,18,3.7333333333333334,-0.8147616991297598,0.4264760107094666,0.9424554955359026,False,,False
pleasantness_z,dose,18,3.8,-0.8262920028797383,0.4200847497592479,0.9424554955359026,False,,False
pleasantness_z,dose,18,3.8666666666666667,-0.8293203478009273,0.4184163545998563,0.9424554955359026,False,,False
pleasantness_z,dose,18,3.933333333333333,-0.8296399494628244,0.41824052598509853,0.9424554955359026,False,,False
pleasantness_z,dose,18,4.0,-0.8308891831534789,0.417553716125351,0.9424554955359026,False,,False
pleasantness_z,dose,18,4.066666666666666,-0.8460389961077116,0.4092823536705089,0.9424554955359026,False,,False
pleasantness_z,dose,18,4.133333333333334,-0.84901361019125,0.40767085742970693,0.9424554955359026,False,,False
pleasantness_z,dose,18,4.2,-0.8592507136961139,0.4021564798992327,0.9424554955359026,False,,False
pleasantness_z,dose,18,4.266666666666667,-0.8680804015063287,0.39743958518728706,0.9424554955359026,False,,False
pleasantness_z,dose,18,4.333333333333333,-0.8937479398425185,0.38393530308837515,0.9424554955359026,False,,False
pleasantness_z,dose,18,4.4,-0.9094396154432692,0.37583202232037805,0.9424554955359026,False,,False
pleasantness_z,dose,18,4.466666666666667,-0.920151589301933,0.37036686013689646,0.9424554955359026,False,,False
pleasantness_z,dose,18,4.533333333333333,-0.9215706338219694,0.3696469296151632,0.9424554955359026,False,,False
pleasantness_z,dose,18,4.6,-0.9191268563341458,0.3708873326567791,0.9424554955359026,False,,False
pleasantness_z,dose,18,4.666666666666667,-0.9187204058800453,0.37109391009242015,0.9424554955359026,False,,False
pleasantness_z,dose,18,4.733333333333333,-0.9313535626191055,0.36470953173740994,0.9424554955359026,False,,False
pleasantness_z,dose,18,4.8,-0.9338038689721508,0.363479937842839,0.9424554955359026,False,,False
pleasantness_z,dose,18,4.866666666666666,-0.9296707241617012,0.3655556401077329,0.9424554955359026,False,,False
pleasantness_z,dose,18,4.933333333333334,-0.9286815385726815,0.36605361213798715,0.9424554955359026,False,,False
pleasantness_z,dose,18,5.0,-0.927724733769774,0.36653572195060224,0.9424554955359026,False,,False
pleasantness_z,dose,18,5.066666666666666,-0.9271020764158736,0.36684969505110143,0.9424554955359026,False,,False
pleasantness_z,dose,18,5.133333333333334,-0.9207215988509607,0.3700775605035191,0.9424554955359026,False,,False
pleasantness_z,dose,18,5.2,-0.9164759616181449,0.372236044765497,0.9424554955359026,False,,False
pleasantness_z,dose,18,5.266666666666667,-0.9092086591749727,0.37595044943008193,0.9424554955359026,False,,False
pleasantness_z,dose,18,5.333333333333333,-0.9010905525615381,0.3801291105809147,0.9424554955359026,False,,False
pleasantness_z,dose,18,5.4,-0.8991167789843362,0.3811497643269576,0.9424554955359026,False,,False
pleasantness_z,dose,18,5.466666666666667,-0.8945172335355466,0.383535335136211,0.9424554955359026,False,,False
pleasantness_z,dose,18,5.533333333333333,-0.8885098895711991,0.386666043043204,0.9424554955359026,False,,False
pleasantness_z,dose,18,5.6,-0.8831249710065734,0.3894867863214773,0.9424554955359026,False,,False
pleasantness_z,dose,18,5.666666666666667,-0.8752016098147273,0.39366197194887326,0.9424554955359026,False,,False
pleasantness_z,dose,18,5.733333333333333,-0.8684402637593587,0.3972481177206225,0.9424554955359026,False,,False
pleasantness_z,dose,18,5.8,-0.8670342909138217,0.39799652075118613,0.9424554955359026,False,,False
pleasantness_z,dose,18,5.866666666666666,-0.8622467276923933,0.4005518943288689,0.9424554955359026,False,,False
pleasantness_z,dose,18,5.933333333333334,-0.8552199580645824,0.4043218670071146,0.9424554955359026,False,,False
pleasantness_z,dose,18,6.0,-0.8498607222316013,0.4072126899240824,0.9424554955359026,False,,False
pleasantness_z,dose,18,6.066666666666666,-0.8379633631950514,0.4136781223928932,0.9424554955359026,False,,False
pleasantness_z,dose,18,6.133333333333334,-0.8277889704740603,0.41925949875122903,0.9424554955359026,False,,False
pleasantness_z,dose,18,6.2,-0.8134685268754035,0.42719665577342575,0.9424554955359026,False,,False
pleasantness_z,dose,18,6.266666666666667,-0.8120265951466253,0.42800111141655217,0.9424554955359026,False,,False
pleasantness_z,dose,18,6.333333333333333,-0.8121980663127251,0.4279053970872768,0.9424554955359026,False,,False
pleasantness_z,dose,18,6.4,-0.7963760477125674,0.4367942786554266,0.9424554955359026,False,,False
pleasantness_z,dose,18,6.466666666666667,-0.787871092267748,0.4416199907814588,0.9424554955359026,False,,False
pleasantness_z,dose,18,6.533333333333333,-0.7800475431564526,0.44608834371254436,0.9424554955359026,False,,False
pleasantness_z,dose,18,6.6,-0.7652211601234813,0.4546329404533763,0.9424554955359026,False,,False
pleasantness_z,dose,18,6.666666666666667,-0.7578991002955912,0.458889573918406,0.9424554955359026,False,,False
pleasantness_z,dose,18,6.733333333333333,-0.7481218940601141,0.46461130647919047,0.9424554955359026,False,,False
pleasantness_z,dose,18,6.8,-0.7372025821326644,0.47105230400014525,0.9424554955359026,False,,False
pleasantness_z,dose,18,6.866666666666666,-0.7401136086934039,0.4693299361378204,0.9424554955359026,False,,False
pleasantness_z,dose,18,6.933333333333334,-0.7426794160897795,0.46781497663110916,0.9424554955359026,False,,False
pleasantness_z,dose,18,7.0,-0.7472369956678792,0.46513128722705316,0.9424554955359026,False,,False
pleasantness_z,dose,18,7.066666666666666,-0.7484918589728623,0.464394013613983,0.9424554955359026,False,,False
pleasantness_z,dose,18,7.133333333333334,-0.7464390160523884,0.4656004954310362,0.9424554955359026,False,,False
pleasantness_z,dose,18,7.2,-0.7531923437107951,0.4616386334166968,0.9424554955359026,False,,False
pleasantness_z,dose,18,7.266666666666667,-0.7549505147436637,0.460610572695382,0.9424554955359026,False,,False
pleasantness_z,dose,18,7.333333333333333,-0.7623041323655958,0.45632582349150747,0.9424554955359026,False,,False
pleasantness_z,dose,18,7.4,-0.7600420168969209,0.45764128789274816,0.9424554955359026,False,,False
pleasantness_z,dose,18,7.466666666666667,-0.7532402791039658,0.4616105854924495,0.9424554955359026,False,,False
pleasantness_z,dose,18,7.533333333333333,-0.7444518901328799,0.46677016127637083,0.9424554955359026,False,,False
pleasantness_z,dose,18,7.6,-0.7387848576371326,0.47011564729241967,0.9424554955359026,False,,False
pleasantness_z,dose,18,7.666666666666667,-0.733804167859504,0.47306784756444553,0.9424554955359026,False,,False
pleasantness_z,dose,18,7.733333333333333,-0.7235215086318958,0.47919774279322375,0.9424554955359026,False,,False
pleasantness_z,dose,18,7.8,-0.7196915433913759,0.48149296858128743,0.9424554955359026,False,,False
pleasantness_z,dose,18,7.866666666666666,-0.7128283323052647,0.48562223673760624,0.9424554955359026,False,,False
pleasantness_z,dose,18,7.933333333333334,-0.7108788052983975,0.4867989754234,0.9424554955359026,False,,False
pleasantness_z,dose,18,8.0,-0.7106254818643339,0.48695200522684695,0.9424554955359026,False,,False
pleasantness_z,dose,18,8.066666666666666,-0.7092270148955466,0.4877973129724421,0.9424554955359026,False,,False
pleasantness_z,dose,18,8.133333333333333,-0.7077594411802112,0.4886853201393365,0.9424554955359026,False,,False
pleasantness_z,dose,18,8.2,-0.7093127925878242,0.48774543953657185,0.9424554955359026,False,,False
pleasantness_z,dose,18,8.266666666666667,-0.7089442634495652,0.4879683278345006,0.9424554955359026,False,,False
pleasantness_z,dose,18,8.333333333333334,-0.7122108041503414,0.4859947963511065,0.9424554955359026,False,,False
pleasantness_z,dose,18,8.4,-0.710241795672817,0.4871838396361511,0.9424554955359026,False,,False
pleasantness_z,dose,18,8.466666666666667,-0.7109727594683795,0.48674222598149663,0.9424554955359026,False,,False
pleasantness_z,dose,18,8.533333333333333,-0.7643720288398286,0.4551253313040178,0.9424554955359026,False,,False
pleasantness_z,dose,18,8.6,-0.7834456670591322,0.4441440943052167,0.9424554955359026,False,,False
pleasantness_z,dose,18,8.666666666666666,-0.7657062807951065,0.4543517775558139,0.9424554955359026,False,,False
pleasantness_z,dose,18,8.733333333333333,-0.7551174806341476,0.4605130148364022,0.9424554955359026,False,,False
pleasantness_z,dose,18,8.8,-0.7385889511723764,0.47023155680801826,0.9424554955359026,False,,False
pleasantness_z,dose,18,8.866666666666667,-0.7180857787301415,0.48245721063776953,0.9424554955359026,False,,False
pleasantness_z,dose,18,8.933333333333334,-0.6939315663562701,0.49709885013532173,0.9424554955359026,False,,False
pleasantness_z,dose,18,9.0,-0.6730458244271255,0.5099648485478584,0.9424554955359026,False,,False
pleasantness_z,dose,18,9.066666666666666,-0.657917397595581,0.5194017290206826,0.9424554955359026,False,,False
pleasantness_z,dose,18,9.133333333333333,-0.64104942903068,0.5300385958947966,0.9424554955359026,False,,False
pleasantness_z,dose,18,9.2,-0.6255891936154538,0.5398928146262467,0.9424554955359026,False,,False
pleasantness_z,dose,18,9.266666666666667,-0.6100794960712905,0.5498781706675794,0.9424554955359026,False,,False
pleasantness_z,dose,18,9.333333333333334,-0.5913844773352785,0.5620449053687063,0.9424554955359026,False,,False
pleasantness_z,dose,18,9.4,-0.5750494647369014,0.5727907340316587,0.9424554955359026,False,,False
pleasantness_z,dose,18,9.466666666666667,-0.575653488570584,0.5723914957328516,0.9424554955359026,False,,False
pleasantness_z,dose,18,9.533333333333333,-0.5217718855423641,0.6085609549876438,0.9424554955359026,False,,False
pleasantness_z,dose,18,9.6,-0.4161713828116137,0.6824913213903632,0.9424554955359026,False,,False
pleasantness_z,dose,18,9.666666666666666,-0.3825619135646037,0.7067854488649314,0.9424554955359026,False,,False
pleasantness_z,dose,18,9.733333333333333,-0.39335282126412635,0.6989482668739049,0.9424554955359026,False,,False
pleasantness_z,dose,18,9.8,-0.38395630337357584,0.7057708045847604,0.9424554955359026,False,,False
pleasantness_z,dose,18,9.866666666666667,-0.382013683691357,0.7071845305876333,0.9424554955359026,False,,False
pleasantness_z,dose,18,9.933333333333334,-0.378452645501655,0.7097789055247761,0.9424554955359026,False,,False
pleasantness_z,dose,18,10.0,-0.3743262180683439,0.7127897847600649,0.9424554955359026,False,,False
pleasantness_z,dose,18,10.066666666666666,-0.37166002042642526,0.7147377984638225,0.9424554955359026,False,,False
pleasantness_z,dose,18,10.133333333333333,-0.36490336383639554,0.7196834948171301,0.9424554955359026,False,,False
pleasantness_z,dose,18,10.2,-0.35650486930225356,0.7258488323600425,0.9424554955359026,False,,False
pleasantness_z,dose,18,10.266666666666667,-0.3537364636285676,0.7278853971241406,0.9424554955359026,False,,False
pleasantness_z,dose,18,10.333333333333334,-0.3491698781570854,0.7312493610818465,0.9424554955359026,False,,False
pleasantness_z,dose,18,10.4,-0.34988562076874896,0.7307217364745661,0.9424554955359026,False,,False
pleasantness_z,dose,18,10.466666666666667,-0.3579291907503925,0.7248018585961126,0.9424554955359026,False,,False
pleasantness_z,dose,18,10.533333333333333,-0.36411022426243295,0.7202648974125877,0.9424554955359026,False,,False
pleasantness_z,dose,18,10.6,-0.36915807243317883,0.7165676509353766,0.9424554955359026,False,,False
pleasantness_z,dose,18,10.666666666666666,-0.3705359405887225,0.7155596976001642,0.9424554955359026,False,,False
pleasantness_z,dose,18,10.733333333333333,-0.37033033094519086,0.7157100731775786,0.9424554955359026,False,,False
pleasantness_z,dose,18,10.8,-0.35914901529658727,0.7239056497652065,0.9424554955359026,False,,False
pleasantness_z,dose,18,10.866666666666667,-0.35000621243587554,0.730632853474513,0.9424554955359026,False,,False
pleasantness_z,dose,18,10.933333333333334,-0.33816544889928507,0.7393788106107736,0.9424554955359026,False,,False
pleasantness_z,dose,18,11.0,-0.34511982350077025,0.7342375481283823,0.9424554955359026,False,,False
pleasantness_z,dose,18,11.066666666666666,-0.3424977265764413,0.7361745144962429,0.9424554955359026,False,,False
pleasantness_z,dose,18,11.133333333333333,-0.33715240551088593,0.7401288058802913,0.9424554955359026,False,,False
pleasantness_z,dose,18,11.2,-0.3373333129376994,0.7399948533185133,0.9424554955359026,False,,False
pleasantness_z,dose,18,11.266666666666667,-0.3337110770840136,0.7426785629997552,0.9424554955359026,False,,False
pleasantness_z,dose,18,11.333333333333334,-0.32738037182574103,0.7473771537962444,0.9424554955359026,False,,False
pleasantness_z,dose,18,11.4,-0.3170426346907588,0.7550716983886889,0.9424554955359026,False,,False
pleasantness_z,dose,18,11.466666666666667,-0.31145324123669277,0.7592430982959512,0.9424554955359026,False,,False
pleasantness_z,dose,18,11.533333333333333,-0.29757685615717017,0.769631952512049,0.9424554955359026,False,,False
pleasantness_z,dose,18,11.6,-0.28256720826266507,0.7809201725715198,0.9424554955359026,False,,False
pleasantness_z,dose,18,11.666666666666666,-0.277079831470145,0.7850597840287774,0.9424554955359026,False,,False
pleasantness_z,dose,18,11.733333333333333,-0.27308013667468656,0.788081296313282,0.9424554955359026,False,,False
pleasantness_z,dose,18,11.8,-0.27511238034852253,0.7865456289253916,0.9424554955359026,False,,False
pleasantness_z,dose,18,11.866666666666667,-0.2780378776949215,0.7843365636203603,0.9424554955359026,False,,False
pleasantness_z,dose,18,11.933333333333334,-0.27844601178015344,0.7840285285312182,0.9424554955359026,False,,False
pleasantness_z,dose,18,12.0,-0.2794482293599355,0.7832722715485315,0.9424554955359026,False,,False
pleasantness_z,dose,18,12.066666666666666,-0.27937308671145045,0.7833289652301316,0.9424554955359026,False,,False
pleasantness_z,dose,18,12.133333333333333,-0.27972308378776745,0.7830649098651309,0.9424554955359026,False,,False
pleasantness_z,dose,18,12.2,-0.2792317103487399,0.7834356343739876,0.9424554955359026,False,,False
pleasantness_z,dose,18,12.266666666666667,-0.27812002670742103,0.7842745595174269,0.9424554955359026,False,,False
pleasantness_z,dose,18,12.333333333333334,-0.2726668314656922,0.7883937210632643,0.9424554955359026,False,,False
pleasantness_z,dose,18,12.4,-0.2693061361669952,0.7909355038476765,0.9424554955359026,False,,False
pleasantness_z,dose,18,12.466666666666667,-0.25948477230875777,0.7983774671212267,0.9424554955359026,False,,False
pleasantness_z,dose,18,12.533333333333333,-0.2462149180274823,0.808464144674637,0.9437324646007436,False,,False
pleasantness_z,dose,18,12.6,-0.22109206414442364,0.827654480426279,0.9589178452646424,False,,False
pleasantness_z,dose,18,12.666666666666666,-0.18345526597000797,0.8566111176834011,0.9771229479278339,False,,False
pleasantness_z,dose,18,12.733333333333333,-0.15312507198121256,0.8801025191128469,0.9820567555302923,False,,False
pleasantness_z,dose,18,12.8,-0.15802813105420183,0.8762965727261167,0.9820567555302923,False,,False
pleasantness_z,dose,18,12.866666666666667,-0.16178315026705548,0.8733838822380054,0.9820567555302923,False,,False
pleasantness_z,dose,18,12.933333333333334,-0.15240299814423,0.8806632786935761,0.9820567555302923,False,,False
pleasantness_z,dose,18,13.0,-0.12861092209372046,0.8991748079299984,0.9862525372302401,False,,False
pleasantness_z,dose,18,13.066666666666666,-0.10221310323537719,0.919783509507195,0.9957154613171163,False,,False
pleasantness_z,dose,18,13.133333333333333,-0.08576725311141978,0.9326534821003656,0.9957154613171163,False,,False
pleasantness_z,dose,18,13.2,-0.07019443284287759,0.9448580330761684,0.9963294126272106,False,,False
pleasantness_z,dose,18,13.266666666666667,-0.052120396250932434,0.9590403149220582,0.9984712661301145,False,,False
pleasantness_z,dose,18,13.333333333333334,-0.03354341095517647,0.9736319480901783,0.9984712661301145,False,,False
pleasantness_z,dose,18,13.4,-0.02473919469331562,0.9805510705459886,0.9984712661301145,False,,False
pleasantness_z,dose,18,13.466666666666667,-0.016643710063909654,0.9869146314856896,0.9984712661301145,False,,False
pleasantness_z,dose,18,13.533333333333333,-0.005486542561921202,0.995686264707781,0.9984712661301145,False,,False
pleasantness_z,dose,18,13.6,-0.006086463904247201,0.9952145888446289,0.9984712661301145,False,,False
pleasantness_z,dose,18,13.666666666666666,-0.008088656549560456,0.9936404201142267,0.9984712661301145,False,,False
pleasantness_z,dose,18,13.733333333333333,-0.015670200542005557,0.9876799411751418,0.9984712661301145,False,,False
pleasantness_z,dose,18,13.8,-0.021237443185235745,0.9833035281163359,0.9984712661301145,False,,False
pleasantness_z,dose,18,13.866666666666667,-0.0335614266038655,0.9736177918434799,0.9984712661301145,False,,False
pleasantness_z,dose,18,13.933333333333334,-0.046131043549606315,0.9637433845989021,0.9984712661301145,False,,False
pleasantness_z,dose,18,14.0,-0.06376944820922133,0.9498976431058678,0.9963294126272106,False,,False
pleasantness_z,dose,18,14.066666666666666,-0.07087380076078195,0.9443252893186861,0.9963294126272106,False,,False
pleasantness_z,dose,18,14.133333333333333,-0.09183859119723715,0.9278998229331351,0.9957154613171163,False,,False
pleasantness_z,dose,18,14.2,-0.1265551056008004,0.9007773173369527,0.9862525372302401,False,,False
pleasantness_z,dose,18,14.266666666666667,-0.14168840467724375,0.8889916929221422,0.9841236453012644,False,,False
pleasantness_z,dose,18,14.333333333333334,-0.27576215294316025,0.7860548180809135,0.9424554955359026,False,,False
pleasantness_z,dose,18,14.4,-0.38096919683376157,0.7079451033470164,0.9424554955359026,False,,False
pleasantness_z,dose,18,14.466666666666667,-0.3897210277616793,0.7015821037026642,0.9424554955359026,False,,False
pleasantness_z,dose,18,14.533333333333333,-0.4110226783181974,0.6861906284434441,0.9424554955359026,False,,False
pleasantness_z,dose,18,14.6,-0.42365336120340286,0.6771303883213785,0.9424554955359026,False,,False
pleasantness_z,dose,18,14.666666666666666,-0.4346331052078221,0.6692955128547777,0.9424554955359026,False,,False
pleasantness_z,dose,18,14.733333333333333,-0.43509255226968374,0.6689685086938111,0.9424554955359026,False,,False
pleasantness_z,dose,18,14.8,-0.4447711656052238,0.6620959040063068,0.9424554955359026,False,,False
pleasantness_z,dose,18,14.866666666666667,-0.4531662369924933,0.6561597211747763,0.9424554955359026,False,,False
pleasantness_z,dose,18,14.933333333333334,-0.4491088289726133,0.659025804291641,0.9424554955359026,False,,False
pleasantness_z,dose,18,15.0,-0.45201851610608446,0.6569698944121996,0.9424554955359026,False,,False
pleasantness_z,dose,18,15.066666666666666,-0.4384416333542111,0.6665869247607834,0.9424554955359026,False,,False
pleasantness_z,dose,18,15.133333333333333,-0.41961884247640147,0.6800189801905706,0.9424554955359026,False,,False
pleasantness_z,dose,18,15.2,-0.3679626702823339,0.7174425611853094,0.9424554955359026,False,,False
pleasantness_z,dose,18,15.266666666666667,-0.32153088315883,0.7517277115163843,0.9424554955359026,False,,False
pleasantness_z,dose,18,15.333333333333334,-0.3015409323695531,0.766659458499523,0.9424554955359026,False,,False
pleasantness_z,dose,18,15.4,-0.292131665863874,0.7737210876483871,0.9424554955359026,False,,False
pleasantness_z,dose,18,15.466666666666667,-0.2757298614939174,0.7860792074941125,0.9424554955359026,False,,False
pleasantness_z,dose,18,15.533333333333333,-0.26880282368430697,0.7913163819943403,0.9424554955359026,False,,False
pleasantness_z,dose,18,15.6,-0.2659363718590462,0.793486582153233,0.9424554955359026,False,,False
pleasantness_z,dose,18,15.666666666666666,-0.2559152987699885,0.8010871712055172,0.9424554955359026,False,,False
pleasantness_z,dose,18,15.733333333333333,-0.26016490765247713,0.797861453196444,0.9424554955359026,False,,False
pleasantness_z,dose,18,15.8,-0.2675370782687722,0.7922744657738549,0.9424554955359026,False,,False
pleasantness_z,dose,18,15.866666666666667,-0.29031008390707536,0.7750905645413443,0.9424554955359026,False,,False
pleasantness_z,dose,18,15.933333333333334,-0.30130237896787787,0.7668382343453481,0.9424554955359026,False,,False
pleasantness_z,dose,18,16.0,-0.3220017668449925,0.7513771708724312,0.9424554955359026,False,,False
pleasantness_z,dose,18,16.066666666666666,-0.352166405234441,0.7290413362164317,0.9424554955359026,False,,False
pleasantness_z,dose,18,16.133333333333333,-0.37163901717275877,0.7147531522162638,0.9424554955359026,False,,False
pleasantness_z,dose,18,16.2,-0.38147112773598896,0.7075795684005873,0.9424554955359026,False,,False
pleasantness_z,dose,18,16.266666666666666,-0.391928769988094,0.6999805439367333,0.9424554955359026,False,,False
pleasantness_z,dose,18,16.333333333333332,-0.39760240145289555,0.6958714118123934,0.9424554955359026,False,,False
pleasantness_z,dose,18,16.4,-0.3952233046407959,0.6975932985954189,0.9424554955359026,False,,False
pleasantness_z,dose,18,16.466666666666665,-0.3854673546152185,0.704671913895707,0.9424554955359026,False,,False
pleasantness_z,dose,18,16.533333333333335,-0.37275909273113095,0.7139345328204604,0.9424554955359026,False,,False
pleasantness_z,dose,18,16.6,-0.36141089907985013,0.7222449293076577,0.9424554955359026,False,,False
pleasantness_z,dose,18,16.666666666666668,-0.35168706817599726,0.7293943771418973,0.9424554955359026,False,,False
pleasantness_z,dose,18,16.733333333333334,-0.3521468982243844,0.7290557022808029,0.9424554955359026,False,,False
pleasantness_z,dose,18,16.8,-0.32874775507567544,0.7463614201698465,0.9424554955359026,False,,False
pleasantness_z,dose,18,16.866666666666667,-0.31194543770424804,0.7588754599120905,0.9424554955359026,False,,False
pleasantness_z,dose,18,16.933333333333334,-0.29592402321031946,0.7708724366700247,0.9424554955359026,False,,False
pleasantness_z,dose,18,17.0,-0.28122097529231715,0.7819351335154524,0.9424554955359026,False,,False
pleasantness_z,dose,18,17.066666666666666,-0.27081297854221764,0.7897955373428425,0.9424554955359026,False,,False
pleasantness_z,dose,18,17.133333333333333,-0.24735199570726552,0.8075984404477219,0.9437324646007436,False,,False
pleasantness_z,dose,18,17.2,-0.21664680429323951,0.8310621325626901,0.9589178452646424,False,,False
pleasantness_z,dose,18,17.266666666666666,-0.18972851318084094,0.8517688156558239,0.9771229479278339,False,,False
pleasantness_z,dose,18,17.333333333333332,-0.16984374788502912,0.8671378139029968,0.9816654497015059,False,,False
pleasantness_z,dose,18,17.4,-0.13334296882561814,0.8954878909302885,0.9862525372302401,False,,False
pleasantness_z,dose,18,17.466666666666665,-0.09750215624363738,0.9234679610716867,0.9957154613171163,False,,False
pleasantness_z,dose,18,17.533333333333335,-0.05961797687830902,0.9531551380800315,0.9963294126272106,False,,False
pleasantness_z,dose,18,17.6,0.0019443530757638089,0.9984712661301144,0.9984712661301145,False,,False
pleasantness_z,dose,18,17.666666666666668,0.06061933521618379,0.9523693315339339,0.9963294126272106,False,,False
pleasantness_z,dose,18,17.733333333333334,0.08611582569950207,0.9323804885028061,0.9957154613171163,False,,False
pleasantness_z,dose,18,17.8,0.09510649645637458,0.9253423092038031,0.9957154613171163,False,,False
pleasantness_z,dose,18,17.866666666666667,0.12179106114008653,0.9044925746407929,0.9867191723354104,False,,False
pleasantness_z,dose,18,17.933333333333334,0.16989803989161653,0.867095773783021,0.9816654497015059,False,,False
pleasantness_z,dose,18,18.0,0.217283513925859,0.8305738286983444,0.9589178452646424,False,,False
pleasantness_z,dose,18,18.066666666666666,0.2580446654692165,0.7994703828272048,0.9424554955359026,False,,False
pleasantness_z,dose,18,18.133333333333333,0.3061165552160139,0.763233043850368,0.9424554955359026,False,,False
pleasantness_z,dose,18,18.2,0.36630106793506884,0.7186593529773254,0.9424554955359026,False,,False
pleasantness_z,dose,18,18.266666666666666,0.4290542376390134,0.673271623477773,0.9424554955359026,False,,False
pleasantness_z,dose,18,18.333333333333332,0.4831519482187913,0.6351515414424707,0.9424554955359026,False,,False
pleasantness_z,dose,18,18.4,0.5319365334288934,0.6016531003123495,0.9424554955359026,False,,False
pleasantness_z,dose,18,18.466666666666665,0.5792097967920476,0.570043828189069,0.9424554955359026,False,,False
pleasantness_z,dose,18,18.533333333333335,0.6151039554919666,0.5466325133456809,0.9424554955359026,False,,False
pleasantness_z,dose,18,18.6,0.6492875095857626,0.5248286576543467,0.9424554955359026,False,,False
pleasantness_z,dose,18,18.666666666666668,0.6803414600031981,0.5054491100239747,0.9424554955359026,False,,False
pleasantness_z,dose,18,18.733333333333334,0.7153627231149294,0.4840949849444484,0.9424554955359026,False,,False
pleasantness_z,dose,18,18.8,0.7396686290324987,0.4695929713283297,0.9424554955359026,False,,False
pleasantness_z,dose,18,18.866666666666667,0.7713989368246582,0.4510604586787685,0.9424554955359026,False,,False
pleasantness_z,dose,18,18.933333333333334,0.7961775679278116,0.436906517583535,0.9424554955359026,False,,False
pleasantness_z,dose,18,19.0,0.8222845702362636,0.4222990906969152,0.9424554955359026,False,,False
pleasantness_z,dose,18,19.066666666666666,0.841547856820145,0.41172324334728194,0.9424554955359026,False,,False
pleasantness_z,dose,18,19.133333333333333,0.8645394231151624,0.3993268238837983,0.9424554955359026,False,,False
pleasantness_z,dose,18,19.2,0.8788324481249941,0.3917450590374713,0.9424554955359026,False,,False
pleasantness_z,dose,18,19.266666666666666,0.8976993831902906,0.38188384122598396,0.9424554955359026,False,,False
pleasantness_z,dose,18,19.333333333333332,0.9139007756173384,0.3735494077580013,0.9424554955359026,False,,False
pleasantness_z,dose,18,19.4,0.9382136880608684,0.36127416692387726,0.9424554955359026,False,,False
pleasantness_z,dose,18,19.466666666666665,0.9595390624018225,0.3507366867316896,0.9424554955359026,False,,False
pleasantness_z,dose,18,19.533333333333335,0.9771875240836088,0.3421781866381134,0.9424554955359026,False,,False
pleasantness_z,dose,18,19.6,0.9986098915886212,0.3319866377906281,0.9424554955359026,False,,False
pleasantness_z,dose,18,19.666666666666668,1.0348681301240716,0.3152282848421464,0.9424554955359026,False,,False
pleasantness_z,dose,18,19.733333333333334,1.0789526851844553,0.2956802761033734,0.9424554955359026,False,,False
pleasantness_z,dose,18,19.8,1.1147651781271215,0.28046320090286214,0.9424554955359026,False,,False
pleasantness_z,dose,18,19.866666666666667,1.1521092961887336,0.2652211524068098,0.9424554955359026,False,,False
pleasantness_z,dose,18,19.933333333333334,1.1897658210397717,0.25049007118597766,0.9424554955359026,False,,False
bliss_z,state,18,0.0,0.3627362067567532,0.7212725238279745,0.7627730676669471,False,,False
bliss_z,state,18,0.06666666666666667,0.33591984200415315,0.7410416837234337,0.7627730676669471,False,,False
bliss_z,state,18,0.13333333333333333,0.32235175731364923,0.7511166631779667,0.7627730676669471,False,,False
bliss_z,state,18,0.2,0.3170370923265526,0.7550758308600923,0.7627730676669471,False,,False
bliss_z,state,18,0.26666666666666666,0.311730448475735,0.7590360354193132,0.7627730676669471,False,,False
bliss_z,state,18,0.3333333333333333,0.3067313178247583,0.7627730676669471,0.7627730676669471,False,,False
bliss_z,state,18,0.4,0.31181950517706153,0.75896951757236,0.7627730676669471,False,,False
bliss_z,state,18,0.4666666666666667,0.31880032900697686,0.753761520871203,0.7627730676669471,False,,False
bliss_z,state,18,0.5333333333333333,0.32943689065665677,0.7458496913360141,0.7627730676669471,False,,False
bliss_z,state,18,0.6,0.3447778614374661,0.7344900543531325,0.7627730676669471,False,,False
bliss_z,state,18,0.6666666666666666,0.3636830676339208,0.7205780931892437,0.7627730676669471,False,,False
bliss_z,state,18,0.7333333333333333,0.3965796376152359,0.69661143498903,0.7517389586212554,False,,False
bliss_z,state,18,0.8,0.4253489940593566,0.6759179074472943,0.7346933776601026,False,,False
bliss_z,state,18,0.8666666666666667,0.4600824721103397,0.6512869284510808,0.7130878778661469,False,,False
bliss_z,state,18,0.9333333333333333,0.4854335040120745,0.6335658042246715,0.6987858134830935,False,,False
bliss_z,state,18,1.0,0.5126193205557819,0.6148137739981712,0.6831264155535236,False,,False
bliss_z,state,18,1.0666666666666667,0.5398491408692685,0.5963025490630006,0.6675028534287321,False,,False
bliss_z,state,18,1.1333333333333333,0.5629392663439816,0.5808254155074132,0.6550662580910674,False,,False
bliss_z,state,18,1.2,0.5854833554618716,0.5659146304274015,0.6430848073038654,False,,False
bliss_z,state,18,1.2666666666666666,0.6215471398444947,0.5424855868725,0.6211667025257633,False,,False
bliss_z,state,18,1.3333333333333333,0.648043085316345,0.525613821730021,0.6064774866115628,False,,False
bliss_z,state,18,1.4,0.6645941178994609,0.5152248095480203,0.599098615753512,False,,False
bliss_z,state,18,1.4666666666666666,0.6885095929351633,0.5004206750767569,0.5864304786055745,False,,False
bliss_z,state,18,1.5333333333333334,0.7157053650245734,0.4838887232673803,0.571522114095331,False,,False
bliss_z,state,18,1.6,0.7519745147089019,0.4623515566645896,0.5504185198387972,False,,False
bliss_z,state,18,1.6666666666666667,0.7916433468348255,0.43947551680686325,0.5273706201682359,False,,False
bliss_z,state,18,1.7333333333333334,0.8477310661555701,0.40836516911770027,0.493990123932702,False,,False
bliss_z,state,18,1.8,0.9198389254701181,0.37052561289901337,0.45186050353538215,False,,False
bliss_z,state,18,1.8666666666666667,0.9886026662259336,0.33672062969895317,0.4140007742200244,False,,False
bliss_z,state,18,1.9333333333333333,1.0718502505732097,0.29876856656079326,0.37037425606709906,False,,False
bliss_z,state,18,2.0,1.1249396790185981,0.27624746055665755,0.34530932569582196,False,,False
bliss_z,state,18,2.066666666666667,1.1592774856440047,0.26236786647579313,0.3307157980787308,False,,False
bliss_z,state,18,2.1333333333333333,1.2143735283091093,0.241205269043734,0.3066168674284754,False,,False
bliss_z,state,18,2.2,1.2749866749765513,0.21946450858856056,0.2813647546007187,False,,False
bliss_z,state,18,2.2666666666666666,1.3066806765893977,0.20872278074981807,0.2772814208532018,False,,False
bliss_z,state,18,2.3333333333333335,1.2874030088969703,0.2152058442031153,0.2807032750475417,False,,False
bliss_z,state,18,2.4,1.2798957209978348,0.2177729397172726,0.2813647546007187,False,,False
bliss_z,state,18,2.466666666666667,1.2927578580730261,0.21338933317213057,0.2807032750475417,False,,False
bliss_z,state,18,2.533333333333333,1.306191577535052,0.20888533704274534,0.2772814208532018,False,,False
bliss_z,state,18,2.6,1.3339263077624237,0.1998243919324772,0.2700329620709151,False,,False
bliss_z,state,18,2.6666666666666665,1.3684298457573687,0.1889920137610141,0.25771638240138284,False,,False
bliss_z,state,18,2.7333333333333334,1.414296946762832,0.17532843401263015,0.24127766148527086,False,,False
bliss_z,state,18,2.8,1.456501845091244,0.16347584225045003,0.22704978090340283,False,,False
bliss_z,state,18,2.8666666666666667,1.5066705295088898,0.15025156076972282,0.21063302911643386,False,,False
bliss_z,state,18,2.933333333333333,1.5585384286080655,0.13752652887365996,0.1993752912478974,False,,False
bliss_z,state,18,3.0,1.6103847624217151,0.1257242280729046,0.1993752912478974,False,,False
bliss_z,state,18,3.066666666666667,1.6555328200258361,0.1161580230104842,0.1993752912478974,False,,False
bliss_z,state,18,3.1333333333333333,1.7016052111467534,0.10704538605402897,0.1993752912478974,False,,False
bliss_z,state,18,3.2,1.7354079656876331,0.10075814262074813,0.1993752912478974,False,,False
bliss_z,state,18,3.2666666666666666,1.7649245462186032,0.09553281402792027,0.1993752912478974,False,,False
bliss_z,state,18,3.3333333333333335,1.7971952592557707,0.09009195410891671,0.1993752912478974,False,,False
bliss_z,state,18,3.4,1.8298937377023685,0.08485801769472573,0.1993752912478974,False,,False
bliss_z,state,18,3.466666666666667,1.847405729328543,0.08216657429978297,0.1993752912478974,False,,False
bliss_z,state,18,3.533333333333333,1.8673991650118955,0.07918620003904665,0.1993752912478974,False,,False
bliss_z,state,18,3.6,1.8880131826243705,0.07621399144414769,0.1993752912478974,False,,False
bliss_z,state,18,3.6666666666666665,1.9071057335087955,0.07355000612048966,0.1993752912478974,False,,False
bliss_z,state,18,3.7333333333333334,1.9265248314841101,0.0709258675041861,0.1993752912478974,False,,False
bliss_z,state,18,3.8,1.9354261794600278,0.06975120233570241,0.1993752912478974,False,,False
bliss_z,state,18,3.8666666666666667,1.953887835481992,0.06737023099153697,0.1993752912478974,False,,False
bliss_z,state,18,3.933333333333333,1.9738229720034604,0.06488127227269151,0.1993752912478974,False,,False
bliss_z,state,18,4.0,1.9805356296726,0.06406195915352106,0.1993752912478974,False,,False
bliss_z,state,18,4.066666666666666,1.9894188167907216,0.06299203171706157,0.1993752912478974,False,,False
bliss_z,state,18,4.133333333333334,1.9964523865567076,0.06215632220279811,0.1993752912478974,False,,False
bliss_z,state,18,4.2,2.0062632382645007,0.06100731305464014,0.1993752912478974,False,,False
bliss_z,state,18,4.266666666666667,2.0004456873473186,0.06168630816827474,0.1993752912478974,False,,False
bliss_z,state,18,4.333333333333333,1.9815713068315008,0.06393638149723756,0.1993752912478974,False,,False
bliss_z,state,18,4.4,1.9897191147951905,0.06295614534756616,0.1993752912478974,False,,False
bliss_z,state,18,4.466666666666667,2.0159053669780667,0.05989677290224047,0.1993752912478974,False,,False
bliss_z,state,18,4.533333333333333,2.1044365737443664,0.0505239395179966,0.1993752912478974,False,,False
bliss_z,state,18,4.6,2.0822355613402044,0.05273982973486254,0.1993752912478974,False,,False
bliss_z,state,18,4.666666666666667,2.033884617397307,0.05787466546472333,0.1993752912478974,False,,False
bliss_z,state,18,4.733333333333333,1.9971901677059103,0.06206924255307799,0.1993752912478974,False,,False
bliss_z,state,18,4.8,1.9895836295013598,0.06297233390232734,0.1993752912478974,False,,False
bliss_z,state,18,4.866666666666666,1.9851743636144794,0.06350122810046081,0.1993752912478974,False,,False
bliss_z,state,18,4.933333333333334,1.9832556615299453,0.06373262342385053,0.1993752912478974,False,,False
bliss_z,state,18,5.0,1.9716402639771555,0.06514970456778599,0.1993752912478974,False,,False
bliss_z,state,18,5.066666666666666,1.9689719194641697,0.06547921628312178,0.1993752912478974,False,,False
bliss_z,state,18,5.133333333333334,1.964070581628185,0.06608838037187222,0.1993752912478974,False,,False
bliss_z,state,18,5.2,1.9497355146459652,0.06789931084646585,0.1993752912478974,False,,False
bliss_z,state,18,5.266666666666667,1.9454119680919244,0.06845416098458401,0.1993752912478974,False,,False
bliss_z,state,18,5.333333333333333,1.943476320579876,0.06870387996220867,0.1993752912478974,False,,False
bliss_z,state,18,5.4,1.945208906521208,0.06848031986284793,0.1993752912478974,False,,False
bliss_z,state,18,5.466666666666667,1.9598358399500144,0.06661878723349199,0.1993752912478974,False,,False
bliss_z,state,18,5.533333333333333,1.9597500497712028,0.06662957192227004,0.1993752912478974,False,,False
bliss_z,state,18,5.6,1.961383520786949,0.06642449695119988,0.1993752912478974,False,,False
bliss_z,state,18,5.666666666666667,1.9640857199988764,0.06608649108935834,0.1993752912478974,False,,False
bliss_z,state,18,5.733333333333333,1.9660562777820674,0.06584097716310924,0.1993752912478974,False,,False
bliss_z,state,18,5.8,1.9668791702960435,0.06573869469182765,0.1993752912478974,False,,False
bliss_z,state,18,5.866666666666666,1.9608861132931599,0.06648688418644152,0.1993752912478974,False,,False
bliss_z,state,18,5.933333333333334,1.95500102660349,0.0672290201021792,0.1993752912478974,False,,False
bliss_z,state,18,6.0,1.9538750085022822,0.06737185967217069,0.1993752912478974,False,,False
bliss_z,state,18,6.066666666666666,1.9437573896750868,0.06866756853969287,0.1993752912478974,False,,False
bliss_z,state,18,6.133333333333334,1.934306131180742,0.06989804653657553,0.1993752912478974,False,,False
bliss_z,state,18,6.2,1.9165089379629041,0.07226871273334382,0.1993752912478974,False,,False
bliss_z,state,18,6.266666666666667,1.9030828117400942,0.07410432949696921,0.1993752912478974,False,,False
bliss_z,state,18,6.333333333333333,1.8995482707672307,0.07459442492621232,0.1993752912478974,False,,False
bliss_z,state,18,6.4,1.9001291137846246,0.07451368832851701,0.1993752912478974,False,,False
bliss_z,state,18,6.466666666666667,1.8869261146466376,0.07636821933800013,0.1993752912478974,False,,False
bliss_z,state,18,6.533333333333333,1.884601036076749,0.07669902114733686,0.1993752912478974,False,,False
bliss_z,state,18,6.6,1.8805931085605594,0.07727223950376394,0.1993752912478974,False,,False
bliss_z,state,18,6.666666666666667,1.888375399856296,0.07616266333691249,0.1993752912478974,False,,False
bliss_z,state,18,6.733333333333333,1.9139831384882906,0.07261091173015201,0.1993752912478974,False,,False
bliss_z,state,18,6.8,1.9082505387613877,0.07339293856842671,0.1993752912478974,False,,False
bliss_z,state,18,6.866666666666666,1.902970395791416,0.07411987271905841,0.1993752912478974,False,,False
bliss_z,state,18,6.933333333333334,1.8956575950210361,0.07513723489812019,0.1993752912478974,False,,False
bliss_z,state,18,7.0,1.8864162352131,0.07644065402031491,0.1993752912478974,False,,False
bliss_z,state,18,7.066666666666666,1.8580158343622108,0.08057282295531594,0.1993752912478974,False,,False
bliss_z,state,18,7.133333333333334,1.8124192633414749,0.08762082858782297,0.1993752912478974,False,,False
bliss_z,state,18,7.2,1.7831948149046761,0.09241819858014763,0.1993752912478974,False,,False
bliss_z,state,18,7.266666666666667,1.7253525477152325,0.10259409481725465,0.1993752912478974,False,,False
bliss_z,state,18,7.333333333333333,1.6968799268704888,0.10795074108981641,0.1993752912478974,False,,False
bliss_z,state,18,7.4,1.678963669773906,0.11144368039770776,0.1993752912478974,False,,False
bliss_z,state,18,7.466666666666667,1.662485149003146,0.11474168183868538,0.1993752912478974,False,,False
bliss_z,state,18,7.533333333333333,1.644940544562604,0.11834466350966212,0.1993752912478974,False,,False
bliss_z,state,18,7.6,1.6241329251394687,0.12274264047050204,0.1993752912478974,False,,False
bliss_z,state,18,7.666666666666667,1.6106249284568563,0.12567161960163867,0.1993752912478974,False,,False
bliss_z,state,18,7.733333333333333,1.592375252261919,0.12972280643357703,0.1993752912478974,False,,False
bliss_z,state,18,7.8,1.5777125457065797,0.13305728630749625,0.1993752912478974,False,,False
bliss_z,state,18,7.866666666666666,1.5671390641582104,0.1355064522829171,0.1993752912478974,False,,False
bliss_z,state,18,7.933333333333334,1.5556948656986156,0.13819995375299862,0.1993752912478974,False,,False
bliss_z,state,18,8.0,1.545384598745024,0.1406649346120275,0.1993752912478974,False,,False
bliss_z,state,18,8.066666666666666,1.5444430204189463,0.1408918724818475,0.1993752912478974,False,,False
bliss_z,state,18,8.133333333333333,1.5471522336377854,0.14023972898247086,0.1993752912478974,False,,False
bliss_z,state,18,8.2,1.5499152433343952,0.1395772439690829,0.1993752912478974,False,,False
bliss_z,state,18,8.266666666666667,1.552859021348439,0.1388743062794127,0.1993752912478974,False,,False
bliss_z,state,18,8.333333333333334,1.5565199656718534,0.1380042653966689,0.1993752912478974,False,,False
bliss_z,state,18,8.4,1.5587958139278364,0.13746571006353536,0.1993752912478974,False,,False
bliss_z,state,18,8.466666666666667,1.5590481489226038,0.13740610655937058,0.1993752912478974,False,,False
bliss_z,state,18,8.533333333333333,1.5685591517005035,0.1351753223669282,0.1993752912478974,False,,False
bliss_z,state,18,8.6,1.5771087510109505,0.13319613321300156,0.1993752912478974,False,,False
bliss_z,state,18,8.666666666666666,1.5963592981053136,0.12882909028156042,0.1993752912478974,False,,False
bliss_z,state,18,8.733333333333333,1.6321125826515515,0.12103983708862764,0.1993752912478974,False,,False
bliss_z,state,18,8.8,1.6631520021110588,0.1146066105750503,0.1993752912478974,False,,False
bliss_z,state,18,8.866666666666667,1.7054464659934498,0.10631424634805849,0.1993752912478974,False,,False
bliss_z,state,18,8.933333333333334,1.7336000261532478,0.10108612443141159,0.1993752912478974,False,,False
bliss_z,state,18,9.0,1.678571368261137,0.11152123856800857,0.1993752912478974,False,,False
bliss_z,state,18,9.066666666666666,1.6979718168467952,0.1077409523500615,0.1993752912478974,False,,False
bliss_z,state,18,9.133333333333333,1.7156847030480091,0.1043865531565225,0.1993752912478974,False,,False
bliss_z,state,18,9.2,1.7230911108048939,0.10301096787129375,0.1993752912478974,False,,False
bliss_z,state,18,9.266666666666667,1.7402710936052281,0.09988049472881462,0.1993752912478974,False,,False
bliss_z,state,18,9.333333333333334,1.7598828292839404,0.09640826650455467,0.1993752912478974,False,,False
bliss_z,state,18,9.4,1.7741336082453516,0.09395163070899548,0.1993752912478974,False,,False
bliss_z,state,18,9.466666666666667,1.7914038206570606,0.09104793491494487,0.1993752912478974,False,,False
bliss_z,state,18,9.533333333333333,1.8011558563485097,0.08944326432350573,0.1993752912478974,False,,False
bliss_z,state,18,9.6,1.8109202066553416,0.0878614809319564,0.1993752912478974,False,,False
bliss_z,state,18,9.666666666666666,1.8160423421683225,0.08704158524584053,0.1993752912478974,False,,False
bliss_z,state,18,9.733333333333333,1.8146755504210932,0.08725970577649957,0.1993752912478974,False,,False
bliss_z,state,18,9.8,1.8165391855847965,0.08696241499650374,0.1993752912478974,False,,False
bliss_z,state,18,9.866666666666667,1.8147428159200596,0.0872489599264392,0.1993752912478974,False,,False
bliss_z,state,18,9.933333333333334,1.809810375098623,0.08804002264715773,0.1993752912478974,False,,False
bliss_z,dose,18,0.0,0.5798911691198573,0.5695945978541156,0.8487431381258321,False,,False
bliss_z,dose,18,0.06666666666666667,0.5304906698685777,0.6026333486678211,0.8487431381258321,False,,False
bliss_z,dose,18,0.13333333333333333,0.5165277338641772,0.6121398636301314,0.8487431381258321,False,,False
bliss_z,dose,18,0.2,0.5086808575470183,0.6175138990811704,0.8487431381258321,False,,False
bliss_z,dose,18,0.26666666666666666,0.4927100930563512,0.6285206728434535,0.8487431381258321,False,,False
bliss_z,dose,18,0.3333333333333333,0.47876214197835015,0.6382076977799981,0.8487431381258321,False,,False
bliss_z,dose,18,0.4,0.45438657238685964,0.6552987729886253,0.8487431381258321,False,,False
bliss_z,dose,18,0.4666666666666667,0.43005455102128853,0.672557953484565,0.8487431381258321,False,,False
bliss_z,dose,18,0.5333333333333333,0.4066339720785503,0.6893503723122812,0.8487431381258321,False,,False
bliss_z,dose,18,0.6,0.3768860539064694,0.7109214025658469,0.8487431381258321,False,,False
bliss_z,dose,18,0.6666666666666666,0.34650040031796386,0.733218443266279,0.849606457197713,False,,False
bliss_z,dose,18,0.7333333333333333,0.2999003855421752,0.7678891844807778,0.865920852940795,False,,False
bliss_z,dose,18,0.8,0.2674751073552643,0.7923213823671559,0.8706828377661053,False,,False
bliss_z,dose,18,0.8666666666666667,0.23836289704563784,0.8144491344401672,0.8789019436404683,False,,False
bliss_z,dose,18,0.9333333333333333,0.21805807107454736,0.8299799033183712,0.8924515089444852,False,,False
bliss_z,dose,18,1.0,0.19502935345179742,0.8476818478468225,0.9017891998370452,False,,False
bliss_z,dose,18,1.0666666666666667,0.1726497114198171,0.8649656019023388,0.914018964024079,False,,False
bliss_z,dose,18,1.1333333333333333,0.15440063341318463,0.8791120837107161,0.922145542353898,False,,False
bliss_z,dose,18,1.2,0.13418830347672847,0.8948295151564466,0.9321140782879653,False,,False
bliss_z,dose,18,1.2666666666666666,0.10326510319859229,0.9189609892238331,0.9497174287847597,False,,False
bliss_z,dose,18,1.3333333333333333,0.08157815679837072,0.9359349464277013,0.9615769997544876,False,,False
bliss_z,dose,18,1.4,0.0651677270621629,0.9488006716693148,0.9681639506829742,False,,False
bliss_z,dose,18,1.4666666666666666,0.04739355165219689,0.962751894340221,0.9767279746383992,False,,False
bliss_z,dose,18,1.5333333333333334,0.02718394618961671,0.9786295869195895,0.9851975707244189,False,,False
bliss_z,dose,18,1.6,0.007117303411495255,0.9944041167630265,0.9944041167630265,False,,False
bliss_z,dose,18,1.6666666666666667,-0.019909076626512066,0.9843477135517635,0.987639846373007,False,,False
bliss_z,dose,18,1.7333333333333334,-0.04618000167825195,0.963704934976554,0.9767279746383992,False,,False
bliss_z,dose,18,1.8,-0.07686228085213065,0.9396304728864336,0.9620789824775771,False,,False
bliss_z,dose,18,1.8666666666666667,-0.10036857253486554,0.9212259059212169,0.9497174287847597,False,,False
bliss_z,dose,18,1.9333333333333333,-0.12120910396217904,0.9049465741585409,0.9393909074310112,False,,False
bliss_z,dose,18,2.0,-0.1393292202089343,0.8908273105363519,0.9311783733829462,False,,False
bliss_z,dose,18,2.066666666666667,-0.15716036177216147,0.87696994491545,0.922145542353898,False,,False
bliss_z,dose,18,2.1333333333333333,-0.19781713128416145,0.8455342433827856,0.9017891998370452,False,,False
bliss_z,dose,18,2.2,-0.24734970820342586,0.8076001817614581,0.8789019436404683,False,,False
bliss_z,dose,18,2.2666666666666666,-0.27566984413576434,0.7861245386209985,0.8706828377661053,False,,False
bliss_z,dose,18,2.3333333333333335,-0.29701532584087664,0.7700533203349962,0.865920852940795,False,,False
bliss_z,dose,18,2.4,-0.3174815787723065,0.7547444392605898,0.8609252158866043,False,,False
bliss_z,dose,18,2.466666666666667,-0.3363856462333357,0.7406966466882606,0.8546499769479929,False,,False
bliss_z,dose,18,2.533333333333333,-0.3586655400896419,0.7242608112007101,0.8487431381258321,False,,False
bliss_z,dose,18,2.6,-0.3731513474118171,0.7136479340252845,0.8487431381258321,False,,False
bliss_z,dose,18,2.6666666666666665,-0.38133463086012354,0.7076789660049677,0.8487431381258321,False,,False
bliss_z,dose,18,2.7333333333333334,-0.3832777383000826,0.706264499405153,0.8487431381258321,False,,False
bliss_z,dose,18,2.8,-0.38305368662536166,0.7064275393999279,0.8487431381258321,False,,False
bliss_z,dose,18,2.8666666666666667,-0.37914415232662796,0.7092748236754326,0.8487431381258321,False,,False
bliss_z,dose,18,2.933333333333333,-0.37020510346106006,0.7158016659973678,0.8487431381258321,False,,False
bliss_z,dose,18,3.0,-0.36353292799391684,0.7206881893129924,0.8487431381258321,False,,False
bliss_z,dose,18,3.066666666666667,-0.3589655693907287,0.7240404017107461,0.8487431381258321,False,,False
bliss_z,dose,18,3.1333333333333333,-0.36101644680377776,0.7225344416487218,0.8487431381258321,False,,False
bliss_z,dose,18,3.2,-0.3614978323080409,0.7221811295929866,0.8487431381258321,False,,False
bliss_z,dose,18,3.2666666666666666,-0.3647749817990111,0.7197775919336695,0.8487431381258321,False,,False
bliss_z,dose,18,3.3333333333333335,-0.3697205842844781,0.7161560908878736,0.8487431381258321,False,,False
bliss_z,dose,18,3.4,-0.37626773127306534,0.7113725332291786,0.8487431381258321,False,,False
bliss_z,dose,18,3.466666666666667,-0.3807137337616434,0.708131174433408,0.8487431381258321,False,,False
bliss_z,dose,18,3.533333333333333,-0.39256633304488037,0.6995183075304314,0.8487431381258321,False,,False
bliss_z,dose,18,3.6,-0.4028280999869661,0.6920952857566999,0.8487431381258321,False,,False
bliss_z,dose,18,3.6666666666666665,-0.4135417101685477,0.6843796904961771,0.8487431381258321,False,,False
bliss_z,dose,18,3.7333333333333334,-0.4218242154994191,0.6784393625353494,0.8487431381258321,False,,False
bliss_z,dose,18,3.8,-0.4298595474279215,0.6726970528886369,0.8487431381258321,False,,False
bliss_z,dose,18,3.8666666666666667,-0.4376679410452203,0.6671367852851732,0.8487431381258321,False,,False
bliss_z,dose,18,3.933333333333333,-0.4445498878116775,0.6622526861604866,0.8487431381258321,False,,False
bliss_z,dose,18,4.0,-0.44618094234541406,0.6610974130774195,0.8487431381258321,False,,False
bliss_z,dose,18,4.066666666666666,-0.4490004483549605,0.6591024376718925,0.8487431381258321,False,,False
bliss_z,dose,18,4.133333333333334,-0.4559121087921074,0.6542232074011404,0.8487431381258321,False,,False
bliss_z,dose,18,4.2,-0.4638778735346014,0.648619768443486,0.8487431381258321,False,,False
bliss_z,dose,18,4.266666666666667,-0.4685978488407945,0.6453097251104539,0.8487431381258321,False,,False
bliss_z,dose,18,4.333333333333333,-0.4763166809370953,0.6399131292723503,0.8487431381258321,False,,False
bliss_z,dose,18,4.4,-0.47949377555225375,0.637697871216751,0.8487431381258321,False,,False
bliss_z,dose,18,4.466666666666667,-0.48355303970441726,0.6348726405004371,0.8487431381258321,False,,False
bliss_z,dose,18,4.533333333333333,-0.48888223075154014,0.631172336195352,0.8487431381258321,False,,False
bliss_z,dose,18,4.6,-0.49309311028280006,0.6282556330570436,0.8487431381258321,False,,False
bliss_z,dose,18,4.666666666666667,-0.49354158443651774,0.6279453648741171,0.8487431381258321,False,,False
bliss_z,dose,18,4.733333333333333,-0.49449065897569555,0.6272890023887548,0.8487431381258321,False,,False
bliss_z,dose,18,4.8,-0.501147398703376,0.6226943827952273,0.8487431381258321,False,,False
bliss_z,dose,18,4.866666666666666,-0.5038791250974435,0.620813500245016,0.8487431381258321,False,,False
bliss_z,dose,18,4.933333333333334,-0.5045530241212646,0.6203499134666299,0.8487431381258321,False,,False
bliss_z,dose,18,5.0,-0.5049777990139073,0.6200577879469933,0.8487431381258321,False,,False
bliss_z,dose,18,5.066666666666666,-0.5049955578993862,0.6200455762573843,0.8487431381258321,False,,False
bliss_z,dose,18,5.133333333333334,-0.5041264802860947,0.6206433212500513,0.8487431381258321,False,,False
bliss_z,dose,18,5.2,-0.5049689103215147,0.6200639001951138,0.8487431381258321,False,,False
bliss_z,dose,18,5.266666666666667,-0.5049036885134185,0.620108750397787,0.8487431381258321,False,,False
bliss_z,dose,18,5.333333333333333,-0.5027673861422481,0.6215786435985796,0.8487431381258321,False,,False
bliss_z,dose,18,5.4,-0.502797801093632,0.6215577048672923,0.8487431381258321,False,,False
bliss_z,dose,18,5.466666666666667,-0.5061826842769157,0.619229521917039,0.8487431381258321,False,,False
bliss_z,dose,18,5.533333333333333,-0.5117366430492571,0.6154184260025778,0.8487431381258321,False,,False
bliss_z,dose,18,5.6,-0.512813937102846,0.614680496076494,0.8487431381258321,False,,False
bliss_z,dose,18,5.666666666666667,-0.5144866642038827,0.6135355460365898,0.8487431381258321,False,,False
bliss_z,dose,18,5.733333333333333,-0.5166728328927535,0.6120407033044085,0.8487431381258321,False,,False
bliss_z,dose,18,5.8,-0.5156980626281319,0.6127070077106607,0.8487431381258321,False,,False
bliss_z,dose,18,5.866666666666666,-0.5148490037562071,0.6132876666980839,0.8487431381258321,False,,False
bliss_z,dose,18,5.933333333333334,-0.5130152586250186,0.6145426410260342,0.8487431381258321,False,,False
bliss_z,dose,18,6.0,-0.5110432429251409,0.6158936189636207,0.8487431381258321,False,,False
bliss_z,dose,18,6.066666666666666,-0.5102325429332716,0.616449421209474,0.8487431381258321,False,,False
bliss_z,dose,18,6.133333333333334,-0.5093214113104281,0.6170743638865217,0.8487431381258321,False,,False
bliss_z,dose,18,6.2,-0.5092879202565289,0.6170973410751764,0.8487431381258321,False,,False
bliss_z,dose,18,6.266666666666667,-0.5109711270820222,0.6159430506456042,0.8487431381258321,False,,False
bliss_z,dose,18,6.333333333333333,-0.5205986618455452,0.6093607474177947,0.8487431381258321,False,,False
bliss_z,dose,18,6.4,-0.5315613827562021,0.6019073648909592,0.8487431381258321,False,,False
bliss_z,dose,18,6.466666666666667,-0.5323266092069961,0.6013887760316854,0.8487431381258321,False,,False
bliss_z,dose,18,6.533333333333333,-0.5330271395387008,0.600914224146453,0.8487431381258321,False,,False
bliss_z,dose,18,6.6,-0.5358279809110658,0.5990187287944052,0.8487431381258321,False,,False
bliss_z,dose,18,6.666666666666667,-0.5385188255070581,0.597200462277647,0.8487431381258321,False,,False
bliss_z,dose,18,6.733333333333333,-0.5374004227832867,0.5979558607709613,0.8487431381258321,False,,False
bliss_z,dose,18,6.8,-0.5395050695155772,0.5965347200951268,0.8487431381258321,False,,False
bliss_z,dose,18,6.866666666666666,-0.5375158099272674,0.5978779033851758,0.8487431381258321,False,,False
bliss_z,dose,18,6.933333333333334,-0.5362723119798104,0.5987182953698675,0.8487431381258321,False,,False
bliss_z,dose,18,7.0,-0.5354411175918289,0.5992803661942708,0.8487431381258321,False,,False
bliss_z,dose,18,7.066666666666666,-0.5348977171961053,0.5996479656297672,0.8487431381258321,False,,False
bliss_z,dose,18,7.133333333333334,-0.5351436065363161,0.5994816126492919,0.8487431381258321,False,,False
bliss_z,dose,18,7.2,-0.5336670970762947,0.6004808666222655,0.8487431381258321,False,,False
bliss_z,dose,18,7.266666666666667,-0.5308293413473839,0.6024036701308657,0.8487431381258321,False,,False
bliss_z,dose,18,7.333333333333333,-0.5293371066971104,0.6034159888368932,0.8487431381258321,False,,False
bliss_z,dose,18,7.4,-0.527254236197372,0.6048303825681227,0.8487431381258321,False,,False
bliss_z,dose,18,7.466666666666667,-0.5266258936723486,0.6052573828442662,0.8487431381258321,False,,False
bliss_z,dose,18,7.533333333333333,-0.5233289233266853,0.607500302371229,0.8487431381258321,False,,False
bliss_z,dose,18,7.6,-0.5200463347464863,0.6097374479105713,0.8487431381258321,False,,False
bliss_z,dose,18,7.666666666666667,-0.5197516005661431,0.6099385099353898,0.8487431381258321,False,,False
bliss_z,dose,18,7.733333333333333,-0.5216540052631368,0.6086412915235881,0.8487431381258321,False,,False
bliss_z,dose,18,7.8,-0.5235389888006104,0.6073572748535487,0.8487431381258321,False,,False
bliss_z,dose,18,7.866666666666666,-0.5241813873009048,0.6069199859756039,0.8487431381258321,False,,False
bliss_z,dose,18,7.933333333333334,-0.5264214834680329,0.6053963248333976,0.8487431381258321,False,,False
bliss_z,dose,18,8.0,-0.530914630599433,0.6023458358683583,0.8487431381258321,False,,False
bliss_z,dose,18,8.066666666666666,-0.5381094350935124,0.5974769203813262,0.8487431381258321,False,,False
bliss_z,dose,18,8.133333333333333,-0.5440184488001172,0.5934927739547738,0.8487431381258321,False,,False
bliss_z,dose,18,8.2,-0.5531839596927824,0.5873392991701331,0.8487431381258321,False,,False
bliss_z,dose,18,8.266666666666667,-0.5620425900565023,0.5814226094907112,0.8487431381258321,False,,False
bliss_z,dose,18,8.333333333333334,-0.5694775039635852,0.5764803836827542,0.8487431381258321,False,,False
bliss_z,dose,18,8.4,-0.5727414276591755,0.5743175906258166,0.8487431381258321,False,,False
bliss_z,dose,18,8.466666666666667,-0.5791635504988834,0.5700743251501007,0.8487431381258321,False,,False
bliss_z,dose,18,8.533333333333333,-0.5821319490003191,0.5681185466267406,0.8487431381258321,False,,False
bliss_z,dose,18,8.6,-0.5801510328498625,0.5694233176320659,0.8487431381258321,False,,False
bliss_z,dose,18,8.666666666666666,-0.5758954118973135,0.5722316334307352,0.8487431381258321,False,,False
bliss_z,dose,18,8.733333333333333,-0.575136930100211,0.5727329136115442,0.8487431381258321,False,,False
bliss_z,dose,18,8.8,-0.5751478522150263,0.5727256935796757,0.8487431381258321,False,,False
bliss_z,dose,18,8.866666666666667,-0.5711400252878318,0.5753782139802474,0.8487431381258321,False,,False
bliss_z,dose,18,8.933333333333334,-0.5700789941750762,0.5760814999806952,0.8487431381258321,False,,False
bliss_z,dose,18,9.0,-0.5660071336050093,0.5787845612701267,0.8487431381258321,False,,False
bliss_z,dose,18,9.066666666666666,-0.5599996396315173,0.5827843999485595,0.8487431381258321,False,,False
bliss_z,dose,18,9.133333333333333,-0.552375973090393,0.5878804636555638,0.8487431381258321,False,,False
bliss_z,dose,18,9.2,-0.5362599932012182,0.5987266236792251,0.8487431381258321,False,,False
bliss_z,dose,18,9.266666666666667,-0.5301938927052708,0.6028346508645135,0.8487431381258321,False,,False
bliss_z,dose,18,9.333333333333334,-0.5236983802915246,0.6072487607241328,0.8487431381258321,False,,False
bliss_z,dose,18,9.4,-0.5118080060152151,0.6153695303336602,0.8487431381258321,False,,False
bliss_z,dose,18,9.466666666666667,-0.5001715160876617,0.6233669620868239,0.8487431381258321,False,,False
bliss_z,dose,18,9.533333333333333,-0.48764061461443625,0.632033552530091,0.8487431381258321,False,,False
bliss_z,dose,18,9.6,-0.47327346636221007,0.6420383255853578,0.8487431381258321,False,,False
bliss_z,dose,18,9.666666666666666,-0.4590057190529226,0.6520444891564184,0.8487431381258321,False,,False
bliss_z,dose,18,9.733333333333333,-0.44121958540339185,0.6646142545758748,0.8487431381258321,False,,False
bliss_z,dose,18,9.8,-0.4280706798395282,0.6739736521601303,0.8487431381258321,False,,False
bliss_z,dose,18,9.866666666666667,-0.40708223824191186,0.6890273611445028,0.8487431381258321,False,,False
bliss_z,dose,18,9.933333333333334,-0.3913894649523407,0.7003716374281923,0.8487431381258321,False,,False
bliss_z,dose,18,10.0,-0.3718423303777384,0.7146045319320393,0.8487431381258321,False,,False
bliss_z,dose,18,10.066666666666666,-0.34812865754457945,0.7320171660726754,0.849606457197713,False,,False
bliss_z,dose,18,10.133333333333333,-0.327427677522219,0.7473420056929801,0.8583830922169279,False,,False
bliss_z,dose,18,10.2,-0.3058722793570585,0.7634158406562928,0.865920852940795,False,,False
bliss_z,dose,18,10.266666666666667,-0.28068444946467797,0.7823397476282831,0.8706828377661053,False,,False
bliss_z,dose,18,10.333333333333334,-0.2527776832619525,0.8034711960064856,0.8789019436404683,False,,False
bliss_z,dose,18,10.4,-0.23872188822376517,0.8141752422707743,0.8789019436404683,False,,False
bliss_z,dose,18,10.466666666666667,-0.24319210068856473,0.8107667811346949,0.8789019436404683,False,,False
bliss_z,dose,18,10.533333333333333,-0.19762089320202003,0.8456853774648904,0.9017891998370452,False,,False
bliss_z,dose,18,10.6,-0.03746027813587931,0.9705543931067955,0.9803579728351469,False,,False
bliss_z,dose,18,10.666666666666666,0.17225475649400415,0.8652712859427947,0.914018964024079,False,,False
bliss_z,dose,18,10.733333333333333,0.27344871682156047,0.787802711385728,0.8706828377661053,False,,False
bliss_z,dose,18,10.8,0.2735351399403477,0.7877373942487895,0.8706828377661053,False,,False
bliss_z,dose,18,10.866666666666667,0.2701491834897612,0.7902976557535804,0.8706828377661053,False,,False
bliss_z,dose,18,10.933333333333334,0.2961942808337766,0.7706695591173076,0.865920852940795,False,,False
bliss_z,dose,18,11.0,0.3243168469152423,0.7496545672027837,0.8583830922169279,False,,False
bliss_z,dose,18,11.066666666666666,0.34612761265366565,0.7334935747140255,0.849606457197713,False,,False
bliss_z,dose,18,11.133333333333333,0.3658494604459534,0.7189901998816866,0.8487431381258321,False,,False
bliss_z,dose,18,11.2,0.3835332533386896,0.7060785817966839,0.8487431381258321,False,,False
bliss_z,dose,18,11.266666666666667,0.40434801059258524,0.6909985472326822,0.8487431381258321,False,,False
bliss_z,dose,18,11.333333333333334,0.4299151968239022,0.6726573559754779,0.8487431381258321,False,,False
bliss_z,dose,18,11.4,0.45113407056032384,0.6575945223942868,0.8487431381258321,False,,False
bliss_z,dose,18,11.466666666666667,0.477427203957169,0.6391384076202533,0.8487431381258321,False,,False
bliss_z,dose,18,11.533333333333333,0.5060026607690887,0.6193532407941599,0.8487431381258321,False,,False
bliss_z,dose,18,11.6,0.5341669791563144,0.6001424706332867,0.8487431381258321,False,,False
bliss_z,dose,18,11.666666666666666,0.561343696472229,0.5818882955525552,0.8487431381258321,False,,False
bliss_z,dose,18,11.733333333333333,0.5840088137651138,0.5668837513420534,0.8487431381258321,False,,False
bliss_z,dose,18,11.8,0.611652525332269,0.5488609261677483,0.8487431381258321,False,,False
bliss_z,dose,18,11.866666666666667,0.6559506639353503,0.5206357315115459,0.8487431381258321,False,,False
bliss_z,dose,18,11.933333333333334,0.7045134423752069,0.49065279626464914,0.8487431381258321,False,,False
bliss_z,dose,18,12.0,0.7453313090703177,0.4662522969018902,0.8487431381258321,False,,False
bliss_z,dose,18,12.066666666666666,0.7745271679326918,0.44925809016627816,0.8487431381258321,False,,False
bliss_z,dose,18,12.133333333333333,0.793412041967863,0.4384722863215646,0.8487431381258321,False,,False
bliss_z,dose,18,12.2,0.8008769979856976,0.43425388646877217,0.8487431381258321,False,,False
bliss_z,dose,18,12.266666666666667,0.8126358518259014,0.42766108907354955,0.8487431381258321,False,,False
bliss_z,dose,18,12.333333333333334,0.8297080722532995,0.4182030544159877,0.8487431381258321,False,,False
bliss_z,dose,18,12.4,0.8479493247722504,0.40824695952993884,0.8487431381258321,False,,False
bliss_z,dose,18,12.466666666666667,0.8676683581059234,0.39765889051470377,0.8487431381258321,False,,False
bliss_z,dose,18,12.533333333333333,0.8832246415537793,0.3894344529314166,0.8487431381258321,False,,False
bliss_z,dose,18,12.6,0.8966202116220374,0.38244338352808954,0.8487431381258321,False,,False
bliss_z,dose,18,12.666666666666666,0.9123823513625193,0.37432527856399156,0.8487431381258321,False,,False
bliss_z,dose,18,12.733333333333333,0.9232537115628888,0.36879427593087594,0.8487431381258321,False,,False
bliss_z,dose,18,12.8,0.9326613341807714,0.36405292369636033,0.8487431381258321,False,,False
bliss_z,dose,18,12.866666666666667,0.9423292056578364,0.3592238749102982,0.8487431381258321,False,,False
bliss_z,dose,18,12.933333333333334,0.9574303206615142,0.35176912429430957,0.8487431381258321,False,,False
bliss_z,dose,18,13.0,0.9731045696020384,0.3441451384024018,0.8487431381258321,False,,False
bliss_z,dose,18,13.066666666666666,0.9945321005882596,0.3339099806695191,0.8487431381258321,False,,False
bliss_z,dose,18,13.133333333333333,1.0120331549684276,0.3257105829224044,0.8487431381258321,False,,False
bliss_z,dose,18,13.2,1.0303735656179356,0.31727219030795284,0.8487431381258321,False,,False
bliss_z,dose,18,13.266666666666667,1.0488602083133356,0.3089258305261952,0.8487431381258321,False,,False
bliss_z,dose,18,13.333333333333334,1.0605135146914608,0.3037465344075107,0.8487431381258321,False,,False
bliss_z,dose,18,13.4,1.0671038726059747,0.3008454377726798,0.8487431381258321,False,,False
bliss_z,dose,18,13.466666666666667,1.0762080912710126,0.2968709121191142,0.8487431381258321,False,,False
bliss_z,dose,18,13.533333333333333,1.0823959463837918,0.2941914840330742,0.8487431381258321,False,,False
bliss_z,dose,18,13.6,1.0890083342523842,0.2913478092768818,0.8487431381258321,False,,False
bliss_z,dose,18,13.666666666666666,1.0906903873325442,0.29062766150964164,0.8487431381258321,False,,False
bliss_z,dose,18,13.733333333333333,1.099937253338967,0.2866920549889248,0.8487431381258321,False,,False
bliss_z,dose,18,13.8,1.1110277076739978,0.2820237049122786,0.8487431381258321,False,,False
bliss_z,dose,18,13.866666666666667,1.122241640258363,0.2773607624190182,0.8487431381258321,False,,False
bliss_z,dose,18,13.933333333333334,1.1287875739670787,0.2746654408764163,0.8487431381258321,False,,False
bliss_z,dose,18,14.0,1.1303983572130274,0.2740051909885423,0.8487431381258321,False,,False
bliss_z,dose,18,14.066666666666666,1.1291438684447554,0.2745192960997193,0.8487431381258321,False,,False
bliss_z,dose,18,14.133333333333333,1.1264101461110434,0.275642096278251,0.8487431381258321,False,,False
bliss_z,dose,18,14.2,1.1313871998336926,0.27360045664377647,0.8487431381258321,False,,False
bliss_z,dose,18,14.266666666666667,1.1419240949135205,0.2693153359964509,0.8487431381258321,False,,False
bliss_z,dose,18,14.333333333333334,1.1598465599247403,0.26214234107059037,0.8487431381258321,False,,False
bliss_z,dose,18,14.4,1.1682645441254302,0.2588233112784407,0.8487431381258321,False,,False
bliss_z,dose,18,14.466666666666667,1.15601436376494,0.26366386954761833,0.8487431381258321,False,,False
bliss_z,dose,18,14.533333333333333,1.1359675354981194,0.2717315304477333,0.8487431381258321,False,,False
bliss_z,dose,18,14.6,1.1282373756587996,0.27489123483130373,0.8487431381258321,False,,False
bliss_z,dose,18,14.666666666666666,1.1317214385063716,0.2734637531727186,0.8487431381258321,False,,False
bliss_z,dose,18,14.733333333333333,1.1384220052865721,0.27073395585808424,0.8487431381258321,False,,False
bliss_z,dose,18,14.8,1.1407308495319168,0.2697980678431817,0.8487431381258321,False,,False
bliss_z,dose,18,14.866666666666667,1.1415520544326054,0.2694657769877234,0.8487431381258321,False,,False
bliss_z,dose,18,14.933333333333334,1.1407148610842648,0.26980454041900975,0.8487431381258321,False,,False
bliss_z,dose,18,15.0,1.141604985140414,0.2694443697077782,0.8487431381258321,False,,False
bliss_z,dose,18,15.066666666666666,1.1459735129023352,0.26768194628494485,0.8487431381258321,False,,False
bliss_z,dose,18,15.133333333333333,1.1484688136518775,0.2666791338030996,0.8487431381258321,False,,False
bliss_z,dose,18,15.2,1.155790152073464,0.263753095406368,0.8487431381258321,False,,False
bliss_z,dose,18,15.266666666666667,1.163359533759713,0.26075337308187246,0.8487431381258321,False,,False
bliss_z,dose,18,15.333333333333334,1.1692457849411466,0.2584385032268282,0.8487431381258321,False,,False
bliss_z,dose,18,15.4,1.177397180324099,0.25525851357811374,0.8487431381258321,False,,False
bliss_z,dose,18,15.466666666666667,1.188486777020239,0.25098001362858996,0.8487431381258321,False,,False
bliss_z,dose,18,15.533333333333333,1.1897225879077955,0.2505066199001705,0.8487431381258321,False,,False
bliss_z,dose,18,15.6,1.195917427309206,0.24814384215654295,0.8487431381258321,False,,False
bliss_z,dose,18,15.666666666666666,1.1960632879387298,0.24808841481206778,0.8487431381258321,False,,False
bliss_z,dose,18,15.733333333333333,1.1975321530950966,0.24753076923709322,0.8487431381258321,False,,False
bliss_z,dose,18,15.8,1.2067483881627068,0.24405369576011068,0.8487431381258321,False,,False
bliss_z,dose,18,15.866666666666667,1.2111007009004255,0.2424247183113264,0.8487431381258321,False,,False
bliss_z,dose,18,15.933333333333334,1.2158056973098954,0.2406731284626153,0.8487431381258321,False,,False
bliss_z,dose,18,16.0,1.2175984148442422,0.24000829239569912,0.8487431381258321,False,,False
bliss_z,dose,18,16.066666666666666,1.2175358681779869,0.240031464286319,0.8487431381258321,False,,False
bliss_z,dose,18,16.133333333333333,1.217181898626119,0.24016263305790053,0.8487431381258321,False,,False
bliss_z,dose,18,16.2,1.2189779876250844,0.23949763395195578,0.8487431381258321,False,,False
bliss_z,dose,18,16.266666666666666,1.2121087177101424,0.24204863046447686,0.8487431381258321,False,,False
bliss_z,dose,18,16.333333333333332,1.213376619105908,0.24157621602019955,0.8487431381258321,False,,False
bliss_z,dose,18,16.4,1.2064576860281069,0.24416279718791542,0.8487431381258321,False,,False
bliss_z,dose,18,16.466666666666665,1.1974022085226748,0.24758006329552532,0.8487431381258321,False,,False
bliss_z,dose,18,16.533333333333335,1.1905180832520819,0.2502022545442228,0.8487431381258321,False,,False
bliss_z,dose,18,16.6,1.1809817468762869,0.25386953718342065,0.8487431381258321,False,,False
bliss_z,dose,18,16.666666666666668,1.172074309778933,0.25733167474444607,0.8487431381258321,False,,False
bliss_z,dose,18,16.733333333333334,1.1649720439119295,0.26011767592196305,0.8487431381258321,False,,False
bliss_z,dose,18,16.8,1.1534212275507698,0.26469720496061316,0.8487431381258321,False,,False
bliss_z,dose,18,16.866666666666667,1.1413505651058153,0.26954727891029656,0.8487431381258321,False,,False
bliss_z,dose,18,16.933333333333334,1.1302036590472677,0.27408493367795794,0.8487431381258321,False,,False
bliss_z,dose,18,17.0,1.1158036530140045,0.280030743923944,0.8487431381258321,False,,False
bliss_z,dose,18,17.066666666666666,1.0993980837167048,0.28692045186239573,0.8487431381258321,False,,False
bliss_z,dose,18,17.133333333333333,1.0883807266715284,0.2916168455239694,0.8487431381258321,False,,False
bliss_z,dose,18,17.2,1.0782900304060627,0.2959674236948209,0.8487431381258321,False,,False
bliss_z,dose,18,17.266666666666666,1.0679870607246134,0.30045818929870594,0.8487431381258321,False,,False
bliss_z,dose,18,17.333333333333332,1.053093619358079,0.3070369795179592,0.8487431381258321,False,,False
bliss_z,dose,18,17.4,1.0334184177208163,0.31588650972692434,0.8487431381258321,False,,False
bliss_z,dose,18,17.466666666666665,1.0156009605086103,0.3240566856240045,0.8487431381258321,False,,False
bliss_z,dose,18,17.533333333333335,0.9894709022762175,0.3363080378506018,0.8487431381258321,False,,False
bliss_z,dose,18,17.6,0.9694008871718822,0.34593617016201716,0.8487431381258321,False,,False
bliss_z,dose,18,17.666666666666668,0.946237373073794,0.3572842739966575,0.8487431381258321,False,,False
bliss_z,dose,18,17.733333333333334,0.921279203866207,0.36979470472582343,0.8487431381258321,False,,False
bliss_z,dose,18,17.8,0.9004322871128199,0.3804693011108739,0.8487431381258321,False,,False
bliss_z,dose,18,17.866666666666667,0.8846086647153393,0.38870823460004117,0.8487431381258321,False,,False
bliss_z,dose,18,17.933333333333334,0.8668166655750605,0.39811244602318446,0.8487431381258321,False,,False
bliss_z,dose,18,18.0,0.8514273451629029,0.406366251456562,0.8487431381258321,False,,False
bliss_z,dose,18,18.066666666666666,0.8426584428472567,0.41111877606108643,0.8487431381258321,False,,False
bliss_z,dose,18,18.133333333333333,0.8439765837991909,0.41040208706550846,0.8487431381258321,False,,False
bliss_z,dose,18,18.2,0.8461543981076959,0.4092197577272162,0.8487431381258321,False,,False
bliss_z,dose,18,18.266666666666666,0.8308319669549281,0.4175851568888759,0.8487431381258321,False,,False
bliss_z,dose,18,18.333333333333332,0.7921345190225618,0.43919677254733225,0.8487431381258321,False,,False
bliss_z,dose,18,18.4,0.7491234062961448,0.46402322707688753,0.8487431381258321,False,,False
bliss_z,dose,18,18.466666666666665,0.7191120743506134,0.48184080075003954,0.8487431381258321,False,,False
bliss_z,dose,18,18.533333333333335,0.7004972752181293,0.49309350258071477,0.8487431381258321,False,,False
bliss_z,dose,18,18.6,0.6875762335675834,0.5009937993065552,0.8487431381258321,False,,False
bliss_z,dose,18,18.666666666666668,0.6732234134291925,0.5098546545540156,0.8487431381258321,False,,False
bliss_z,dose,18,18.733333333333334,0.6570087483776719,0.5199716450244745,0.8487431381258321,False,,False
bliss_z,dose,18,18.8,0.6408913967612995,0.5301388183193905,0.8487431381258321,False,,False
bliss_z,dose,18,18.866666666666667,0.6322702735376483,0.5356221105185645,0.8487431381258321,False,,False
bliss_z,dose,18,18.933333333333334,0.6232098772343041,0.5414182063356815,0.8487431381258321,False,,False
bliss_z,dose,18,19.0,0.6184015170079276,0.5445080177421249,0.8487431381258321,False,,False
bliss_z,dose,18,19.066666666666666,0.609343910710656,0.5503542054015619,0.8487431381258321,False,,False
bliss_z,dose,18,19.133333333333333,0.5965969026516194,0.5586384303249815,0.8487431381258321,False,,False
bliss_z,dose,18,19.2,0.5859748510817846,0.565591794945783,0.8487431381258321,False,,False
bliss_z,dose,18,19.266666666666666,0.5789378749649288,0.5702231582821955,0.8487431381258321,False,,False
bliss_z,dose,18,19.333333333333332,0.5791357912770368,0.5700926312820622,0.8487431381258321,False,,False
bliss_z,dose,18,19.4,0.576394973641009,0.5719015975365205,0.8487431381258321,False,,False
bliss_z,dose,18,19.466666666666665,0.5750351815201163,0.5728001764744618,0.8487431381258321,False,,False
bliss_z,dose,18,19.533333333333335,0.5694012423751672,0.5765309673926402,0.8487431381258321,False,,False
bliss_z,dose,18,19.6,0.5657450205929749,0.5789587845736989,0.8487431381258321,False,,False
bliss_z,dose,18,19.666666666666668,0.5583677705515181,0.5838733361984301,0.8487431381258321,False,,False
bliss_z,dose,18,19.733333333333334,0.548567645581501,0.5904345433286609,0.8487431381258321,False,,False
bliss_z,dose,18,19.8,0.5386584533696539,0.5971061871957389,0.8487431381258321,False,,False
bliss_z,dose,18,19.866666666666667,0.5359808050465409,0.598915388702636,0.8487431381258321,False,,False
bliss_z,dose,18,19.933333333333334,0.537582253535091,0.5978330153130298,0.8487431381258321,False,,False
PC1,state,18,0.0,5.918600488444724,1.6841788322838506e-05,1.6841788322838506e-05,True,7.62939453125e-06,True
PC1,state,18,0.06666666666666667,6.252416494938154,8.7573308780998e-06,8.816104910838724e-06,True,7.62939453125e-06,True
PC1,state,18,0.13333333333333333,6.4547812055942035,5.934232252350055e-06,6.0144245800845154e-06,True,7.62939453125e-06,True
PC1,state,18,0.2,6.67581526631394,3.904166176972928e-06,3.983843037727478e-06,True,7.62939453125e-06,True
PC1,state,18,0.26666666666666666,6.926576482354925,2.447599955932496e-06,2.5146574889717427e-06,True,7.62939453125e-06,True
PC1,state,18,0.3333333333333333,7.169922805775987,1.568567893771078e-06,1.6226564418321497e-06,True,7.62939453125e-06,True
PC1,state,18,0.4,7.414680965237069,1.0107731333913876e-06,1.0528886806160288e-06,True,7.62939453125e-06,True
PC1,state,18,0.4666666666666667,7.684999399949561,6.279408172919756e-07,6.586791789775968e-07,True,7.62939453125e-06,True
PC1,state,18,0.5333333333333333,8.003120143145875,3.630604534645934e-07,3.917918562567555e-07,True,7.62939453125e-06,True
PC1,state,18,0.6,8.259146954116613,2.3583404132480247e-07,2.6203782369422495e-07,True,7.62939453125e-06,True
PC1,state,18,0.6666666666666666,8.529454574393172,1.5089933191810287e-07,1.7822755738358605e-07,True,7.62939453125e-06,True
PC1,state,18,0.7333333333333333,8.805575448136423,9.652606152496997e-08,1.1879016796436411e-07,True,7.62939453125e-06,True
PC1,state,18,0.8,9.120738917551138,5.8618213806427545e-08,7.51515561620866e-08,True,7.62939453125e-06,True
PC1,state,18,0.8666666666666667,9.567434881707541,2.948572770028843e-08,4.3573739522396946e-08,True,7.62939453125e-06,True
PC1,state,18,0.9333333333333333,9.860832018689543,1.9006101073424165e-08,3.351910412608881e-08,True,7.62939453125e-06,True
PC1,state,18,1.0,10.143257556813111,1.256394897406537e-08,2.512789794813074e-08,True,7.62939453125e-06,True
PC1,state,18,1.0666666666666667,10.429591142293047,8.328741537484963e-09,1.8372223979746244e-08,True,7.62939453125e-06,True
PC1,state,18,1.1333333333333333,10.688886963019591,5.781181157058652e-09,1.4450802695756792e-08,True,7.62939453125e-06,True
PC1,state,18,1.2,10.937722696057719,4.097897317734245e-09,1.1820857647310322e-08,True,7.62939453125e-06,True
PC1,state,18,1.2666666666666666,11.20601763325354,2.846474298663356e-09,9.281981408684858e-09,True,7.62939453125e-06,True
PC1,state,18,1.3333333333333333,11.419220010604686,2.141063715122256e-09,7.2990808470076905e-09,True,7.62939453125e-06,True
PC1,state,18,1.4,11.62923243457912,1.6238901776517559e-09,5.664733177854962e-09,True,7.62939453125e-06,True
PC1,state,18,1.4666666666666666,11.808223193039248,1.2869552649925713e-09,4.671438391252763e-09,True,7.62939453125e-06,True
PC1,state,18,1.5333333333333334,12.020403451247596,9.804125067416875e-10,3.870049368717187e-09,True,7.62939453125e-06,True
PC1,state,18,1.6,12.16677253778192,8.144636251950179e-10,3.490558393692934e-09,True,7.62939453125e-06,True
PC1,state,18,1.6666666666666667,12.302308265189543,6.870502257353223e-10,3.220547933134323e-09,True,7.62939453125e-06,True
PC1,state,18,1.7333333333333334,12.42148903341105,5.923291337447256e-10,2.9616456687236284e-09,True,7.62939453125e-06,True
PC1,state,18,1.8,12.56766376919242,4.945705828207778e-10,2.6494852651113096e-09,True,7.62939453125e-06,True
PC1,state,18,1.8666666666666667,12.732518516411684,4.0436249551241723e-10,2.426174973074503e-09,True,7.62939453125e-06,True
PC1,state,18,1.9333333333333333,12.870868659591165,3.4204938833511605e-10,2.230756880446409e-09,True,7.62939453125e-06,True
PC1,state,18,2.0,13.015561794691818,2.875811014755904e-10,1.9607802373335706e-09,True,7.62939453125e-06,True
PC1,state,18,2.066666666666667,13.141908641969192,2.4748445124300087e-10,1.767746080307149e-09,True,7.62939453125e-06,True
PC1,state,18,2.1333333333333333,13.250078773721611,2.1783604198632122e-10,1.6337703148974092e-09,True,7.62939453125e-06,True
PC1,state,18,2.2,13.38609759635178,1.857705164696968e-10,1.6337703148974092e-09,True,7.62939453125e-06,True
PC1,state,18,2.2666666666666666,13.372480876386145,1.8874398417309182e-10,1.6337703148974092e-09,True,7.62939453125e-06,True
PC1,state,18,2.3333333333333335,13.287565290504595,2.0845503596413097e-10,1.6337703148974092e-09,True,7.62939453125e-06,True
PC1,state,18,2.4,13.352151578133629,1.932769385138963e-10,1.6337703148974092e-09,True,7.62939453125e-06,True
PC1,state,18,2.466666666666667,13.426067828982129,1.7732390756615976e-10,1.6337703148974092e-09,True,7.62939453125e-06,True
PC1,state,18,2.533333333333333,13.474886652306637,1.6755294479469617e-10,1.6337703148974092e-09,True,7.62939453125e-06,True
PC1,state,18,2.6,13.52225906776707,1.586125381322692e-10,1.6337703148974092e-09,True,7.62939453125e-06,True
PC1,state,18,2.6666666666666665,13.548968293801494,1.537947085759814e-10,1.6337703148974092e-09,True,7.62939453125e-06,True
PC1,state,18,2.7333333333333334,13.573906698276827,1.4943538463685936e-10,1.6337703148974092e-09,True,7.62939453125e-06,True
PC1,state,18,2.8,13.594860631013228,1.4587323998260656e-10,1.6337703148974092e-09,True,7.62939453125e-06,True
PC1,state,18,2.8666666666666667,13.585415689333486,1.474676641431856e-10,1.6337703148974092e-09,True,7.62939453125e-06,True
PC1,state,18,2.933333333333333,13.549924386328705,1.536251332842731e-10,1.6337703148974092e-09,True,7.62939453125e-06,True
PC1,state,18,3.0,13.515577446014676,1.5984247041827334e-10,1.6337703148974092e-09,True,7.62939453125e-06,True
PC1,state,18,3.066666666666667,13.511076063612343,1.606767337732249e-10,1.6337703148974092e-09,True,7.62939453125e-06,True
PC1,state,18,3.1333333333333333,13.52566707928761,1.5798904604529659e-10,1.6337703148974092e-09,True,7.62939453125e-06,True
PC1,state,18,3.2,13.49349614655289,1.6397911467872977e-10,1.6337703148974092e-09,True,7.62939453125e-06,True
PC1,state,18,3.2666666666666666,13.477836806216729,1.6698095735594394e-10,1.6337703148974092e-09,True,7.62939453125e-06,True
PC1,state,18,3.3333333333333335,13.506427319721778,1.6154312585789345e-10,1.6337703148974092e-09,True,7.62939453125e-06,True
PC1,state,18,3.4,13.320660345626244,2.005265853892421e-10,1.6337703148974092e-09,True,7.62939453125e-06,True
PC1,state,18,3.466666666666667,12.807480503473043,3.692406447934957e-10,2.307754029959348e-09,True,7.62939453125e-06,True
PC1,state,18,3.533333333333333,12.61239343268496,4.681729001928409e-10,2.619917280073272e-09,True,7.62939453125e-06,True
PC1,state,18,3.6,12.606464177447767,4.71585110413189e-10,2.619917280073272e-09,True,7.62939453125e-06,True
PC1,state,18,3.6666666666666665,12.510949101677195,5.303138673967055e-10,2.7430027623967525e-09,True,7.62939453125e-06,True
PC1,state,18,3.7333333333333334,12.390088101087889,6.158693895464908e-10,2.9800131752249556e-09,True,7.62939453125e-06,True
PC1,state,18,3.8,12.272967549368603,7.127327391635952e-10,3.2396942689254326e-09,True,7.62939453125e-06,True
PC1,state,18,3.8666666666666667,12.187332038004781,7.936366106115919e-10,3.490558393692934e-09,True,7.62939453125e-06,True
PC1,state,18,3.933333333333333,12.13212802992334,8.508707504205049e-10,3.545294793418771e-09,True,7.62939453125e-06,True
PC1,state,18,4.0,12.05187745781601,9.419429040453699e-10,3.818687448832581e-09,True,7.62939453125e-06,True
PC1,state,18,4.066666666666666,11.941986722428672,1.083628583147053e-09,4.1453217627408984e-09,True,7.62939453125e-06,True
PC1,state,18,4.133333333333334,11.926438491550224,1.1054191367309063e-09,4.1453217627408984e-09,True,7.62939453125e-06,True
PC1,state,18,4.2,11.795666491645564,1.3080027495507736e-09,4.671438391252763e-09,True,7.62939453125e-06,True
PC1,state,18,4.266666666666667,11.36065203880579,2.3143232616751995e-09,7.714410872250665e-09,True,7.62939453125e-06,True
PC1,state,18,4.333333333333333,11.109712395349439,3.2417045466596746e-09,1.0345865574445771e-08,True,7.62939453125e-06,True
PC1,state,18,4.4,11.08544181627936,3.350144381497132e-09,1.0469201192178536e-08,True,7.62939453125e-06,True
PC1,state,18,4.466666666666667,11.03746494442364,3.575876988134152e-09,1.0946562208573935e-08,True,7.62939453125e-06,True
PC1,state,18,4.533333333333333,10.964614767752959,3.9497080090773214e-09,1.1820857647310322e-08,True,7.62939453125e-06,True
PC1,state,18,4.6,10.939440908214804,4.088256498159987e-09,1.1820857647310322e-08,True,7.62939453125e-06,True
PC1,state,18,4.666666666666667,10.861041857448726,4.5534290785827535e-09,1.288706342995119e-08,True,7.62939453125e-06,True
PC1,state,18,4.733333333333333,10.75283370503959,5.288816743286192e-09,1.4166473419516585e-08,True,7.62939453125e-06,True
PC1,state,18,4.8,10.70735867149119,5.634194481224128e-09,1.4450802695756792e-08,True,7.62939453125e-06,True
PC1,state,18,4.866666666666666,10.678043778802992,5.869336509992617e-09,1.4450802695756792e-08,True,7.62939453125e-06,True
PC1,state,18,4.933333333333334,10.668141803125419,5.9510739816589535e-09,1.4450802695756792e-08,True,7.62939453125e-06,True
PC1,state,18,5.0,10.762310711795887,5.2196834971880125e-09,1.4166473419516585e-08,True,7.62939453125e-06,True
PC1,state,18,5.066666666666666,10.76287660297564,5.2155855720422826e-09,1.4166473419516585e-08,True,7.62939453125e-06,True
PC1,state,18,5.133333333333334,10.698651728905773,5.702983650412049e-09,1.4450802695756792e-08,True,7.62939453125e-06,True
PC1,state,18,5.2,10.665510090044219,5.972998447579474e-09,1.4450802695756792e-08,True,7.62939453125e-06,True
PC1,state,18,5.266666666666667,10.61442368640777,6.415835313453924e-09,1.5275798365366486e-08,True,7.62939453125e-06,True
PC1,state,18,5.333333333333333,10.578536646864459,6.747457042829857e-09,1.5814352444132476e-08,True,7.62939453125e-06,True
PC1,state,18,5.4,10.537129841155782,7.152583186065546e-09,1.6505961198612798e-08,True,7.62939453125e-06,True
PC1,state,18,5.466666666666667,10.488164543508423,7.664867749883433e-09,1.7420153977007803e-08,True,7.62939453125e-06,True
PC1,state,18,5.533333333333333,10.431456725302233,8.306691167899756e-09,1.8372223979746244e-08,True,7.62939453125e-06,True
PC1,state,18,5.6,10.373405739526548,9.022472853364507e-09,1.9614071420357625e-08,True,7.62939453125e-06,True
PC1,state,18,5.666666666666667,10.333572664787022,9.5508938421115e-09,2.046620109023893e-08,True,7.62939453125e-06,True
PC1,state,18,5.733333333333333,10.306420126789403,9.929652996655926e-09,2.0978140133780125e-08,True,7.62939453125e-06,True
PC1,state,18,5.8,10.2680200731117,1.0492449390148064e-08,2.1859269562808468e-08,True,7.62939453125e-06,True
PC1,state,18,5.866666666666666,10.218845799700867,1.1262486360552349e-08,2.3142095261408936e-08,True,7.62939453125e-06,True
PC1,state,18,5.933333333333334,10.173459952240908,1.202593887074557e-08,2.4376903116376152e-08,True,7.62939453125e-06,True
PC1,state,18,6.0,10.104220282931816,1.3297038375333685e-08,2.624415468815859e-08,True,7.62939453125e-06,True
PC1,state,18,6.066666666666666,10.03175947688334,1.4779361648572809e-08,2.879096425046651e-08,True,7.62939453125e-06,True
PC1,state,18,6.133333333333334,9.97976794451996,1.5949205780726035e-08,3.06715495783193e-08,True,7.62939453125e-06,True
PC1,state,18,6.2,9.964449662716346,1.6312115850377703e-08,3.069627629507472e-08,True,7.62939453125e-06,True
PC1,state,18,6.266666666666667,9.96198351460897,1.6371347357373186e-08,3.069627629507472e-08,True,7.62939453125e-06,True
PC1,state,18,6.333333333333333,9.933715759758908,1.7066628663401985e-08,3.160486789518886e-08,True,7.62939453125e-06,True
PC1,state,18,6.4,9.905421629429663,1.7793655998871332e-08,3.254937072964268e-08,True,7.62939453125e-06,True
PC1,state,18,6.466666666666667,9.891478221303002,1.816382308431218e-08,3.2826186296949726e-08,True,7.62939453125e-06,True
PC1,state,18,6.533333333333333,9.865321423781696,1.8880195397367687e-08,3.351910412608881e-08,True,7.62939453125e-06,True
PC1,state,18,6.6,9.851478848639744,1.9271249607428784e-08,3.351910412608881e-08,True,7.62939453125e-06,True
PC1,state,18,6.666666666666667,9.834420984475676,1.9764857923339445e-08,3.351910412608881e-08,True,7.62939453125e-06,True
PC1,state,18,6.733333333333333,9.820249086534332,2.0185040233536623e-08,3.351910412608881e-08,True,7.62939453125e-06,True
PC1,state,18,6.8,9.815268609158737,2.0334923169827216e-08,3.351910412608881e-08,True,7.62939453125e-06,True
PC1,state,18,6.866666666666666,9.817504002443297,2.0267507117122738e-08,3.351910412608881e-08,True,7.62939453125e-06,True
PC1,state,18,6.933333333333334,9.815471844076777,2.032878420258843e-08,3.351910412608881e-08,True,7.62939453125e-06,True
PC1,state,18,7.0,9.645193760139799,2.6221940237937265e-08,4.0549392120521546e-08,True,7.62939453125e-06,True
PC1,state,18,7.066666666666666,9.595460819153617,2.8262841836755975e-08,4.282248763144845e-08,True,7.62939453125e-06,True
PC1,state,18,7.133333333333334,9.562738415710125,2.96960233994216e-08,4.3573739522396946e-08,True,7.62939453125e-06,True
PC1,state,18,7.2,9.529174168653897,3.124549204965614e-08,4.5065613533157894e-08,True,7.62939453125e-06,True
PC1,state,18,7.266666666666667,9.487395171126453,3.3293485287918183e-08,4.711342257724272e-08,True,7.62939453125e-06,True
PC1,state,18,7.333333333333333,9.454823710676298,3.4987573000862374e-08,4.859385139008663e-08,True,7.62939453125e-06,True
PC1,state,18,7.4,9.41302137969249,3.729522655437585e-08,5.1323706267489705e-08,True,7.62939453125e-06,True
PC1,state,18,7.466666666666667,9.38395861941018,3.899326192502694e-08,5.269359719598235e-08,True,7.62939453125e-06,True
PC1,state,18,7.533333333333333,9.358325360138174,4.055820754815573e-08,5.4319027966279996e-08,True,7.62939453125e-06,True
PC1,state,18,7.6,9.572099444668686,2.9278405967199827e-08,4.3573739522396946e-08,True,7.62939453125e-06,True
PC1,state,18,7.666666666666667,9.779365533128725,2.1450546349455263e-08,3.490988295184341e-08,True,7.62939453125e-06,True
PC1,state,18,7.733333333333333,9.773335607033305,2.1644127430142914e-08,3.490988295184341e-08,True,7.62939453125e-06,True
PC1,state,18,7.8,9.74166838880045,2.2691279857575537e-08,3.620948913442905e-08,True,7.62939453125e-06,True
PC1,state,18,7.866666666666666,9.703586131533058,2.4021368104813182e-08,3.792847595496818e-08,True,7.62939453125e-06,True
PC1,state,18,7.933333333333334,9.65426550845599,2.5866642162660413e-08,4.041662837915689e-08,True,7.62939453125e-06,True
PC1,state,18,8.0,9.618622639182242,2.729236805755219e-08,4.177403274115131e-08,True,7.62939453125e-06,True
PC1,state,18,8.066666666666666,9.557760615787128,2.9920634472045906e-08,4.3573739522396946e-08,True,7.62939453125e-06,True
PC1,state,18,8.133333333333333,9.505255556998332,3.240126392269143e-08,4.628751988955918e-08,True,7.62939453125e-06,True
PC1,state,18,8.2,9.463107341335787,3.454833326995016e-08,4.843224290179929e-08,True,7.62939453125e-06,True
PC1,state,18,8.266666666666667,9.404425501077315,3.778922679437012e-08,5.1530763810504705e-08,True,7.62939453125e-06,True
PC1,state,18,8.333333333333334,9.317544954621445,4.318504085119037e-08,5.7325275466181904e-08,True,7.62939453125e-06,True
PC1,state,18,8.4,9.250731183226208,4.78812602726895e-08,6.300165825353881e-08,True,7.62939453125e-06,True
PC1,state,18,8.466666666666667,9.192203545937844,5.243501351426184e-08,6.839349588816761e-08,True,7.62939453125e-06,True
PC1,state,18,8.533333333333333,9.120758352151245,5.861643212762954e-08,7.51515561620866e-08,True,7.62939453125e-06,True
PC1,state,18,8.6,9.04625223705348,6.58819932138007e-08,8.374829645822123e-08,True,7.62939453125e-06,True
PC1,state,18,8.666666666666666,8.946598641152596,7.710566573497063e-08,9.719201563231591e-08,True,7.62939453125e-06,True
PC1,state,18,8.733333333333333,8.874314072951545,8.64893965162917e-08,1.0811174564536462e-07,True,7.62939453125e-06,True
PC1,state,18,8.8,8.804993858688853,9.661600327768282e-08,1.1879016796436411e-07,True,7.62939453125e-06,True
PC1,state,18,8.866666666666667,8.733963331171314,1.0828852996248373e-07,1.3205918288107772e-07,True,7.62939453125e-06,True
PC1,state,18,8.933333333333334,8.679774004120157,1.1818168090365372e-07,1.4296171077054885e-07,True,7.62939453125e-06,True
PC1,state,18,9.0,8.635255196990153,1.2701601668482498e-07,1.5241922002179e-07,True,7.62939453125e-06,True
PC1,state,18,9.066666666666666,8.570471725661724,1.411258075201379e-07,1.6800691371444988e-07,True,7.62939453125e-06,True
PC1,state,18,9.133333333333333,8.521837768285085,1.5279090681677872e-07,1.7905184392591257e-07,True,7.62939453125e-06,True
PC1,state,18,9.2,8.475030173600528,1.6497314557192557e-07,1.9182923903712276e-07,True,7.62939453125e-06,True
PC1,state,18,9.266666666666667,8.426257245895494,1.787530771756833e-07,2.0625355058732687e-07,True,7.62939453125e-06,True
PC1,state,18,9.333333333333334,8.378050701037994,1.9356007337861578e-07,2.2163367180757533e-07,True,7.62939453125e-06,True
PC1,state,18,9.4,8.344269562025614,2.0469669427375814e-07,2.3260987985654335e-07,True,7.62939453125e-06,True
PC1,state,18,9.466666666666667,8.313010721433562,2.155992746839646e-07,2.4315707671123826e-07,True,7.62939453125e-06,True
PC1,state,18,9.533333333333333,8.276081673594017,2.292665089553963e-07,2.566416145023093e-07,True,7.62939453125e-06,True
PC1,state,18,9.6,8.238592472634524,2.4407052520405885e-07,2.69195432210359e-07,True,7.62939453125e-06,True
PC1,state,18,9.666666666666666,8.170599981235492,2.735258264209603e-07,2.994808318477667e-07,True,7.62939453125e-06,True
PC1,state,18,9.733333333333333,8.095731633346361,3.1029962960624604e-07,3.372822060937457e-07,True,7.62939453125e-06,True
PC1,state,18,9.8,7.976105629435545,3.801564932779478e-07,4.073105285120869e-07,True,7.62939453125e-06,True
PC1,state,18,9.866666666666667,7.834818563537806,4.843353719530004e-07,5.152503956946813e-07,True,7.62939453125e-06,True
PC1,state,18,9.933333333333334,7.729287419986659,5.813648381459828e-07,6.141177867739255e-07,True,7.62939453125e-06,True
PC1,dose,18,0.0,1.2650016617406175,0.2229368624455826,0.2675242349346991,False,,False
PC1,dose,18,0.06666666666666667,1.3799541864588591,0.18548079077801632,0.22528031268584978,False,,False
PC1,dose,18,0.13333333333333333,1.448935074738745,0.16555115202438633,0.2069389400304829,False,,False
PC1,dose,18,0.2,1.524169714705103,0.14585294748885835,0.1997694697683307,False,,False
PC1,dose,18,0.26666666666666666,1.617045607148448,0.12427208190577434,0.18563730839552886,False,,False
PC1,dose,18,0.3333333333333333,1.7032990898800116,0.10672244187214543,0.1694007013843578,False,,False
PC1,dose,18,0.4,1.7969074404863101,0.09013925514808863,0.14922005881602274,False,,False
PC1,dose,18,0.4666666666666667,1.8759201881734482,0.07794536454654494,0.1328614168407016,False,,False
PC1,dose,18,0.5333333333333333,1.9412847795184336,0.068987595976661,0.12032720228487383,False,,False
PC1,dose,18,0.6,2.034119918080924,0.05784861593724424,0.10454569145285104,False,,False
PC1,dose,18,0.6666666666666666,2.1181191272312807,0.04920093163850039,0.09167875460590134,False,0.0212860107421875,True
PC1,dose,18,0.7333333333333333,2.2093706697918494,0.04115834183102763,0.07864651305291903,False,0.0212860107421875,True
PC1,dose,18,0.8,2.32785014728052,0.03252397319584904,0.07226350463154642,False,0.0212860107421875,True
PC1,dose,18,0.8666666666666667,2.488304491835017,0.02350336698108756,0.06912754994437517,False,0.0212860107421875,True
PC1,dose,18,0.9333333333333333,2.588632618075938,0.0191241870955483,0.05680451612539099,False,0.0212860107421875,True
PC1,dose,18,1.0,2.7194483723958025,0.014570810556952309,0.04415397138470396,True,0.0212860107421875,True
PC1,dose,18,1.0666666666666667,2.856033967228747,0.010933972851680268,0.03489565803727745,True,0.0212860107421875,True
PC1,dose,18,1.1333333333333333,2.957981491947818,0.008808638455852669,0.03341707291934559,True,0.0212860107421875,True
PC1,dose,18,1.2,3.017837649475933,0.007753985274194617,0.03301811508185072,True,0.0212860107421875,True
PC1,dose,18,1.2666666666666666,3.098790060129059,0.006521424666709034,0.03301811508185072,True,0.0212860107421875,True
PC1,dose,18,1.3333333333333333,3.190452640211568,0.005356451434394177,0.03301811508185072,True,0.0212860107421875,True
PC1,dose,18,1.4,3.250486203982915,0.004706924577890528,0.03301811508185072,True,0.0212860107421875,True
PC1,dose,18,1.4666666666666666,3.271069669588864,0.004502589357404393,0.03301811508185072,True,0.0212860107421875,True
PC1,dose,18,1.5333333333333334,3.2440000643857685,0.004773185949010987,0.03301811508185072,True,0.0212860107421875,True
PC1,dose,18,1.6,3.2504427347742837,0.004707365623467345,0.03301811508185072,True,0.0212860107421875,True
PC1,dose,18,1.6666666666666667,3.25430824453545,0.0046683042066291884,0.03301811508185072,True,0.0212860107421875,True
PC1,dose,18,1.7333333333333334,3.2658590036142274,0.004553474879571257,0.03301811508185072,True,0.0212860107421875,True
PC1,dose,18,1.8,3.268618523181936,0.0045264562038303075,0.03301811508185072,True,0.0212860107421875,True
PC1,dose,18,1.8666666666666667,3.2722909795823285,0.004490743778854144,0.03301811508185072,True,0.0212860107421875,True
PC1,dose,18,1.9333333333333333,3.2856440001191443,0.004363218929729411,0.03301811508185072,True,0.0212860107421875,True
PC1,dose,18,2.0,3.2949587078959106,0.004276381937128898,0.03301811508185072,True,0.0212860107421875,True
PC1,dose,18,2.066666666666667,3.2966686049159835,0.00426062751229132,0.03301811508185072,True,0.0212860107421875,True
PC1,dose,18,2.1333333333333333,3.2836940507128904,0.004381616378241036,0.03301811508185072,True,0.0212860107421875,True
PC1,dose,18,2.2,3.267798083183474,0.004534472653011695,0.03301811508185072,True,0.0212860107421875,True
PC1,dose,18,2.2666666666666666,3.2547729409300534,0.004663629943643606,0.03301811508185072,True,0.0212860107421875,True
PC1,dose,18,2.3333333333333335,3.2430172790058336,0.004783305721248843,0.03301811508185072,True,0.0212860107421875,True
PC1,dose,18,2.4,3.2269852175086933,0.0049514016864936035,0.03301811508185072,True,0.0212860107421875,True
PC1,dose,18,2.466666666666667,3.2170374724892903,0.005058611615444606,0.03301811508185072,True,0.0212860107421875,True
PC1,dose,18,2.533333333333333,3.2096602104699232,0.0051395897744444495,0.03301811508185072,True,0.0212860107421875,True
PC1,dose,18,2.6,3.2018262501029535,0.005226976246283584,0.03301811508185072,True,0.0212860107421875,True
PC1,dose,18,2.6666666666666665,3.1928909216934533,0.005328431745938028,0.03301811508185072,True,0.0212860107421875,True
PC1,dose,18,2.7333333333333334,3.1816175493960404,0.0054591981436123375,0.03301811508185072,True,0.0212860107421875,True
PC1,dose,18,2.8,3.1690193080386617,0.005609062918976542,0.03301811508185072,True,0.0212860107421875,True
PC1,dose,18,2.8666666666666667,3.164841695277582,0.00565964447263167,0.03301811508185072,True,0.0212860107421875,True
PC1,dose,18,2.933333333333333,3.151461307221631,0.005824682170100725,0.03301811508185072,True,0.0212860107421875,True
PC1,dose,18,3.0,3.133748446784471,0.006050435164598631,0.03301811508185072,True,0.0212860107421875,True
PC1,dose,18,3.066666666666667,3.119895268846777,0.006232951616269813,0.03301811508185072,True,0.0212860107421875,True
PC1,dose,18,3.1333333333333333,3.112698490293502,0.00632988721571133,0.03301811508185072,True,0.0212860107421875,True
PC1,dose,18,3.2,3.1158453459057776,0.006287320965010895,0.03301811508185072,True,0.0212860107421875,True
PC1,dose,18,3.2666666666666666,3.1037221591646875,0.006452862724676765,0.03301811508185072,True,0.0212860107421875,True
PC1,dose,18,3.3333333333333335,3.084636330908213,0.006722159864354493,0.03301811508185072,True,0.0212860107421875,True
PC1,dose,18,3.4,3.1294562142864817,0.006106418376058264,0.03301811508185072,True,0.0212860107421875,True
PC1,dose,18,3.466666666666667,3.2434838056184145,0.004778499251244539,0.03301811508185072,True,0.0212860107421875,True
PC1,dose,18,3.533333333333333,3.2469963834886006,0.004742462669887029,0.03301811508185072,True,0.0212860107421875,True
PC1,dose,18,3.6,3.203372647660653,0.005209611543527493,0.03301811508185072,True,0.0212860107421875,True
PC1,dose,18,3.6666666666666665,3.174656650783873,0.005541510053469968,0.03301811508185072,True,0.0212860107421875,True
PC1,dose,18,3.7333333333333334,3.13994861566529,0.0059704540210342725,0.03301811508185072,True,0.0212860107421875,True
PC1,dose,18,3.8,3.100702062418958,0.006494761396590564,0.03301811508185072,True,0.0212860107421875,True
PC1,dose,18,3.8666666666666667,3.063532561244231,0.007032730725316225,0.03301811508185072,True,0.0212860107421875,True
PC1,dose,18,3.933333333333333,3.034119579759624,0.007489074632113428,0.03301811508185072,True,0.0212860107421875,True
PC1,dose,18,4.0,3.0146615095754563,0.007806716563340289,0.03301811508185072,True,0.0212860107421875,True
PC1,dose,18,4.066666666666666,2.9948005784486784,0.00814446838685651,0.03301811508185072,True,0.0212860107421875,True
PC1,dose,18,4.133333333333334,2.9569469295250266,0.008828041772467397,0.03341707291934559,True,0.0212860107421875,True
PC1,dose,18,4.2,2.952536894926073,0.008911219445158824,0.03341707291934559,True,0.0212860107421875,True
PC1,dose,18,4.266666666666667,3.015976470219906,0.0077848428945706885,0.03301811508185072,True,0.0212860107421875,True
PC1,dose,18,4.333333333333333,3.031177878319853,0.007536274279932053,0.03301811508185072,True,0.0212860107421875,True
PC1,dose,18,4.4,3.0119834763496365,0.00785144963260638,0.03301811508185072,True,0.0212860107421875,True
PC1,dose,18,4.466666666666667,3.0046904177975375,0.007974541047498713,0.03301811508185072,True,0.0212860107421875,True
PC1,dose,18,4.533333333333333,3.008123868976524,0.007916359154640262,0.03301811508185072,True,0.0212860107421875,True
PC1,dose,18,4.6,3.0116795816572672,0.007856541556334246,0.03301811508185072,True,0.0212860107421875,True
PC1,dose,18,4.666666666666667,3.0165276667611205,0.007775691816281241,0.03301811508185072,True,0.0212860107421875,True
PC1,dose,18,4.733333333333333,3.023863278786798,0.007654898578370149,0.03301811508185072,True,0.0212860107421875,True
PC1,dose,18,4.8,3.032385832499726,0.00751685761941055,0.03301811508185072,True,0.0212860107421875,True
PC1,dose,18,4.866666666666666,3.0321658848605066,0.00752038942062278,0.03301811508185072,True,0.0212860107421875,True
PC1,dose,18,4.933333333333334,3.0322442978215394,0.007519130121687734,0.03301811508185072,True,0.0212860107421875,True
PC1,dose,18,5.0,3.065847232153383,0.00699799404871792,0.03301811508185072,True,0.0212860107421875,True
PC1,dose,18,5.066666666666666,3.0770900437929005,0.006831642154349446,0.03301811508185072,True,0.0212860107421875,True
PC1,dose,18,5.133333333333334,3.067821057821466,0.006968504979899202,0.03301811508185072,True,0.0212860107421875,True
PC1,dose,18,5.2,3.0672492320669327,0.006977035573012526,0.03301811508185072,True,0.0212860107421875,True
PC1,dose,18,5.266666666666667,3.067333300136031,0.006975780791816655,0.03301811508185072,True,0.0212860107421875,True
PC1,dose,18,5.333333333333333,3.0522716307243316,0.00720414306751447,0.03301811508185072,True,0.0212860107421875,True
PC1,dose,18,5.4,3.0428474398700676,0.007350727146818951,0.03301811508185072,True,0.0212860107421875,True
PC1,dose,18,5.466666666666667,3.0415768172596374,0.007370711849961751,0.03301811508185072,True,0.0212860107421875,True
PC1,dose,18,5.533333333333333,3.0359765404297594,0.007459428302451408,0.03301811508185072,True,0.0212860107421875,True
PC1,dose,18,5.6,3.029704934781514,0.007560016596690447,0.03301811508185072,True,0.0212860107421875,True
PC1,dose,18,5.666666666666667,3.030504082567891,0.007547126125622337,0.03301811508185072,True,0.0212860107421875,True
PC1,dose,18,5.733333333333333,3.02832453636641,0.007582333407547014,0.03301811508185072,True,0.0212860107421875,True
PC1,dose,18,5.8,3.0285178747347845,0.007579203853173328,0.03301811508185072,True,0.0212860107421875,True
PC1,dose,18,5.866666666666666,3.0271460435185453,0.007601436863854705,0.03301811508185072,True,0.0212860107421875,True
PC1,dose,18,5.933333333333334,3.0193335033077893,0.007729271074380099,0.03301811508185072,True,0.0212860107421875,True
PC1,dose,18,6.0,3.0139915482615494,0.007817884039947057,0.03301811508185072,True,0.0212860107421875,True
PC1,dose,18,6.066666666666666,3.006802546666951,0.007938700624913208,0.03301811508185072,True,0.0212860107421875,True
PC1,dose,18,6.133333333333334,3.0004863926224097,0.0080463483786667,0.03301811508185072,True,0.0212860107421875,True
PC1,dose,18,6.2,2.995198625791438,0.008137561519294331,0.03301811508185072,True,0.0212860107421875,True
PC1,dose,18,6.266666666666667,2.9760140838436704,0.008477021994573022,0.03341707291934559,True,0.0212860107421875,True
PC1,dose,18,6.333333333333333,2.978977563334236,0.008423698964143524,0.03341707291934559,True,0.0212860107421875,True
PC1,dose,18,6.4,2.962729974263235,0.008720110834345948,0.03341707291934559,True,0.0212860107421875,True
PC1,dose,18,6.466666666666667,2.927584388819976,0.009396386852613863,0.034563035248775346,True,0.0212860107421875,True
PC1,dose,18,6.533333333333333,2.91786039733924,0.009592319951555097,0.034563035248775346,True,0.0212860107421875,True
PC1,dose,18,6.6,2.9095643900131427,0.009762608668744862,0.034563035248775346,True,0.0212860107421875,True
PC1,dose,18,6.666666666666667,2.9014899646304637,0.009931162600323824,0.034563035248775346,True,0.0212860107421875,True
PC1,dose,18,6.733333333333333,2.8916742934530326,0.010139866718323346,0.034563035248775346,True,0.0212860107421875,True
PC1,dose,18,6.8,2.881552782342677,0.010359522056021435,0.034563035248775346,True,0.0212860107421875,True
PC1,dose,18,6.866666666666666,2.8718399839601116,0.010574636163250791,0.034563035248775346,True,0.0212860107421875,True
PC1,dose,18,6.933333333333334,2.8675777688628465,0.010670392768393433,0.034563035248775346,True,0.0212860107421875,True
PC1,dose,18,7.0,2.7950493770807725,0.012434245602349327,0.03885701750734164,True,0.0212860107421875,True
PC1,dose,18,7.066666666666666,2.789254330119959,0.012586722599741678,0.03892800804043818,True,0.0212860107421875,True
PC1,dose,18,7.133333333333334,2.7825491867687977,0.012765394253185194,0.0390777375097506,True,0.0212860107421875,True
PC1,dose,18,7.2,2.8183762945197537,0.011838294599415123,0.037384088208679334,True,0.0212860107421875,True
PC1,dose,18,7.266666666666667,2.8656251460548217,0.010714540927120356,0.034563035248775346,True,0.0212860107421875,True
PC1,dose,18,7.333333333333333,2.873300347704983,0.010542018771157001,0.034563035248775346,True,0.0212860107421875,True
PC1,dose,18,7.4,2.891996457318069,0.01013294979461067,0.034563035248775346,True,0.0212860107421875,True
PC1,dose,18,7.466666666666667,2.9031682184962637,0.00989589832426397,0.034563035248775346,True,0.0212860107421875,True
PC1,dose,18,7.533333333333333,2.9086107990613295,0.009782369514759826,0.034563035248775346,True,0.0212860107421875,True
PC1,dose,18,7.6,2.6671449323924636,0.016250716255777706,0.04875214876733312,True,0.0212860107421875,True
PC1,dose,18,7.666666666666667,2.356086193278403,0.03073154337071648,0.07226350463154642,False,0.0212860107421875,True
PC1,dose,18,7.733333333333333,2.2479729543242946,0.038135918312885625,0.07552834635242128,False,0.0212860107421875,True
PC1,dose,18,7.8,2.240315868564835,0.03871860676230852,0.07591883678884023,False,0.0212860107421875,True
PC1,dose,18,7.866666666666666,2.234955964531984,0.03913137445373411,0.07622995023454697,False,0.0212860107421875,True
PC1,dose,18,7.933333333333334,2.229141716693254,0.03958373044165734,0.0766136718225626,False,0.0212860107421875,True
PC1,dose,18,8.0,2.249192938706483,0.03804383335131966,0.07552834635242128,False,0.0212860107421875,True
PC1,dose,18,8.066666666666666,2.2902803612447156,0.0350602888023875,0.07226350463154642,False,0.0212860107421875,True
PC1,dose,18,8.133333333333333,2.303738709529374,0.03413128015251762,0.07226350463154642,False,0.0212860107421875,True
PC1,dose,18,8.2,2.300885830889752,0.034326275758888594,0.07226350463154642,False,0.0212860107421875,True
PC1,dose,18,8.266666666666667,2.301478661146739,0.034285670401416245,0.07226350463154642,False,0.0212860107421875,True
PC1,dose,18,8.333333333333334,2.3114313763436733,0.03361060927804464,0.07226350463154642,False,0.0212860107421875,True
PC1,dose,18,8.4,2.316859306574724,0.03324768653809768,0.07226350463154642,False,0.0212860107421875,True
PC1,dose,18,8.466666666666667,2.3139362483492842,0.03344267216279779,0.07226350463154642,False,0.0212860107421875,True
PC1,dose,18,8.533333333333333,2.31030283253528,0.033686527954932106,0.07226350463154642,False,0.0212860107421875,True
PC1,dose,18,8.6,2.312782714259732,0.03351991259276227,0.07226350463154642,False,0.0212860107421875,True
PC1,dose,18,8.666666666666666,2.3264495872012634,0.032615372156245145,0.07226350463154642,False,0.0212860107421875,True
PC1,dose,18,8.733333333333333,2.3328271161097303,0.03220111125033913,0.07226350463154642,False,0.0212860107421875,True
PC1,dose,18,8.8,2.3366418006821617,0.03195567529265276,0.07226350463154642,False,0.0212860107421875,True
PC1,dose,18,8.866666666666667,2.3409549738131155,0.03168027051757232,0.07226350463154642,False,0.0212860107421875,True
PC1,dose,18,8.933333333333334,2.3452533479128594,0.03140801689930041,0.07226350463154642,False,0.0212860107421875,True
PC1,dose,18,9.0,2.355425816682847,0.03077238864521116,0.07226350463154642,False,0.0212860107421875,True
PC1,dose,18,9.066666666666666,2.3629788787650683,0.03030823599707451,0.07226350463154642,False,0.0212860107421875,True
PC1,dose,18,9.133333333333333,2.3621033922163184,0.030361699124602515,0.07226350463154642,False,0.0212860107421875,True
PC1,dose,18,9.2,2.358483107542541,0.030583716175490598,0.07226350463154642,False,0.0212860107421875,True
PC1,dose,18,9.266666666666667,2.3570264333978033,0.030673475580041673,0.07226350463154642,False,0.0212860107421875,True
PC1,dose,18,9.333333333333334,2.3591436043748573,0.03054309773872972,0.07226350463154642,False,0.0212860107421875,True
PC1,dose,18,9.4,2.3585040833545676,0.03058242545404311,0.07226350463154642,False,0.0212860107421875,True
PC1,dose,18,9.466666666666667,2.346805019189498,0.031310273988851736,0.07226350463154642,False,0.0212860107421875,True
PC1,dose,18,9.533333333333333,2.33928643429546,0.0317865462489901,0.07226350463154642,False,0.0212860107421875,True
PC1,dose,18,9.6,2.3384961066736825,0.03183700135819287,0.07226350463154642,False,0.0212860107421875,True
PC1,dose,18,9.666666666666666,2.3585728437509363,0.030578194722664744,0.07226350463154642,False,0.0212860107421875,True
PC1,dose,18,9.733333333333333,2.357925266647662,0.030618060944106112,0.07226350463154642,False,0.0212860107421875,True
PC1,dose,18,9.8,2.3462205995087007,0.031347054360088285,0.07226350463154642,False,0.0212860107421875,True
PC1,dose,18,9.866666666666667,2.3338449748496406,0.03213545093529205,0.07226350463154642,False,0.0212860107421875,True
PC1,dose,18,9.933333333333334,2.328492441527808,0.032482137750471846,0.07226350463154642,False,0.0212860107421875,True
PC1,dose,18,10.0,2.324094043586143,0.03276963265445805,0.07226350463154642,False,0.0212860107421875,True
PC1,dose,18,10.066666666666666,2.3168678026903,0.033247121342983625,0.07226350463154642,False,0.0212860107421875,True
PC1,dose,18,10.133333333333333,2.3074804713689865,0.033877091667812845,0.07226350463154642,False,0.0212860107421875,True
PC1,dose,18,10.2,2.305075766185948,0.034040246947878126,0.07226350463154642,False,0.0212860107421875,True
PC1,dose,18,10.266666666666667,2.2987742081288154,0.034471273223889334,0.07226350463154642,False,0.0212860107421875,True
PC1,dose,18,10.333333333333334,2.295658124462259,0.034686284468474424,0.07226350463154642,False,0.0212860107421875,True
PC1,dose,18,10.4,2.29296864327526,0.03487286212816052,0.07226350463154642,False,0.0212860107421875,True
PC1,dose,18,10.466666666666667,2.287218311847578,0.03527491506126875,0.07226350463154642,False,0.0212860107421875,True
PC1,dose,18,10.533333333333333,2.2870645498578615,0.03528572473390871,0.07226350463154642,False,0.0212860107421875,True
PC1,dose,18,10.6,2.2848298950118053,0.0354431718039452,0.07226350463154642,False,0.0212860107421875,True
PC1,dose,18,10.666666666666666,2.287482696242357,0.03525633568112399,0.07226350463154642,False,0.0212860107421875,True
PC1,dose,18,10.733333333333333,2.2851076986613497,0.03542356312207644,0.07226350463154642,False,0.0212860107421875,True
PC1,dose,18,10.8,2.2841063310925818,0.03549429168431349,0.07226350463154642,False,0.0212860107421875,True
PC1,dose,18,10.866666666666667,2.281908407701495,0.03564999561822956,0.07226350463154642,False,0.0212860107421875,True
PC1,dose,18,10.933333333333334,2.2847550250806985,0.035448458199155104,0.07226350463154642,False,0.0212860107421875,True
PC1,dose,18,11.0,2.274525410873043,0.03617767397500629,0.07284095431209321,False,0.0212860107421875,True
PC1,dose,18,11.066666666666666,2.246231845419797,0.03826769548522679,0.07552834635242128,False,0.0212860107421875,True
PC1,dose,18,11.133333333333333,2.210893500672106,0.04103503514046944,0.07864651305291903,False,0.0212860107421875,True
PC1,dose,18,11.2,2.1862920366795087,0.04306937481739275,0.08177729395707484,False,0.0212860107421875,True
PC1,dose,18,11.266666666666667,2.1614819799104774,0.04521461916710133,0.08531060220207798,False,0.0212860107421875,True
PC1,dose,18,11.333333333333334,2.140885218124052,0.04706961921812359,0.08825553603398173,False,0.0212860107421875,True
PC1,dose,18,11.4,2.113386109427257,0.04965495848359762,0.09195362682147706,False,0.0212860107421875,True
PC1,dose,18,11.466666666666667,2.090320319465487,0.05192283609252249,0.0955635020107776,False,,False
PC1,dose,18,11.533333333333333,2.069612185447061,0.05403888695742927,0.09885162248310232,False,,False
PC1,dose,18,11.6,2.0441288324278064,0.0567503383967749,0.10318243344868165,False,,False
PC1,dose,18,11.666666666666666,2.0225602905988906,0.05914097208282285,0.10624126721465184,False,,False
PC1,dose,18,11.733333333333333,1.9987474029052323,0.061885804354577224,0.1105103649188879,False,,False
PC1,dose,18,11.8,1.9828755207589124,0.06377855831815825,0.11321637571270696,False,,False
PC1,dose,18,11.866666666666667,1.9629837279931535,0.06622414744237419,0.11686614254536622,False,,False
PC1,dose,18,11.933333333333334,1.9429754529607215,0.06876862984861004,0.12032720228487383,False,,False
PC1,dose,18,12.0,1.9242297091210683,0.07123159471302373,0.12352299661217989,False,,False
PC1,dose,18,12.066666666666666,1.9059134163936196,0.07371391059942788,0.1270929493093584,False,,False
PC1,dose,18,12.133333333333333,1.8901661918618393,0.07590934967560888,0.1301303137296152,False,,False
PC1,dose,18,12.2,1.8669718223588663,0.07924888830426983,0.13432014966825395,False,,False
PC1,dose,18,12.266666666666667,1.8440872068717005,0.08267073868495357,0.13933270564879816,False,,False
PC1,dose,18,12.333333333333334,1.8247073971056478,0.08566989000729193,0.1435808212412714,False,,False
PC1,dose,18,12.4,1.8076892293572377,0.08838214418293974,0.1473035736382329,False,,False
PC1,dose,18,12.466666666666667,1.794554053515633,0.09052683568172046,0.14922005881602274,False,,False
PC1,dose,18,12.533333333333333,1.7862089253415978,0.09191299444006305,0.15067704006567714,False,,False
PC1,dose,18,12.6,1.7785208989599761,0.09320641235098186,0.15196697665920955,False,,False
PC1,dose,18,12.666666666666666,1.7632072929302929,0.09583021907495644,0.15540035525668613,False,,False
PC1,dose,18,12.733333333333333,1.7342090201587392,0.10097554229516685,0.1628637778954304,False,,False
PC1,dose,18,12.8,1.7079847643026902,0.10583348021401423,0.1688832131074695,False,,False
PC1,dose,18,12.866666666666667,1.6913061926267308,0.10902714021157811,0.17106201276044597,False,,False
PC1,dose,18,12.933333333333334,1.6801027839740428,0.11121873985081811,0.17287887023443227,False,,False
PC1,dose,18,13.0,1.6661828936442946,0.11399441947765433,0.17628003012008403,False,,False
PC1,dose,18,13.066666666666666,1.6479174902165146,0.11772658390061413,0.17927906177758499,False,,False
PC1,dose,18,13.133333333333333,1.6314264171261943,0.12118546462200769,0.18361434033637528,False,,False
PC1,dose,18,13.2,1.6165621638572931,0.12437699662500433,0.18563730839552886,False,,False
PC1,dose,18,13.266666666666667,1.5995735753877873,0.1281118559718095,0.18877878690426342,False,,False
PC1,dose,18,13.333333333333334,1.5836144691021252,0.1317065158076747,0.1927412426453776,False,,False
PC1,dose,18,13.4,1.5627500903087284,0.13653417268631488,0.19692428752833877,False,,False
PC1,dose,18,13.466666666666667,1.5471758683430887,0.14023405094669003,0.19925418693368352,False,,False
PC1,dose,18,13.533333333333333,1.5420481106547763,0.1414704727229153,0.19925418693368352,False,,False
PC1,dose,18,13.6,1.5383721830630772,0.14236243107429747,0.19957350150602451,False,,False
PC1,dose,18,13.666666666666666,1.5278929928558616,0.14493104530712603,0.1997694697683307,False,,False
PC1,dose,18,13.733333333333333,1.5111482566537897,0.14911566254720893,0.1997694697683307,False,,False
PC1,dose,18,13.8,1.5047797542055596,0.15073336235812987,0.1997694697683307,False,,False
PC1,dose,18,13.866666666666667,1.4929624580987748,0.153773753524406,0.1997694697683307,False,,False
PC1,dose,18,13.933333333333334,1.4886278920441542,0.15490162757311052,0.1997694697683307,False,,False
PC1,dose,18,14.0,1.4802014629786455,0.1571138134663821,0.1997694697683307,False,,False
PC1,dose,18,14.066666666666666,1.4763138010830084,0.15814320331262835,0.1997694697683307,False,,False
PC1,dose,18,14.133333333333333,1.476421311106509,0.15811466173848904,0.1997694697683307,False,,False
PC1,dose,18,14.2,1.4800574450821038,0.15715184812384922,0.1997694697683307,False,,False
PC1,dose,18,14.266666666666667,1.4862084388742893,0.15553415229466636,0.1997694697683307,False,,False
PC1,dose,18,14.333333333333334,1.4907442073648471,0.1543500999454995,0.1997694697683307,False,,False
PC1,dose,18,14.4,1.4917573211465096,0.1540866509393423,0.1997694697683307,False,,False
PC1,dose,18,14.466666666666667,1.4851393011986171,0.1558143399562127,0.1997694697683307,False,,False
PC1,dose,18,14.533333333333333,1.4847925120707792,0.15590531218322648,0.1997694697683307,False,,False
PC1,dose,18,14.6,1.4823960971077323,0.15653515801657678,0.1997694697683307,False,,False
PC1,dose,18,14.666666666666666,1.4750321576776995,0.15848377934954236,0.1997694697683307,False,,False
PC1,dose,18,14.733333333333333,1.487343367548055,0.15523717900357428,0.1997694697683307,False,,False
PC1,dose,18,14.8,1.5078447572300115,0.14995299226956146,0.1997694697683307,False,,False
PC1,dose,18,14.866666666666667,1.5324721412135913,0.14380390096793816,0.19972764023324743,False,,False
PC1,dose,18,14.933333333333334,1.5520232482846321,0.13907357590791466,0.19867653701130664,False,,False
PC1,dose,18,15.0,1.565452956642363,0.13590049789268996,0.19692428752833877,False,,False
PC1,dose,18,15.066666666666666,1.5984168598656092,0.12836957509489913,0.18877878690426342,False,,False
PC1,dose,18,15.133333333333333,1.6281634052756297,0.12188003134768469,0.1837387407251528,False,,False
PC1,dose,18,15.2,1.6583078130892104,0.11559091076613259,0.17692486341754987,False,,False
PC1,dose,18,15.266666666666667,1.6889769921257005,0.10947968816668542,0.17106201276044597,False,,False
PC1,dose,18,15.333333333333334,1.7080001986629283,0.1058305626264989,0.1688832131074695,False,,False
PC1,dose,18,15.4,1.689472622581401,0.1093832552154072,0.17106201276044597,False,,False
PC1,dose,18,15.466666666666667,1.6597143925118698,0.11530436165307653,0.17692486341754987,False,,False
PC1,dose,18,15.533333333333333,1.6109464919237382,0.12560121025440957,0.1865364508728855,False,,False
PC1,dose,18,15.6,1.5729840514236364,0.13414790931913734,0.19536103298903496,False,,False
PC1,dose,18,15.666666666666666,1.554747783724026,0.13842485966392015,0.19867653701130664,False,,False
PC1,dose,18,15.733333333333333,1.5422053202229125,0.14143243061928037,0.19925418693368352,False,,False
PC1,dose,18,15.8,1.5330197857188215,0.14366959147837108,0.19972764023324743,False,,False
PC1,dose,18,15.866666666666667,1.5091227037463573,0.14962861195835858,0.1997694697683307,False,,False
PC1,dose,18,15.933333333333334,1.4921929158761937,0.15397349389365406,0.1997694697683307,False,,False
PC1,dose,18,16.0,1.4750388052262378,0.15848201131083878,0.1997694697683307,False,,False
PC1,dose,18,16.066666666666666,1.4535706899516359,0.1642772102021922,0.206205703182668,False,,False
PC1,dose,18,16.133333333333333,1.4440206390230685,0.16691055310110334,0.20777247273996266,False,,False
PC1,dose,18,16.2,1.43990616115616,0.16805569417147168,0.20779718819713772,False,,False
PC1,dose,18,16.266666666666666,1.4389750808134787,0.16831572243968157,0.20779718819713772,False,,False
PC1,dose,18,16.333333333333332,1.4272882834592826,0.17160762904339752,0.21099298652876744,False,,False
PC1,dose,18,16.4,1.4184802989465355,0.1741231945498928,0.21321207495905242,False,,False
PC1,dose,18,16.466666666666665,1.3939509966954577,0.18128717809480713,0.22108192450586234,False,,False
PC1,dose,18,16.533333333333335,1.3518269253392414,0.19414423790258054,0.23485190068860548,False,,False
PC1,dose,18,16.6,1.2940823349858508,0.21294189980139697,0.2565565057848156,False,,False
PC1,dose,18,16.666666666666668,1.2467743155037398,0.2293858426135413,0.2741663457532366,False,,False
PC1,dose,18,16.733333333333334,1.2117640773535963,0.24217716431490868,0.2883061479939389,False,,False
PC1,dose,18,16.8,1.1804357542351636,0.2540807318498973,0.30128150021726957,False,,False
PC1,dose,18,16.866666666666667,1.1495916148483654,0.2662288220383443,0.31444349059646964,False,,False
PC1,dose,18,16.933333333333334,1.1230869686199256,0.2770115935431769,0.32589599240373757,False,,False
PC1,dose,18,17.0,1.0921463611185847,0.29000536116329156,0.3398500326132323,False,,False
PC1,dose,18,17.066666666666666,1.0517365042040743,0.30764158332866637,0.3591146887105055,False,,False
PC1,dose,18,17.133333333333333,1.0215800930324477,0.3212983777409,0.373602764815,False,,False
PC1,dose,18,17.2,0.9922629777131137,0.33498362839206924,0.3880119247784586,False,,False
PC1,dose,18,17.266666666666666,0.9549142267950507,0.3530037438170932,0.407312012096646,False,,False
PC1,dose,18,17.333333333333332,0.9248584198644489,0.36798256757366166,0.42296846847547315,False,,False
PC1,dose,18,17.4,0.8919058344933599,0.3848941734109132,0.44071851917280136,False,,False
PC1,dose,18,17.466666666666665,0.8489726941141332,0.40769299570350015,0.4650490445287074,False,,False
PC1,dose,18,17.533333333333335,0.8064689436592206,0.43111071578868576,0.4898985406689611,False,,False
PC1,dose,18,17.6,0.7701786788273283,0.45176473334981065,0.5114317736035593,False,,False
PC1,dose,18,17.666666666666668,0.734213909620903,0.47282456245160664,0.5332607847198572,False,,False
PC1,dose,18,17.733333333333334,0.69594561986098,0.49586818985775705,0.5571552695030978,False,,False
PC1,dose,18,17.8,0.663025407571701,0.5162044744516315,0.5778408296100354,False,,False
PC1,dose,18,17.866666666666667,0.6164832703533809,0.5457433279830732,0.6086356817655092,False,,False
PC1,dose,18,17.933333333333334,0.576239919813359,0.5720040234223369,0.6355600260248188,False,,False
PC1,dose,18,18.0,0.5468026389548315,0.5916201427320408,0.6549300473048422,False,,False
PC1,dose,18,18.066666666666666,0.5199802673974894,0.6097825150010354,0.6725542444864361,False,,False
PC1,dose,18,18.133333333333333,0.4964506796729813,0.625934506072468,0.6878401165631516,False,,False
PC1,dose,18,18.2,0.47136263259561023,0.643374372903965,0.7044244958802537,False,,False
PC1,dose,18,18.266666666666666,0.4453670658672595,0.661673770577891,0.7218259315395175,False,,False
PC1,dose,18,18.333333333333332,0.4175409333568675,0.6815087031783491,0.7407703295416839,False,,False
PC1,dose,18,18.4,0.3870479057110466,0.7035231991357089,0.7619384828184573,False,,False
PC1,dose,18,18.466666666666665,0.3537883002515844,0.7278472444416322,0.7854466666636319,False,,False
PC1,dose,18,18.533333333333335,0.33576904624546966,0.7411533954427256,0.7969391348846512,False,,False
PC1,dose,18,18.6,0.31299032869050686,0.7580951921574413,0.8122448487401156,False,,False
PC1,dose,18,18.666666666666668,0.2847730562700838,0.7792580051193213,0.8319480481700939,False,,False
PC1,dose,18,18.733333333333334,0.2541374023231035,0.8024378071604735,0.8536572416600783,False,,False
PC1,dose,18,18.8,0.22802351894095169,0.8223480348270925,0.8717470333856104,False,,False
PC1,dose,18,18.866666666666667,0.20951814066915395,0.8365340409501081,0.8825470636190621,False,,False
PC1,dose,18,18.933333333333334,0.2070641603106046,0.838419710438109,0.8825470636190621,False,,False
PC1,dose,18,19.0,0.18184532148777932,0.8578547872401104,0.8998476789231927,False,,False
PC1,dose,18,19.066666666666666,0.15025729192183482,0.8823300092421167,0.922296176908136,False,,False
PC1,dose,18,19.133333333333333,0.10982453949621107,0.9138345759992181,0.9519110166658522,False,,False
PC1,dose,18,19.2,0.07340111272117661,0.9423436733360779,0.9782114256083854,False,,False
PC1,dose,18,19.266666666666666,0.04512858351949204,0.9645306939479292,0.9956143786337499,False,,False
PC1,dose,18,19.333333333333332,0.02314970236091557,0.9818004190905213,0.9956143786337499,False,,False
PC1,dose,18,19.4,0.006754505107505763,0.9946893572905159,0.9956143786337499,False,,False
PC1,dose,18,19.466666666666665,-0.005577973832895323,0.9956143786337499,0.9956143786337499,False,,False
PC1,dose,18,19.533333333333335,-0.011370591618595455,0.9910601506744918,0.9956143786337499,False,,False
PC1,dose,18,19.6,-0.019064069222156584,0.9850119615293579,0.9956143786337499,False,,False
PC1,dose,18,19.666666666666668,-0.026875628406089126,0.9788719060159824,0.9956143786337499,False,,False
PC1,dose,18,19.733333333333334,-0.03817965111296322,0.9699892189399375,0.9956143786337499,False,,False
PC1,dose,18,19.8,-0.04058494063688779,0.968099628371785,0.9956143786337499,False,,False
PC1,dose,18,19.866666666666667,-0.024923312246549017,0.9804063565700266,0.9956143786337499,False,,False
PC1,dose,18,19.933333333333334,0.012204565604852743,0.9904044923340145,0.9956143786337499,False,,False
PC2,state,18,0.0,-0.18726181856567822,0.8536721350273453,0.9081618457737715,False,,False
PC2,state,18,0.06666666666666667,-0.20208183758294349,0.8422512919712003,0.9081618457737715,False,,False
PC2,state,18,0.13333333333333333,-0.19005344462847015,0.8515181660891571,0.9081618457737715,False,,False
PC2,state,18,0.2,-0.16823772213448157,0.8683815982575651,0.9108897883820614,False,,False
PC2,state,18,0.26666666666666666,-0.1414633090356013,0.8891668059191175,0.926215422832414,False,,False
PC2,state,18,0.3333333333333333,-0.11407437265069802,0.9105152636198237,0.9354608872806407,False,,False
PC2,state,18,0.4,-0.07216341527509754,0.9433140799605809,0.9560615675276157,False,,False
PC2,state,18,0.4666666666666667,-0.02781871922034411,0.9781307005773132,0.9846953361516575,False,,False
PC2,state,18,0.5333333333333333,0.018941281280269125,0.985108484291605,0.9851084842916051,False,,False
PC2,state,18,0.6,0.07422324626366752,0.94169913769279,0.9560615675276157,False,,False
PC2,state,18,0.6666666666666666,0.1262519173730157,0.9010136901194414,0.932083127709767,False,,False
PC2,state,18,0.7333333333333333,0.17040696552152362,0.8667017155610682,0.9108897883820614,False,,False
PC2,state,18,0.8,0.23044038958672658,0.8204998420115696,0.8918476543604017,False,,False
PC2,state,18,0.8666666666666667,0.2937538152312441,0.7725021914143605,0.845805319066818,False,,False
PC2,state,18,0.9333333333333333,0.33360605382464464,0.7427564256848302,0.8192166459759157,False,,False
PC2,state,18,1.0,0.37088718637662765,0.7153028367673434,0.7947809297414927,False,,False
PC2,state,18,1.0666666666666667,0.40292304432582365,0.6920267550796845,0.7746568153877066,False,,False
PC2,state,18,1.1333333333333333,0.43813415676526407,0.6668054239752282,0.752036192453265,False,,False
PC2,state,18,1.2,0.4642944411280089,0.6483273301687486,0.736735602464487,False,,False
PC2,state,18,1.2666666666666666,0.48674550910973485,0.632654758256469,0.7244138453318347,False,,False
PC2,state,18,1.3333333333333333,0.5064695037248662,0.6190324331753848,0.714268192125444,False,,False
PC2,state,18,1.4,0.5299476659327037,0.6030016900739719,0.7011647558999673,False,,False
PC2,state,18,1.4666666666666666,0.5982256454250912,0.5575762449752817,0.6534096620804082,False,,False
PC2,state,18,1.5333333333333334,0.6507020170004798,0.52393697603172,0.6188232000374645,False,,False
PC2,state,18,1.6,0.6975413560709057,0.49489439660333423,0.5891599959563503,False,,False
PC2,state,18,1.6666666666666667,0.7336807011196056,0.473141170947295,0.567769405136754,False,,False
PC2,state,18,1.7333333333333334,0.7727481973963831,0.4502825190438009,0.5446965956175012,False,,False
PC2,state,18,1.8,0.8017143246811885,0.4337823173527836,0.52900282603998,False,,False
PC2,state,18,1.8666666666666667,0.8356516675074188,0.4149420263677018,0.5101746225832399,False,,False
PC2,state,18,1.9333333333333333,0.8655330557983443,0.39879665398728426,0.49437601733960856,False,,False
PC2,state,18,2.0,0.919091307669665,0.3709053970715357,0.4636317463394196,False,,False
PC2,state,18,2.066666666666667,0.954236371514431,0.3533368702670576,0.4453826095803247,False,,False
PC2,state,18,2.1333333333333333,0.9828280298427711,0.3394738044562487,0.43440661674418884,False,,False
PC2,state,18,2.2,0.9890197875246911,0.33652236646488265,0.43440661674418884,False,,False
PC2,state,18,2.2666666666666666,1.011858498031389,0.32579170052735945,0.43246685910711435,False,,False
PC2,state,18,2.3333333333333335,0.9874845334353649,0.33725249682197267,0.43440661674418884,False,,False
PC2,state,18,2.4,0.9781134740622931,0.3417332051720952,0.43440661674418884,False,,False
PC2,state,18,2.466666666666667,0.9883668286741999,0.33683276261913336,0.43440661674418884,False,,False
PC2,state,18,2.533333333333333,1.0284492101157623,0.31815018220872254,0.4260939940295391,False,,False
PC2,state,18,2.6,1.0482169109011361,0.3092135865281007,0.4178561980109469,False,,False
PC2,state,18,2.6666666666666665,1.0726503602493087,0.29841949268793183,0.40693567184717977,False,,False
PC2,state,18,2.7333333333333334,1.099531749868231,0.2868638172553669,0.3947667209936242,False,,False
PC2,state,18,2.8,1.1223945739470835,0.2772975678714509,0.38513551093257065,False,,False
PC2,state,18,2.8666666666666667,1.140434798934658,0.2699179363283921,0.37838963036690487,False,,False
PC2,state,18,2.933333333333333,1.1664918540799183,0.2595195946512609,0.36724470941216164,False,,False
PC2,state,18,3.0,1.190807986660723,0.25009140429339216,0.35727343470484596,False,,False
PC2,state,18,3.066666666666667,1.2191596596549121,0.23943044905791427,0.34533237844891485,False,,False
PC2,state,18,3.1333333333333333,1.2455282430705854,0.22983194637362772,0.3347067180198462,False,,False
PC2,state,18,3.2,1.263651423831866,0.22340968898574756,0.3285436602731582,False,,False
PC2,state,18,3.2666666666666666,1.2776151649954763,0.21855750371971033,0.32459035205897574,False,,False
PC2,state,18,3.3333333333333335,1.2931587580829147,0.21325382358013956,0.31988073537020933,False,,False
PC2,state,18,3.4,1.322069387282792,0.20365908334852442,0.30857436870988547,False,,False
PC2,state,18,3.466666666666667,1.3558833228599556,0.19287518889188468,0.29521712585492554,False,,False
PC2,state,18,3.533333333333333,1.3894698086166979,0.18262137399034784,0.2824041865830121,False,,False
PC2,state,18,3.6,1.4065742575764604,0.1775711822778062,0.2774549723090722,False,,False
PC2,state,18,3.6666666666666665,1.4293424905836152,0.17102522854476593,0.27003983454436725,False,,False
PC2,state,18,3.7333333333333334,1.4629384849442326,0.1617273540233248,0.25807556493083744,False,,False
PC2,state,18,3.8,1.5039060467691454,0.15095643094467653,0.24347811442689765,False,,False
PC2,state,18,3.8666666666666667,1.5606580060977988,0.13702635671021082,0.22341253811447417,False,,False
PC2,state,18,3.933333333333333,1.5834322022382705,0.13174805722139526,0.2223935043079238,False,,False
PC2,state,18,4.0,1.5706880686312163,0.13468018707659923,0.2223935043079238,False,,False
PC2,state,18,4.066666666666666,1.569661609576576,0.1349187259468071,0.2223935043079238,False,,False
PC2,state,18,4.133333333333334,1.5779402151831896,0.13300496378973461,0.2223935043079238,False,,False
PC2,state,18,4.2,1.603896728265054,0.12715252427862384,0.21922849013555834,False,,False
PC2,state,18,4.266666666666667,1.6316765155921604,0.12113236797990633,0.21127738601146454,False,,False
PC2,state,18,4.333333333333333,1.6587129427707765,0.11550831504515216,0.20383820302085676,False,,False
PC2,state,18,4.4,1.693715710667136,0.10856068430725418,0.19385836483438249,False,,False
PC2,state,18,4.466666666666667,1.7176237253202573,0.10402489252960184,0.1879967937281961,False,,False
PC2,state,18,4.533333333333333,1.7774448067144546,0.09338871585471303,0.174197377999477,False,,False
PC2,state,18,4.6,1.785735783488249,0.09199213888782824,0.174197377999477,False,,False
PC2,state,18,4.666666666666667,1.7666900061698956,0.09522789997304743,0.174197377999477,False,,False
PC2,state,18,4.733333333333333,1.772318550742721,0.09426145270844569,0.174197377999477,False,,False
PC2,state,18,4.8,1.779323135361878,0.09307070596377368,0.174197377999477,False,,False
PC2,state,18,4.866666666666666,1.7840466484668631,0.09227517445455773,0.174197377999477,False,,False
PC2,state,18,4.933333333333334,1.8012800674259897,0.08942298674202846,0.174197377999477,False,,False
PC2,state,18,5.0,1.8435993702580258,0.08274508279833134,0.16549016559666269,False,,False
PC2,state,18,5.066666666666666,1.8640175668609018,0.07968346127057882,0.16479091204091328,False,,False
PC2,state,18,5.133333333333334,1.8584154797560506,0.08051332999248483,0.16479091204091328,False,,False
PC2,state,18,5.2,1.8590789767734024,0.08041464475283511,0.16479091204091328,False,,False
PC2,state,18,5.266666666666667,1.8641776854614462,0.07965985373435637,0.16479091204091328,False,,False
PC2,state,18,5.333333333333333,1.8546787856647924,0.08107111075275013,0.16479091204091328,False,,False
PC2,state,18,5.4,1.8531729703485054,0.0812968499401839,0.16479091204091328,False,,False
PC2,state,18,5.466666666666667,1.8599380893257749,0.08028702366955756,0.16479091204091328,False,,False
PC2,state,18,5.533333333333333,1.8557754900835288,0.08090705109095767,0.16479091204091328,False,,False
PC2,state,18,5.6,1.8609313995823278,0.08013969099916571,0.16479091204091328,False,,False
PC2,state,18,5.666666666666667,1.8657504253971007,0.07942830141046402,0.16479091204091328,False,,False
PC2,state,18,5.733333333333333,1.8704628246336852,0.07873806712899699,0.16479091204091328,False,,False
PC2,state,18,5.8,1.8868104988993095,0.07638463863754609,0.16479091204091328,False,,False
PC2,state,18,5.866666666666666,1.9051104254197888,0.07382447876987579,0.16479091204091328,False,,False
PC2,state,18,5.933333333333334,1.9104042229238714,0.07309826240082679,0.16479091204091328,False,,False
PC2,state,18,6.0,1.9379711331082659,0.06941857069175171,0.16479091204091328,False,,False
PC2,state,18,6.066666666666666,1.9259817757557358,0.07099810049430184,0.16479091204091328,False,,False
PC2,state,18,6.133333333333334,1.9020492060941014,0.07424735065440713,0.16479091204091328,False,,False
PC2,state,18,6.2,1.8867984820902386,0.07638634539802454,0.16479091204091328,False,,False
PC2,state,18,6.266666666666667,1.877707556284481,0.07768728572866819,0.16479091204091328,False,,False
PC2,state,18,6.333333333333333,1.9302345624925645,0.07043418182130182,0.16479091204091328,False,,False
PC2,state,18,6.4,1.947906435831149,0.06813354699872375,0.16479091204091328,False,,False
PC2,state,18,6.466666666666667,1.9475712918559227,0.06817654470591437,0.16479091204091328,False,,False
PC2,state,18,6.533333333333333,1.9589525747900376,0.0667298975216514,0.16479091204091328,False,,False
PC2,state,18,6.6,1.9625337251554758,0.06628043392174325,0.16479091204091328,False,,False
PC2,state,18,6.666666666666667,1.978625991656336,0.06429408783931323,0.16479091204091328,False,,False
PC2,state,18,6.733333333333333,2.0055173554772963,0.06109399026960079,0.16479091204091328,False,,False
PC2,state,18,6.8,2.0125619412509845,0.060279770074752874,0.16479091204091328,False,,False
PC2,state,18,6.866666666666666,2.017705950657919,0.059691423790707396,0.16479091204091328,False,,False
PC2,state,18,6.933333333333334,2.0226017960901848,0.059136285469727386,0.16479091204091328,False,,False
PC2,state,18,7.0,2.082868878794673,0.05267541069475634,0.16479091204091328,False,,False
PC2,state,18,7.066666666666666,2.078746055526471,0.05309605903883148,0.16479091204091328,False,,False
PC2,state,18,7.133333333333334,2.063571437268022,0.054670767558884684,0.16479091204091328,False,,False
PC2,state,18,7.2,2.073347607337288,0.053651479667574394,0.16479091204091328,False,,False
PC2,state,18,7.266666666666667,2.0737368620932606,0.05361125500663381,0.16479091204091328,False,,False
PC2,state,18,7.333333333333333,2.071863249599242,0.05380512167651414,0.16479091204091328,False,,False
PC2,state,18,7.4,2.075888137847787,0.053389441557196514,0.16479091204091328,False,,False
PC2,state,18,7.466666666666667,2.0886971998654693,0.05208592724291753,0.16479091204091328,False,,False
PC2,state,18,7.533333333333333,2.110020764468845,0.04998011246242612,0.16479091204091328,False,0.14730072021484375,False
PC2,state,18,7.6,2.0870602909041267,0.05225087646007681,0.16479091204091328,False,,False
PC2,state,18,7.666666666666667,2.049790907083697,0.05613744135011026,0.16479091204091328,False,,False
PC2,state,18,7.733333333333333,2.044806242892489,0.056676693306403896,0.16479091204091328,False,,False
PC2,state,18,7.8,2.0684061099918414,0.05416451325021104,0.16479091204091328,False,,False
PC2,state,18,7.866666666666666,2.102289711673766,0.05073444904661989,0.16479091204091328,False,,False
PC2,state,18,7.933333333333334,2.1326684721975804,0.047828909016297785,0.16479091204091328,False,0.0797119140625,False
PC2,state,18,8.0,2.1436258230320284,0.046818832483157095,0.16479091204091328,False,0.0797119140625,False
PC2,state,18,8.066666666666666,2.1429190251840273,0.0468833925678402,0.16479091204091328,False,0.0797119140625,False
PC2,state,18,8.133333333333333,2.1487964020890566,0.04634901594042468,0.16479091204091328,False,0.0797119140625,False
PC2,state,18,8.2,2.148625738846638,0.04636445375765251,0.16479091204091328,False,0.0797119140625,False
PC2,state,18,8.266666666666667,2.1542553698401137,0.04585768979720567,0.16479091204091328,False,0.0797119140625,False
PC2,state,18,8.333333333333334,2.163847475343211,0.045005927203660596,0.16479091204091328,False,0.0797119140625,False
PC2,state,18,8.4,2.175940750200687,0.04395277542960965,0.16479091204091328,False,0.0797119140625,False
PC2,state,18,8.466666666666667,2.192498167711336,0.04254759630047924,0.16479091204091328,False,0.0797119140625,False
PC2,state,18,8.533333333333333,2.19769085242541,0.042115503108763705,0.16479091204091328,False,0.0797119140625,False
PC2,state,18,8.6,2.2121335148154873,0.04093488056664784,0.16479091204091328,False,0.0797119140625,False
PC2,state,18,8.666666666666666,2.246824164691533,0.038222818100129785,0.16479091204091328,False,0.0797119140625,False
PC2,state,18,8.733333333333333,2.2886311600930473,0.03517573390978933,0.16479091204091328,False,0.0797119140625,False
PC2,state,18,8.8,2.3229795567989746,0.03284285531498282,0.16479091204091328,False,0.0797119140625,False
PC2,state,18,8.866666666666667,2.368099639981182,0.02999728782170783,0.16479091204091328,False,0.0797119140625,False
PC2,state,18,8.933333333333334,2.395758810475282,0.02836874777652814,0.16479091204091328,False,0.0797119140625,False
PC2,state,18,9.0,2.37860323716607,0.02936879886665392,0.16479091204091328,False,0.0797119140625,False
PC2,state,18,9.066666666666666,2.401747101017195,0.02802725635636254,0.16479091204091328,False,0.0797119140625,False
PC2,state,18,9.133333333333333,2.452680994331611,0.025274856349980977,0.16479091204091328,False,0.0797119140625,False
PC2,state,18,9.2,2.4916457479021923,0.023343366995786652,0.16479091204091328,False,0.0797119140625,False
PC2,state,18,9.266666666666667,2.5189465654951393,0.02207408468945205,0.16479091204091328,False,0.0797119140625,False
PC2,state,18,9.333333333333334,2.5455766926042993,0.020899160468643346,0.16479091204091328,False,0.0797119140625,False
PC2,state,18,9.4,2.5641800924409943,0.020113842690628565,0.16479091204091328,False,0.0797119140625,False
PC2,state,18,9.466666666666667,2.5830222178572826,0.019347074020167516,0.16479091204091328,False,0.0797119140625,False
PC2,state,18,9.533333333333333,2.5903319161074836,0.019057161844316356,0.16479091204091328,False,0.0797119140625,False
PC2,state,18,9.6,2.579904071044869,0.019472016189345905,0.16479091204091328,False,0.0797119140625,False
PC2,state,18,9.666666666666666,2.590304850786434,0.019058227625037102,0.16479091204091328,False,0.0797119140625,False
PC2,state,18,9.733333333333333,2.6038617312851393,0.018531428053122606,0.16479091204091328,False,0.0797119140625,False
PC2,state,18,9.8,2.6244567618968166,0.01775760275562716,0.16479091204091328,False,0.0797119140625,False
PC2,state,18,9.866666666666667,2.6574726293591304,0.01658104388213146,0.16479091204091328,False,0.0797119140625,False
PC2,state,18,9.933333333333334,2.6730631696564204,0.01605171110735721,0.16479091204091328,False,0.0797119140625,False
PC2,dose,18,0.0,0.5353323344571326,0.5993539468842384,0.7586758821319473,False,,False
PC2,dose,18,0.06666666666666667,0.4253790192746824,0.6758964458312455,0.804638625989578,False,,False
PC2,dose,18,0.13333333333333333,0.3487233562195341,0.7315785942910213,0.8376854133103298,False,,False
PC2,dose,18,0.2,0.28644415675117785,0.7779995165699377,0.8644439072999308,False,,False
PC2,dose,18,0.26666666666666666,0.22019012630765455,0.8283456053027985,0.8938981352188473,False,,False
PC2,dose,18,0.3333333333333333,0.15703667406583893,0.8770659321034332,0.9104490644672317,False,,False
PC2,dose,18,0.4,0.09298077411236334,0.9270058389138208,0.9427178022852416,False,,False
PC2,dose,18,0.4666666666666667,0.01801488711997263,0.9858367239652307,0.9858367239652307,False,,False
PC2,dose,18,0.5333333333333333,-0.06931297862712607,0.9455492880249509,0.9518952564009573,False,,False
PC2,dose,18,0.6,-0.1420243012847799,0.8887303933770639,0.9165979941239119,False,,False
PC2,dose,18,0.6666666666666666,-0.21562494084109396,0.8318459662927484,0.8944580282717726,False,,False
PC2,dose,18,0.7333333333333333,-0.31306281013377085,0.7580410769110187,0.8534870101430564,False,,False
PC2,dose,18,0.8,-0.3750202574702462,0.7122830304675852,0.8331323169312282,False,,False
PC2,dose,18,0.8666666666666667,-0.42018937662063693,0.6796101829142288,0.8058618769733938,False,,False
PC2,dose,18,0.9333333333333333,-0.4714223143328984,0.6433326246156383,0.7813756574279008,False,,False
PC2,dose,18,1.0,-0.5235760123356932,0.6073320682959625,0.7608023124330716,False,,False
PC2,dose,18,1.0666666666666667,-0.5618359508929709,0.5815602772992976,0.7535819798730322,False,,False
PC2,dose,18,1.1333333333333333,-0.5944221635512252,0.5600583568000231,0.7512146296035799,False,,False
PC2,dose,18,1.2,-0.6277894524267933,0.5384843072533463,0.7512146296035799,False,,False
PC2,dose,18,1.2666666666666666,-0.6733407270749232,0.5097818688767227,0.7496792189363569,False,,False
PC2,dose,18,1.3333333333333333,-0.7141499402598656,0.4848254667190166,0.7387191876935956,False,,False
PC2,dose,18,1.4,-0.7572431681608108,0.45927208125299956,0.7387191876935956,False,,False
PC2,dose,18,1.4666666666666666,-0.7997520793331149,0.4348879308968159,0.7387191876935956,False,,False
PC2,dose,18,1.5333333333333334,-0.8120263265670284,0.428001261346968,0.7387191876935956,False,,False
PC2,dose,18,1.6,-0.8129090308567308,0.427508685264158,0.7387191876935956,False,,False
PC2,dose,18,1.6666666666666667,-0.8154531803319766,0.42609098682657964,0.7387191876935956,False,,False
PC2,dose,18,1.7333333333333334,-0.8147971356603148,0.4264562739071408,0.7387191876935956,False,,False
PC2,dose,18,1.8,-0.8177557077952269,0.4248105102833581,0.7387191876935956,False,,False
PC2,dose,18,1.8666666666666667,-0.8176841986238798,0.4248502408950023,0.7387191876935956,False,,False
PC2,dose,18,1.9333333333333333,-0.8279544203853753,0.4191683530514366,0.7387191876935956,False,,False
PC2,dose,18,2.0,-0.7722824683025642,0.4505509495558876,0.7387191876935956,False,,False
PC2,dose,18,2.066666666666667,-0.7527414004299107,0.46190253982954915,0.7387191876935956,False,,False
PC2,dose,18,2.1333333333333333,-0.7642283386197325,0.4552086861914921,0.7387191876935956,False,,False
PC2,dose,18,2.2,-0.7809220897505523,0.44558746416678646,0.7387191876935956,False,,False
PC2,dose,18,2.2666666666666666,-0.766612429318316,0.45382688451706427,0.7387191876935956,False,,False
PC2,dose,18,2.3333333333333335,-0.741545149609077,0.4684843302553571,0.7387191876935956,False,,False
PC2,dose,18,2.4,-0.7412313294270715,0.46866962394063133,0.7387191876935956,False,,False
PC2,dose,18,2.466666666666667,-0.748530941274403,0.46437106286202456,0.7387191876935956,False,,False
PC2,dose,18,2.533333333333333,-0.7494327668696794,0.463841664575214,0.7387191876935956,False,,False
PC2,dose,18,2.6,-0.7519512500668039,0.46236518242028185,0.7387191876935956,False,,False
PC2,dose,18,2.6666666666666665,-0.7464066215775734,0.46561954928219185,0.7387191876935956,False,,False
PC2,dose,18,2.7333333333333334,-0.7385324842810508,0.47026496905855625,0.7387191876935956,False,,False
PC2,dose,18,2.8,-0.7280134770608756,0.4765141048026151,0.7387191876935956,False,,False
PC2,dose,18,2.8666666666666667,-0.7219261028252848,0.48015304736909126,0.7387191876935956,False,,False
PC2,dose,18,2.933333333333333,-0.7217287951467316,0.4802712707950077,0.7387191876935956,False,,False
PC2,dose,18,3.0,-0.7150486550550823,0.4842840915471155,0.7387191876935956,False,,False
PC2,dose,18,3.066666666666667,-0.7088251887807185,0.4880403576037356,0.7387191876935956,False,,False
PC2,dose,18,3.1333333333333333,-0.7050325547270244,0.4903378385303611,0.7387191876935956,False,,False
PC2,dose,18,3.2,-0.7086861358193765,0.4881244804083267,0.7387191876935956,False,,False
PC2,dose,18,3.2666666666666666,-0.7162038136397615,0.48358876275208784,0.7387191876935956,False,,False
PC2,dose,18,3.3333333333333335,-0.7210088314437847,0.48070280757209094,0.7387191876935956,False,,False
PC2,dose,18,3.4,-0.7370386838422237,0.4711493906952483,0.7387191876935956,False,,False
PC2,dose,18,3.466666666666667,-0.7665760855540573,0.45384792972356885,0.7387191876935956,False,,False
PC2,dose,18,3.533333333333333,-0.7811229918816225,0.4454724507463293,0.7387191876935956,False,,False
PC2,dose,18,3.6,-0.7903681487190513,0.44019971898040144,0.7387191876935956,False,,False
PC2,dose,18,3.6666666666666665,-0.7984076623117704,0.435646456317804,0.7387191876935956,False,,False
PC2,dose,18,3.7333333333333334,-0.8067470792624764,0.4309547551462245,0.7387191876935956,False,,False
PC2,dose,18,3.8,-0.8143378032577926,0.42671214963710297,0.7387191876935956,False,,False
PC2,dose,18,3.8666666666666667,-0.8194729374428346,0.42385712568436196,0.7387191876935956,False,,False
PC2,dose,18,3.933333333333333,-0.8222092426010439,0.42234078491562294,0.7387191876935956,False,,False
PC2,dose,18,4.0,-0.8225313631254157,0.4221625080342486,0.7387191876935956,False,,False
PC2,dose,18,4.066666666666666,-0.8269907662861422,0.4196994047813728,0.7387191876935956,False,,False
PC2,dose,18,4.133333333333334,-0.8277790855774735,0.41926494470379616,0.7387191876935956,False,,False
PC2,dose,18,4.2,-0.8369718411991769,0.4142199258179409,0.7387191876935956,False,,False
PC2,dose,18,4.266666666666667,-0.8477311330034486,0.4083651329092666,0.7387191876935956,False,,False
PC2,dose,18,4.333333333333333,-0.8506699493038334,0.4067753255768151,0.7387191876935956,False,,False
PC2,dose,18,4.4,-0.8504732356610175,0.40688161561922026,0.7387191876935956,False,,False
PC2,dose,18,4.466666666666667,-0.8547148886467896,0.40459373376653984,0.7387191876935956,False,,False
PC2,dose,18,4.533333333333333,-0.8539821863861196,0.4049883416659247,0.7387191876935956,False,,False
PC2,dose,18,4.6,-0.850705195480027,0.4067562829615317,0.7387191876935956,False,,False
PC2,dose,18,4.666666666666667,-0.8490636706974353,0.4076437724842341,0.7387191876935956,False,,False
PC2,dose,18,4.733333333333333,-0.8535090241309498,0.4052433036223819,0.7387191876935956,False,,False
PC2,dose,18,4.8,-0.8545061901252422,0.40470610597333934,0.7387191876935956,False,,False
PC2,dose,18,4.866666666666666,-0.8494337899972387,0.40744355787484876,0.7387191876935956,False,,False
PC2,dose,18,4.933333333333334,-0.8440759857948643,0.4103480738450792,0.7387191876935956,False,,False
PC2,dose,18,5.0,-0.8136168785159884,0.427113944714544,0.7387191876935956,False,,False
PC2,dose,18,5.066666666666666,-0.8006801534250731,0.43436479306570525,0.7387191876935956,False,,False
PC2,dose,18,5.133333333333334,-0.8029907601743044,0.43306407038669203,0.7387191876935956,False,,False
PC2,dose,18,5.2,-0.8022685505755284,0.43347036368865044,0.7387191876935956,False,,False
PC2,dose,18,5.266666666666667,-0.8034465916169962,0.43280775707837965,0.7387191876935956,False,,False
PC2,dose,18,5.333333333333333,-0.8003435684379255,0.43455447384698875,0.7387191876935956,False,,False
PC2,dose,18,5.4,-0.8018715597002763,0.4336938010871276,0.7387191876935956,False,,False
PC2,dose,18,5.466666666666667,-0.8037665722945103,0.4326278896337228,0.7387191876935956,False,,False
PC2,dose,18,5.533333333333333,-0.8040246046578926,0.4324828789214171,0.7387191876935956,False,,False
PC2,dose,18,5.6,-0.8024715090204443,0.43335616112684233,0.7387191876935956,False,,False
PC2,dose,18,5.666666666666667,-0.8009265624573427,0.4342259635559463,0.7387191876935956,False,,False
PC2,dose,18,5.733333333333333,-0.799925684028421,0.4347900430685643,0.7387191876935956,False,,False
PC2,dose,18,5.8,-0.7992469031609921,0.43517285576739767,0.7387191876935956,False,,False
PC2,dose,18,5.866666666666666,-0.7961584947277703,0.43691730429816317,0.7387191876935956,False,,False
PC2,dose,18,5.933333333333334,-0.7911247432519372,0.43976994875747183,0.7387191876935956,False,,False
PC2,dose,18,6.0,-0.7858407592680678,0.4427769065288886,0.7387191876935956,False,,False
PC2,dose,18,6.066666666666666,-0.7782306234948884,0.44713006599645755,0.7387191876935956,False,,False
PC2,dose,18,6.133333333333334,-0.7738959560681502,0.44962141153708507,0.7387191876935956,False,,False
PC2,dose,18,6.2,-0.7699613561847994,0.4518902326924591,0.7387191876935956,False,,False
PC2,dose,18,6.266666666666667,-0.7686790775860514,0.4526311594924093,0.7387191876935956,False,,False
PC2,dose,18,6.333333333333333,-0.7744056893150348,0.449327998342913,0.7387191876935956,False,,False
PC2,dose,18,6.4,-0.7711215920885319,0.45122046930918647,0.7387191876935956,False,,False
PC2,dose,18,6.466666666666667,-0.7656526294080125,0.45438286720125143,0.7387191876935956,False,,False
PC2,dose,18,6.533333333333333,-0.7618413183751649,0.4565947701517965,0.7387191876935956,False,,False
PC2,dose,18,6.6,-0.7575258159091647,0.45910723112824675,0.7387191876935956,False,,False
PC2,dose,18,6.666666666666667,-0.7530214310042478,0.46173864618697047,0.7387191876935956,False,,False
PC2,dose,18,6.733333333333333,-0.7462158806605378,0.46573174925898747,0.7387191876935956,False,,False
PC2,dose,18,6.8,-0.740323946646422,0.4692056326502347,0.7387191876935956,False,,False
PC2,dose,18,6.866666666666666,-0.7390056829149793,0.4699850150074738,0.7387191876935956,False,,False
PC2,dose,18,6.933333333333334,-0.7389641106962846,0.47000960596470565,0.7387191876935956,False,,False
PC2,dose,18,7.0,-0.7041686622859085,0.4908620479995314,0.7387191876935956,False,,False
PC2,dose,18,7.066666666666666,-0.7001670990657178,0.4932944723803837,0.7387191876935956,False,,False
PC2,dose,18,7.133333333333334,-0.6954405679140613,0.49617662843508314,0.7387191876935956,False,,False
PC2,dose,18,7.2,-0.6994468329478805,0.49373304591526,0.7387191876935956,False,,False
PC2,dose,18,7.266666666666667,-0.7022099311944555,0.49205182030626593,0.7387191876935956,False,,False
PC2,dose,18,7.333333333333333,-0.704624380011937,0.4905854778186576,0.7387191876935956,False,,False
PC2,dose,18,7.4,-0.7053447090738887,0.4901485041900028,0.7387191876935956,False,,False
PC2,dose,18,7.466666666666667,-0.7012738560772328,0.49262100618812876,0.7387191876935956,False,,False
PC2,dose,18,7.533333333333333,-0.6934322040075306,0.497404253047021,0.7387191876935956,False,,False
PC2,dose,18,7.6,-0.6610355756641181,0.5174486449298301,0.7512146296035799,False,,False
PC2,dose,18,7.666666666666667,-0.6191698214166971,0.5440136711581609,0.7512146296035799,False,,False
PC2,dose,18,7.733333333333333,-0.6002657963397402,0.5562472731611529,0.7512146296035799,False,,False
PC2,dose,18,7.8,-0.5965809723728586,0.5586488245550756,0.7512146296035799,False,,False
PC2,dose,18,7.866666666666666,-0.5926107169671433,0.5612425376103899,0.7512146296035799,False,,False
PC2,dose,18,7.933333333333334,-0.5931112968366201,0.5609151659657037,0.7512146296035799,False,,False
PC2,dose,18,8.0,-0.5878996828663536,0.564328411847965,0.7512146296035799,False,,False
PC2,dose,18,8.066666666666666,-0.5774724552580914,0.5711900943971853,0.7512146296035799,False,,False
PC2,dose,18,8.133333333333333,-0.5720278084590448,0.574790102455502,0.7512146296035799,False,,False
PC2,dose,18,8.2,-0.5758127108823097,0.572286279443697,0.7512146296035799,False,,False
PC2,dose,18,8.266666666666667,-0.5809492824351451,0.5688973466152495,0.7512146296035799,False,,False
PC2,dose,18,8.333333333333334,-0.5872576714283185,0.564749637991269,0.7512146296035799,False,,False
PC2,dose,18,8.4,-0.5891490514932867,0.5635091692820035,0.7512146296035799,False,,False
PC2,dose,18,8.466666666666667,-0.5908166384118272,0.5624166651316028,0.7512146296035799,False,,False
PC2,dose,18,8.533333333333333,-0.6105230718362741,0.5495912171583829,0.7512146296035799,False,,False
PC2,dose,18,8.6,-0.6133736761811049,0.5477490557821324,0.7512146296035799,False,,False
PC2,dose,18,8.666666666666666,-0.6002162652444163,0.5562795181809435,0.7512146296035799,False,,False
PC2,dose,18,8.733333333333333,-0.5893718082195964,0.5633631677482365,0.7512146296035799,False,,False
PC2,dose,18,8.8,-0.5806081792765703,0.5691220703860299,0.7512146296035799,False,,False
PC2,dose,18,8.866666666666667,-0.570305667998653,0.5759312160294112,0.7512146296035799,False,,False
PC2,dose,18,8.933333333333334,-0.559332061142447,0.5832297461110915,0.7535819798730322,False,,False
PC2,dose,18,9.0,-0.5483354299644014,0.5905904602663935,0.7571672567517865,False,,False
PC2,dose,18,9.066666666666666,-0.5378115584163459,0.5976781139996158,0.7586758821319473,False,,False
PC2,dose,18,9.133333333333333,-0.5216531858984611,0.6086418499464573,0.7608023124330716,False,,False
PC2,dose,18,9.2,-0.5014197133478367,0.622506764477022,0.7690857784519842,False,,False
PC2,dose,18,9.266666666666667,-0.48732651087533896,0.6322515091853504,0.7773584129328079,False,,False
PC2,dose,18,9.333333333333334,-0.47230733786532175,0.6427136812571905,0.7813756574279008,False,,False
PC2,dose,18,9.4,-0.4551603964491554,0.654753097728107,0.7888591538892855,False,,False
PC2,dose,18,9.466666666666667,-0.44558390700327216,0.6615201902466722,0.7938242282960066,False,,False
PC2,dose,18,9.533333333333333,-0.4161201663987311,0.682528079283565,0.806135526712872,False,,False
PC2,dose,18,9.6,-0.3692590115094731,0.7164937925608563,0.8331323169312282,False,,False
PC2,dose,18,9.666666666666666,-0.35636234547311674,0.7259536279217362,0.8376854133103298,False,,False
PC2,dose,18,9.733333333333333,-0.34908812302339215,0.7313096374124607,0.8376854133103298,False,,False
PC2,dose,18,9.8,-0.3312896165741403,0.7444745261618982,0.8459937797294298,False,,False
PC2,dose,18,9.866666666666667,-0.31097089198579286,0.7596034390273202,0.8534870101430564,False,,False
PC2,dose,18,9.933333333333334,-0.2957129776910919,0.7710308766437094,0.8625594727615071,False,,False
PC2,dose,18,10.0,-0.28152138943319177,0.7817086081106637,0.8653600827793325,False,,False
PC2,dose,18,10.066666666666666,-0.2630316669478887,0.7956875239459482,0.8743818944460969,False,,False
PC2,dose,18,10.133333333333333,-0.2457160973129561,0.8088439982690574,0.8823752708389716,False,,False
PC2,dose,18,10.2,-0.22611593009803013,0.8238075373082311,0.8922103292146908,False,,False
PC2,dose,18,10.266666666666667,-0.20756731401751885,0.8380329979083505,0.8946971507918333,False,,False
PC2,dose,18,10.333333333333334,-0.1867664038650428,0.8540545130157197,0.9044037106208024,False,,False
PC2,dose,18,10.4,-0.17604136425378566,0.8623414696728096,0.9045539891672827,False,,False
PC2,dose,18,10.466666666666667,-0.18055258472763364,0.8588536950234205,0.9044037106208024,False,,False
PC2,dose,18,10.533333333333333,-0.15737978244930145,0.8767996695185228,0.9104490644672317,False,,False
PC2,dose,18,10.6,-0.07689156551927741,0.9396075199248723,0.9490985049746185,False,,False
PC2,dose,18,10.666666666666666,0.028190938127621096,0.977838167380342,0.9811085291441559,False,,False
PC2,dose,18,10.733333333333333,0.08680143152226055,0.9318435639873308,0.9444360445817542,False,,False
PC2,dose,18,10.8,0.10268246653322567,0.919416519896129,0.9381801223429888,False,,False
PC2,dose,18,10.866666666666667,0.1129880068048589,0.9113636051480603,0.9331367970799253,False,,False
PC2,dose,18,10.933333333333334,0.1310986176680825,0.8972362485715442,0.9218180636009015,False,,False
PC2,dose,18,11.0,0.1415491127285221,0.8891000543001946,0.9165979941239119,False,,False
PC2,dose,18,11.066666666666666,0.15947357558049594,0.8751751527037094,0.9104490644672317,False,,False
PC2,dose,18,11.133333333333333,0.18012580519266694,0.8591835250897623,0.9044037106208024,False,,False
PC2,dose,18,11.2,0.1951063490107621,0.8476225165716496,0.9017260814592016,False,,False
PC2,dose,18,11.266666666666667,0.21117500692864513,0.8352614621852159,0.8946971507918333,False,,False
PC2,dose,18,11.333333333333334,0.2312743985931032,0.8198623227782496,0.8911546986720105,False,,False
PC2,dose,18,11.4,0.2507084251500358,0.8050445542168174,0.8814356433030848,False,,False
PC2,dose,18,11.466666666666667,0.2703304811056695,0.7901605062945277,0.871500558413082,False,,False
PC2,dose,18,11.533333333333333,0.29252120750209815,0.7734283272428181,0.8625594727615071,False,,False
PC2,dose,18,11.6,0.31650098769608903,0.7554755947693399,0.8534870101430564,False,,False
PC2,dose,18,11.666666666666666,0.33670486586947174,0.7404602226784462,0.8446314327130565,False,,False
PC2,dose,18,11.733333333333333,0.3532614407470052,0.7282350567015289,0.8376854133103298,False,,False
PC2,dose,18,11.8,0.3707549887491841,0.7153995068078632,0.8331323169312282,False,,False
PC2,dose,18,11.866666666666667,0.3999679597298749,0.694161016931102,0.8166600199189435,False,,False
PC2,dose,18,11.933333333333334,0.4321647536870667,0.6710534921548433,0.8020559667189363,False,,False
PC2,dose,18,12.0,0.46053158049303655,0.6509710695428483,0.787465003479252,False,,False
PC2,dose,18,12.066666666666666,0.4834995847578983,0.6349098073990656,0.7774405804886517,False,,False
PC2,dose,18,12.133333333333333,0.5007626942581632,0.6229594805461073,0.7690857784519842,False,,False
PC2,dose,18,12.2,0.5113077939887561,0.615712299155497,0.7664468454217804,False,,False
PC2,dose,18,12.266666666666667,0.5226920361980729,0.6079340405620479,0.7608023124330716,False,,False
PC2,dose,18,12.333333333333334,0.5404954889862114,0.5958665303562726,0.7586758821319473,False,,False
PC2,dose,18,12.4,0.556259044767713,0.585282004368055,0.7535819798730322,False,,False
PC2,dose,18,12.466666666666667,0.5758059097562165,0.5722907735163683,0.7512146296035799,False,,False
PC2,dose,18,12.533333333333333,0.5945523066419887,0.5599733303861408,0.7512146296035799,False,,False
PC2,dose,18,12.6,0.618620042868909,0.5443673878846791,0.7512146296035799,False,,False
PC2,dose,18,12.666666666666666,0.6542529720734679,0.5217022500963792,0.7512146296035799,False,,False
PC2,dose,18,12.733333333333333,0.6869096855884772,0.5014033214632201,0.740990130241212,False,,False
PC2,dose,18,12.8,0.6970231720223025,0.49521049466482575,0.7387191876935956,False,,False
PC2,dose,18,12.866666666666667,0.6987918989441401,0.49413203585919135,0.7387191876935956,False,,False
PC2,dose,18,12.933333333333334,0.7093165273513166,0.4877431810392314,0.7387191876935956,False,,False
PC2,dose,18,13.0,0.7311756132772037,0.4746303430662962,0.7387191876935956,False,,False
PC2,dose,18,13.066666666666666,0.7560577500194039,0.4599638524898935,0.7387191876935956,False,,False
PC2,dose,18,13.133333333333333,0.7737237287194099,0.44972057599053106,0.7387191876935956,False,,False
PC2,dose,18,13.2,0.7923323885195465,0.4390845112647831,0.7387191876935956,False,,False
PC2,dose,18,13.266666666666667,0.8108980340812602,0.42863140735422556,0.7387191876935956,False,,False
PC2,dose,18,13.333333333333334,0.8312103235754511,0.417377275092018,0.7387191876935956,False,,False
PC2,dose,18,13.4,0.8497508414079772,0.4072721009688768,0.7387191876935956,False,,False
PC2,dose,18,13.466666666666667,0.8634755043647726,0.3998950084303622,0.7387191876935956,False,,False
PC2,dose,18,13.533333333333333,0.8710323248507772,0.39587078393549,0.7387191876935956,False,,False
PC2,dose,18,13.6,0.870495253014104,0.3961559072434808,0.7387191876935956,False,,False
PC2,dose,18,13.666666666666666,0.8787628766316344,0.39178173142367445,0.7387191876935956,False,,False
PC2,dose,18,13.733333333333333,0.9065689735713816,0.377305780813482,0.7387191876935956,False,,False
PC2,dose,18,13.8,0.9359395383576774,0.3624105411562764,0.7387191876935956,False,,False
PC2,dose,18,13.866666666666667,0.9547871079608041,0.3530661988289475,0.7387191876935956,False,,False
PC2,dose,18,13.933333333333334,0.9645055199069423,0.3483133965074647,0.7387191876935956,False,,False
PC2,dose,18,14.0,0.9666887375099786,0.3472518147601183,0.7387191876935956,False,,False
PC2,dose,18,14.066666666666666,0.9710293866787235,0.3451478620326736,0.7387191876935956,False,,False
PC2,dose,18,14.133333333333333,0.9705644542735915,0.34537279451754394,0.7387191876935956,False,,False
PC2,dose,18,14.2,0.9703175308565856,0.3454922965143659,0.7387191876935956,False,,False
PC2,dose,18,14.266666666666667,0.9837455469502412,0.3390353107146357,0.7387191876935956,False,,False
PC2,dose,18,14.333333333333334,0.9526268959039573,0.3541287017279182,0.7387191876935956,False,,False
PC2,dose,18,14.4,0.9160355683172405,0.37246042703947274,0.7387191876935956,False,,False
PC2,dose,18,14.466666666666667,0.9006703764025169,0.3803462334158525,0.7387191876935956,False,,False
PC2,dose,18,14.533333333333333,0.8766203897989883,0.3929121864286559,0.7387191876935956,False,,False
PC2,dose,18,14.6,0.8637509779805894,0.3997478412481705,0.7387191876935956,False,,False
PC2,dose,18,14.666666666666666,0.8583385263278368,0.40264585683756504,0.7387191876935956,False,,False
PC2,dose,18,14.733333333333333,0.8507530619702021,0.4067304228390929,0.7387191876935956,False,,False
PC2,dose,18,14.8,0.8298687844569355,0.4181146617261923,0.7387191876935956,False,,False
PC2,dose,18,14.866666666666667,0.8106661428055079,0.4287609903818936,0.7387191876935956,False,,False
PC2,dose,18,14.933333333333334,0.801469279359119,0.43392028957879614,0.7387191876935956,False,,False
PC2,dose,18,15.0,0.7937928397164014,0.438256479996979,0.7387191876935956,False,,False
PC2,dose,18,15.066666666666666,0.7878253123348266,0.44164605609857804,0.7387191876935956,False,,False
PC2,dose,18,15.133333333333333,0.7841291191911379,0.44375369241931417,0.7387191876935956,False,,False
PC2,dose,18,15.2,0.8059310927422749,0.43141240936271924,0.7387191876935956,False,,False
PC2,dose,18,15.266666666666667,0.81877271091692,0.4242457179154171,0.7387191876935956,False,,False
PC2,dose,18,15.333333333333334,0.8156315146572052,0.4259917243020361,0.7387191876935956,False,,False
PC2,dose,18,15.4,0.8137952360885827,0.4270145178019487,0.7387191876935956,False,,False
PC2,dose,18,15.466666666666667,0.8191797852114534,0.42401978352330005,0.7387191876935956,False,,False
PC2,dose,18,15.533333333333333,0.8254528868253348,0.42054779396707165,0.7387191876935956,False,,False
PC2,dose,18,15.6,0.8292752826349253,0.4184411509828959,0.7387191876935956,False,,False
PC2,dose,18,15.666666666666666,0.8296079155111661,0.41825814730062344,0.7387191876935956,False,,False
PC2,dose,18,15.733333333333333,0.826652549720828,0.4198858917723757,0.7387191876935956,False,,False
PC2,dose,18,15.8,0.8260143111529292,0.42023795049799173,0.7387191876935956,False,,False
PC2,dose,18,15.866666666666667,0.8221849074707113,0.4223542550926478,0.7387191876935956,False,,False
PC2,dose,18,15.933333333333334,0.8218252529380397,0.42255336596261533,0.7387191876935956,False,,False
PC2,dose,18,16.0,0.8168617960881351,0.4253073391959133,0.7387191876935956,False,,False
PC2,dose,18,16.066666666666666,0.8116703157027345,0.4282000282202563,0.7387191876935956,False,,False
PC2,dose,18,16.133333333333333,0.8065413293018173,0.4310701231190923,0.7387191876935956,False,,False
PC2,dose,18,16.2,0.799848185794228,0.43483373910050704,0.7387191876935956,False,,False
PC2,dose,18,16.266666666666666,0.7853785756589627,0.44304052982516406,0.7387191876935956,False,,False
PC2,dose,18,16.333333333333332,0.7793991359713754,0.4464599318868499,0.7387191876935956,False,,False
PC2,dose,18,16.4,0.775575821623438,0.4486548935641793,0.7387191876935956,False,,False
PC2,dose,18,16.466666666666665,0.777561318539122,0.44751418871525317,0.7387191876935956,False,,False
PC2,dose,18,16.533333333333335,0.7862514229484432,0.4425427515670017,0.7387191876935956,False,,False
PC2,dose,18,16.6,0.79579508746723,0.4371228586688049,0.7387191876935956,False,,False
PC2,dose,18,16.666666666666668,0.7973432926730025,0.4362475675652394,0.7387191876935956,False,,False
PC2,dose,18,16.733333333333334,0.792632136431026,0.43891448348317086,0.7387191876935956,False,,False
PC2,dose,18,16.8,0.7937901451933259,0.4382580068075941,0.7387191876935956,False,,False
PC2,dose,18,16.866666666666667,0.7934078956203962,0.4384746365128566,0.7387191876935956,False,,False
PC2,dose,18,16.933333333333334,0.7921033569450269,0.4392144539935383,0.7387191876935956,False,,False
PC2,dose,18,17.0,0.7902996881712907,0.44023861974534373,0.7387191876935956,False,,False
PC2,dose,18,17.066666666666666,0.785815333767744,0.4427914063491446,0.7387191876935956,False,,False
PC2,dose,18,17.133333333333333,0.7873275307252168,0.44192953561672726,0.7387191876935956,False,,False
PC2,dose,18,17.2,0.7910671353676413,0.4398026626673417,0.7387191876935956,False,,False
PC2,dose,18,17.266666666666666,0.7935673287452063,0.43838427390420437,0.7387191876935956,False,,False
PC2,dose,18,17.333333333333332,0.7930726510049071,0.43866468264072184,0.7387191876935956,False,,False
PC2,dose,18,17.4,0.7952406669876886,0.43743657293823646,0.7387191876935956,False,,False
PC2,dose,18,17.466666666666665,0.7992548714268277,0.43516836066705866,0.7387191876935956,False,,False
PC2,dose,18,17.533333333333335,0.7978215824355236,0.4359773851479701,0.7387191876935956,False,,False
PC2,dose,18,17.6,0.8063014358292009,0.43120466067254004,0.7387191876935956,False,,False
PC2,dose,18,17.666666666666668,0.8172552465488391,0.4250886170422147,0.7387191876935956,False,,False
PC2,dose,18,17.733333333333334,0.8123785136647765,0.42780468696819035,0.7387191876935956,False,,False
PC2,dose,18,17.8,0.8019438578077895,0.433653104315399,0.7387191876935956,False,,False
PC2,dose,18,17.866666666666667,0.8052721942747708,0.4317821832448225,0.7387191876935956,False,,False
PC2,dose,18,17.933333333333334,0.8179898670303147,0.4246804275969289,0.7387191876935956,False,,False
PC2,dose,18,18.0,0.8304627692147503,0.4177880705975114,0.7387191876935956,False,,False
PC2,dose,18,18.066666666666666,0.8421394452222176,0.41140118341275533,0.7387191876935956,False,,False
PC2,dose,18,18.133333333333333,0.8648256725636575,0.3991740431499109,0.7387191876935956,False,,False
PC2,dose,18,18.2,0.8917831303674821,0.38495810119666685,0.7387191876935956,False,,False
PC2,dose,18,18.266666666666666,0.9058361961400817,0.37768260280470317,0.7387191876935956,False,,False
PC2,dose,18,18.333333333333332,0.9008790216384075,0.3802384071952709,0.7387191876935956,False,,False
PC2,dose,18,18.4,0.8898670377737381,0.38595728675825725,0.7387191876935956,False,,False
PC2,dose,18,18.466666666666665,0.8886493947087043,0.38659314805782774,0.7387191876935956,False,,False
PC2,dose,18,18.533333333333335,0.8888202056962887,0.3865039074199424,0.7387191876935956,False,,False
PC2,dose,18,18.6,0.8910704692157543,0.38532953137260195,0.7387191876935956,False,,False
PC2,dose,18,18.666666666666668,0.8893094469990909,0.3862483779063847,0.7387191876935956,False,,False
PC2,dose,18,18.733333333333334,0.8894676770767043,0.386165758798186,0.7387191876935956,False,,False
PC2,dose,18,18.8,0.8841643307487743,0.38894128547624257,0.7387191876935956,False,,False
PC2,dose,18,18.866666666666667,0.8841830815642384,0.3889314488966868,0.7387191876935956,False,,False
PC2,dose,18,18.933333333333334,0.8795246480329646,0.3913803117081658,0.7387191876935956,False,,False
PC2,dose,18,19.0,0.8807495826916959,0.39073539646586697,0.7387191876935956,False,,False
PC2,dose,18,19.066666666666666,0.8785168553534682,0.39191143188029415,0.7387191876935956,False,,False
PC2,dose,18,19.133333333333333,0.8796166328080467,0.3913318582384134,0.7387191876935956,False,,False
PC2,dose,18,19.2,0.878561252514264,0.3918880239512291,0.7387191876935956,False,,False
PC2,dose,18,19.266666666666666,0.8801830205903158,0.3910335979473414,0.7387191876935956,False,,False
PC2,dose,18,19.333333333333332,0.8821385245609662,0.39000498505656445,0.7387191876935956,False,,False
PC2,dose,18,19.4,0.8840876965979563,0.3889814890663199,0.7387191876935956,False,,False
PC2,dose,18,19.466666666666665,0.8886063816319154,0.3866156225103955,0.7387191876935956,False,,False
PC2,dose,18,19.533333333333335,0.8877358256505693,0.38707067725042055,0.7387191876935956,False,,False
PC2,dose,18,19.6,0.8907118319155728,0.38551653897570126,0.7387191876935956,False,,False
PC2,dose,18,19.666666666666668,0.8984521270351769,0.38149387348722286,0.7387191876935956,False,,False
PC2,dose,18,19.733333333333334,0.9044457989398471,0.3783982925621106,0.7387191876935956,False,,False
PC2,dose,18,19.8,0.9048837566106916,0.37817276111240244,0.7387191876935956,False,,False
PC2,dose,18,19.866666666666667,0.9098091423245669,0.3756425927938341,0.7387191876935956,False,,False
PC2,dose,18,19.933333333333334,0.9170006863997265,0.371968814513892,0.7387191876935956,False,,False
